image_id,relative_path,label,split,group_id,group_source,file_extension,width,height,channels
img_e8b226d2d2ec9f66,Erste Bearbeitungssufe Viertel/_DSC0162_q1.JPG,Erste Bearbeitungssufe Viertel,val,DSC0162,quarter_suffix_removed,.jpg,1824,1824,3
img_1a884a058818448d,Erste Bearbeitungssufe Viertel/_DSC0162_q4.JPG,Erste Bearbeitungssufe Viertel,val,DSC0162,quarter_suffix_removed,.jpg,1824,1824,3
img_503bb8b85a99871e,Erste Bearbeitungssufe Viertel/_DSC0167_q4.JPG,Erste Bearbeitungssufe Viertel,train,DSC0167,quarter_suffix_removed,.jpg,1824,1824,3
img_373a1b2c9c97fa4c,Erste Bearbeitungssufe Viertel/_DSC0168_q3.JPG,Erste Bearbeitungssufe Viertel,train,DSC0168,quarter_suffix_removed,.jpg,1824,1824,3
img_cbfdae5df51e10ae,Erste Bearbeitungssufe Viertel/_DSC0171_q1.JPG,Erste Bearbeitungssufe Viertel,train,DSC0171,quarter_suffix_removed,.jpg,1824,1824,3
img_d137319bbb256f53,Erste Bearbeitungssufe Viertel/_DSC0171_q2.JPG,Erste Bearbeitungssufe Viertel,train,DSC0171,quarter_suffix_removed,.jpg,1824,1824,3
img_6c6822d76c7a9dcf,Erste Bearbeitungssufe Viertel/_DSC0171_q3.JPG,Erste Bearbeitungssufe Viertel,train,DSC0171,quarter_suffix_removed,.jpg,1824,1824,3
img_d63355e237b6af6d,Erste Bearbeitungssufe Viertel/_DSC0172_q1.JPG,Erste Bearbeitungssufe Viertel,train,DSC0172,quarter_suffix_removed,.jpg,1824,1824,3
img_93d76a8b3bf68979,Erste Bearbeitungssufe Viertel/_DSC0173_q1.JPG,Erste Bearbeitungssufe Viertel,train,DSC0173,quarter_suffix_removed,.jpg,1824,1824,3
img_272a32eebe6bba29,Erste Bearbeitungssufe Viertel/_DSC0173_q2.JPG,Erste Bearbeitungssufe Viertel,train,DSC0173,quarter_suffix_removed,.jpg,1824,1824,3
img_8a921fc100ffbda6,Erste Bearbeitungssufe Viertel/_DSC0173_q3.JPG,Erste Bearbeitungssufe Viertel,train,DSC0173,quarter_suffix_removed,.jpg,1824,1824,3
img_104f41e5cbaf8145,Erste Bearbeitungssufe Viertel/_DSC0174_q1.JPG,Erste Bearbeitungssufe Viertel,train,DSC0174,quarter_suffix_removed,.jpg,1824,1824,3
img_632e08f64bd53e78,Erste Bearbeitungssufe Viertel/_DSC0174_q3.JPG,Erste Bearbeitungssufe Viertel,train,DSC0174,quarter_suffix_removed,.jpg,1824,1824,3
img_292b7a5eef1571d8,Erste Bearbeitungssufe Viertel/_DSC0176_q2.JPG,Erste Bearbeitungssufe Viertel,val,DSC0176,quarter_suffix_removed,.jpg,1824,1824,3
img_cf8e24ea2bf40182,Erste Bearbeitungssufe Viertel/_DSC0176_q3.JPG,Erste Bearbeitungssufe Viertel,val,DSC0176,quarter_suffix_removed,.jpg,1824,1824,3
img_fa52931e2646e1ac,Erste Bearbeitungssufe Viertel/_DSC0176_q4.JPG,Erste Bearbeitungssufe Viertel,val,DSC0176,quarter_suffix_removed,.jpg,1824,1824,3
img_5f31bf4daf006c51,Erste Bearbeitungssufe Viertel/_DSC0179_q2.JPG,Erste Bearbeitungssufe Viertel,train,DSC0179,quarter_suffix_removed,.jpg,1824,1824,3
img_12fcb91619ac53a5,Erste Bearbeitungssufe Viertel/_DSC0180_q4.JPG,Erste Bearbeitungssufe Viertel,train,DSC0180,quarter_suffix_removed,.jpg,1824,1824,3
img_206a98a92fd32669,Erste Bearbeitungssufe Viertel/_DSC0181_q2.JPG,Erste Bearbeitungssufe Viertel,val,DSC0181,quarter_suffix_removed,.jpg,1824,1824,3
img_93c172caff8c23f3,Erste Bearbeitungssufe Viertel/_DSC0184_q1.JPG,Erste Bearbeitungssufe Viertel,test,DSC0184,quarter_suffix_removed,.jpg,1824,1824,3
img_98e769b8f2e0d743,Erste Bearbeitungssufe Viertel/_DSC0187_q4.JPG,Erste Bearbeitungssufe Viertel,train,DSC0187,quarter_suffix_removed,.jpg,1824,1824,3
img_73b70d1cb734765a,Erste Bearbeitungssufe Viertel/_DSC0188_q1.JPG,Erste Bearbeitungssufe Viertel,train,DSC0188,quarter_suffix_removed,.jpg,1824,1824,3
img_a835be1e08bed8b5,Erste Bearbeitungssufe Viertel/_DSC0189_q1.JPG,Erste Bearbeitungssufe Viertel,test,DSC0189,quarter_suffix_removed,.jpg,1824,1824,3
img_fa0e96b9d79e2de3,Erste Bearbeitungssufe Viertel/_DSC0189_q3.JPG,Erste Bearbeitungssufe Viertel,test,DSC0189,quarter_suffix_removed,.jpg,1824,1824,3
img_47cbd799afa4b006,Erste Bearbeitungssufe Viertel/_DSC0190_q1.JPG,Erste Bearbeitungssufe Viertel,train,DSC0190,quarter_suffix_removed,.jpg,1824,1824,3
img_85f583ae615fa656,Erste Bearbeitungssufe Viertel/_DSC0192_q2.JPG,Erste Bearbeitungssufe Viertel,train,DSC0192,quarter_suffix_removed,.jpg,1824,1824,3
img_aaa01dcf0423946e,Erste Bearbeitungssufe Viertel/_DSC0194_q3.JPG,Erste Bearbeitungssufe Viertel,val,DSC0194,quarter_suffix_removed,.jpg,1824,1824,3
img_689d729c4f25fdf2,Erste Bearbeitungssufe Viertel/_DSC0195_q1.JPG,Erste Bearbeitungssufe Viertel,test,DSC0195,quarter_suffix_removed,.jpg,1824,1824,3
img_d32d0e326dc1f8a9,Erste Bearbeitungssufe Viertel/_DSC0196_q2.JPG,Erste Bearbeitungssufe Viertel,train,DSC0196,quarter_suffix_removed,.jpg,1824,1824,3
img_5781a81f860ca295,Erste Bearbeitungssufe Viertel/_DSC0197_q1.JPG,Erste Bearbeitungssufe Viertel,train,DSC0197,quarter_suffix_removed,.jpg,1824,1824,3
img_c82987f498691dbe,Erste Bearbeitungssufe Viertel/_DSC0197_q3.JPG,Erste Bearbeitungssufe Viertel,train,DSC0197,quarter_suffix_removed,.jpg,1824,1824,3
img_7503845b2ee9f345,Erste Bearbeitungssufe Viertel/_DSC0201_q3.JPG,Erste Bearbeitungssufe Viertel,train,DSC0201,quarter_suffix_removed,.jpg,1824,1824,3
img_fbd220316ee22382,Erste Bearbeitungssufe Viertel/_DSC0205_q1.JPG,Erste Bearbeitungssufe Viertel,train,DSC0205,quarter_suffix_removed,.jpg,1824,1824,3
img_24886f2a5492af92,Erste Bearbeitungssufe Viertel/_DSC0205_q3.JPG,Erste Bearbeitungssufe Viertel,train,DSC0205,quarter_suffix_removed,.jpg,1824,1824,3
img_d3dacdaabf14ea7f,Erste Bearbeitungssufe Viertel/_DSC0209_q3.JPG,Erste Bearbeitungssufe Viertel,train,DSC0209,quarter_suffix_removed,.jpg,1824,1824,3
img_a783cb01c6317bab,Erste Bearbeitungssufe Viertel/_DSC0210_q3.JPG,Erste Bearbeitungssufe Viertel,train,DSC0210,quarter_suffix_removed,.jpg,1824,1824,3
img_eda932bd4f166cf2,Erste Bearbeitungssufe Viertel/_DSC0211_q2.JPG,Erste Bearbeitungssufe Viertel,train,DSC0211,quarter_suffix_removed,.jpg,1824,1824,3
img_311351d6568eecb6,Erste Bearbeitungssufe Viertel/_DSC0213_q2.JPG,Erste Bearbeitungssufe Viertel,train,DSC0213,quarter_suffix_removed,.jpg,1824,1824,3
img_5fd0799e171602f8,Erste Bearbeitungssufe Viertel/_DSC0213_q3.JPG,Erste Bearbeitungssufe Viertel,train,DSC0213,quarter_suffix_removed,.jpg,1824,1824,3
img_dca12be00b4991c1,Erste Bearbeitungssufe Viertel/_DSC0215_q4.JPG,Erste Bearbeitungssufe Viertel,val,DSC0215,quarter_suffix_removed,.jpg,1824,1824,3
img_750e82c73a6d941f,Erste Bearbeitungssufe Viertel/_DSC0449_q4.JPG,Erste Bearbeitungssufe Viertel,train,DSC0449,quarter_suffix_removed,.jpg,1824,1824,3
img_121a46fda666fb82,Erste Bearbeitungssufe Viertel/_DSC0455_q2.JPG,Erste Bearbeitungssufe Viertel,train,DSC0455,quarter_suffix_removed,.jpg,1824,1824,3
img_8d1b777952dc3767,Erste Bearbeitungssufe Viertel/_DSC0456_q3.JPG,Erste Bearbeitungssufe Viertel,train,DSC0456,quarter_suffix_removed,.jpg,1824,1824,3
img_c89ef962d7bf25c6,Erste Bearbeitungssufe Viertel/_DSC0460_q1.JPG,Erste Bearbeitungssufe Viertel,train,DSC0460,quarter_suffix_removed,.jpg,1824,1824,3
img_b3cc6fe83fc855e6,Erste Bearbeitungssufe Viertel/_DSC0460_q2.JPG,Erste Bearbeitungssufe Viertel,train,DSC0460,quarter_suffix_removed,.jpg,1824,1824,3
img_c911a2e47a922440,Erste Bearbeitungssufe Viertel/_DSC0460_q3.JPG,Erste Bearbeitungssufe Viertel,train,DSC0460,quarter_suffix_removed,.jpg,1824,1824,3
img_57e7ed87ff3b1ecc,Erste Bearbeitungssufe Viertel/_DSC0460_q4.JPG,Erste Bearbeitungssufe Viertel,train,DSC0460,quarter_suffix_removed,.jpg,1824,1824,3
img_ddaee339cc92b94c,Erste Bearbeitungssufe Viertel/_DSC1051_q3.JPG,Erste Bearbeitungssufe Viertel,train,DSC1051,quarter_suffix_removed,.jpg,1824,1824,3
img_643f37afd6cc85da,Erste Bearbeitungssufe Viertel/_DSC1051_q4.JPG,Erste Bearbeitungssufe Viertel,train,DSC1051,quarter_suffix_removed,.jpg,1824,1824,3
img_cbe50e77b0780e4a,Erste Bearbeitungssufe Viertel/_DSC1052_q3.JPG,Erste Bearbeitungssufe Viertel,test,DSC1052,quarter_suffix_removed,.jpg,1824,1824,3
img_66d8488757f4c03c,Erste Bearbeitungssufe Viertel/_DSC1055_q1.JPG,Erste Bearbeitungssufe Viertel,train,DSC1055,quarter_suffix_removed,.jpg,1824,1824,3
img_5097ae2930c58a2e,Erste Bearbeitungssufe Viertel/_DSC1055_q2.JPG,Erste Bearbeitungssufe Viertel,train,DSC1055,quarter_suffix_removed,.jpg,1824,1824,3
img_8091a38a0e6db977,Erste Bearbeitungssufe Viertel/_DSC1055_q3.JPG,Erste Bearbeitungssufe Viertel,train,DSC1055,quarter_suffix_removed,.jpg,1824,1824,3
img_4012e089da362668,Erste Bearbeitungssufe Viertel/_DSC1056_q3.JPG,Erste Bearbeitungssufe Viertel,val,DSC1056,quarter_suffix_removed,.jpg,1824,1824,3
img_89f697a278960a2e,Erste Bearbeitungssufe Viertel/_DSC1056_q4.JPG,Erste Bearbeitungssufe Viertel,val,DSC1056,quarter_suffix_removed,.jpg,1824,1824,3
img_6c2f7a607c74aecf,Erste Bearbeitungssufe Viertel/_DSC1057_q3.JPG,Erste Bearbeitungssufe Viertel,train,DSC1057,quarter_suffix_removed,.jpg,1824,1824,3
img_722ae596a78e687b,Erste Bearbeitungssufe Viertel/_DSC1057_q4.JPG,Erste Bearbeitungssufe Viertel,train,DSC1057,quarter_suffix_removed,.jpg,1824,1824,3
img_a9318130e94945cc,Erste Bearbeitungssufe Viertel/_DSC1058_q1.JPG,Erste Bearbeitungssufe Viertel,test,DSC1058,quarter_suffix_removed,.jpg,1824,1824,3
img_4fdcc7bedaa64d80,Erste Bearbeitungssufe Viertel/_DSC1058_q2.JPG,Erste Bearbeitungssufe Viertel,test,DSC1058,quarter_suffix_removed,.jpg,1824,1824,3
img_18d2a241a724d18b,Erste Bearbeitungssufe Viertel/_DSC1059_q1.JPG,Erste Bearbeitungssufe Viertel,train,DSC1059,quarter_suffix_removed,.jpg,1824,1824,3
img_fdbc794702e42e66,Erste Bearbeitungssufe Viertel/_DSC1060_q2.JPG,Erste Bearbeitungssufe Viertel,train,DSC1060,quarter_suffix_removed,.jpg,1824,1824,3
img_444fa16def519a7a,Erste Bearbeitungssufe Viertel/_DSC1060_q4.JPG,Erste Bearbeitungssufe Viertel,train,DSC1060,quarter_suffix_removed,.jpg,1824,1824,3
img_8559026098db5c2d,Erste Bearbeitungssufe Viertel/_DSC1061_q2.JPG,Erste Bearbeitungssufe Viertel,train,DSC1061,quarter_suffix_removed,.jpg,1824,1824,3
img_625723e8177d1d77,Erste Bearbeitungssufe Viertel/_DSC1061_q4.JPG,Erste Bearbeitungssufe Viertel,train,DSC1061,quarter_suffix_removed,.jpg,1824,1824,3
img_dd6272e517716f76,Erste Bearbeitungssufe Viertel/_DSC1062_q1.JPG,Erste Bearbeitungssufe Viertel,train,DSC1062,quarter_suffix_removed,.jpg,1824,1824,3
img_0f33535479df5798,Erste Bearbeitungssufe Viertel/_DSC1063_q1.JPG,Erste Bearbeitungssufe Viertel,test,DSC1063,quarter_suffix_removed,.jpg,1824,1824,3
img_7f8f1b5405a8464b,Erste Bearbeitungssufe Viertel/_DSC1063_q2.JPG,Erste Bearbeitungssufe Viertel,test,DSC1063,quarter_suffix_removed,.jpg,1824,1824,3
img_0abebcc00055e751,Erste Bearbeitungssufe Viertel/_DSC1063_q4.JPG,Erste Bearbeitungssufe Viertel,test,DSC1063,quarter_suffix_removed,.jpg,1824,1824,3
img_970d340b14d717be,Erste Bearbeitungssufe Viertel/_DSC1064_q1.JPG,Erste Bearbeitungssufe Viertel,train,DSC1064,quarter_suffix_removed,.jpg,1824,1824,3
img_7bf8bd1de36b8c60,Erste Bearbeitungssufe Viertel/_DSC1064_q4.JPG,Erste Bearbeitungssufe Viertel,train,DSC1064,quarter_suffix_removed,.jpg,1824,1824,3
img_e91e955ce28f6dbd,Erste Bearbeitungssufe Viertel/_DSC1065_q4.JPG,Erste Bearbeitungssufe Viertel,train,DSC1065,quarter_suffix_removed,.jpg,1824,1824,3
img_71bb8f81cbbde8ea,Erste Bearbeitungssufe Viertel/_DSC1066_q1.JPG,Erste Bearbeitungssufe Viertel,train,DSC1066,quarter_suffix_removed,.jpg,1824,1824,3
img_369b602bb736b0e4,Erste Bearbeitungssufe Viertel/_DSC1066_q3.JPG,Erste Bearbeitungssufe Viertel,train,DSC1066,quarter_suffix_removed,.jpg,1824,1824,3
img_f937f865a69ee9eb,Erste Bearbeitungssufe Viertel/_DSC1066_q4.JPG,Erste Bearbeitungssufe Viertel,train,DSC1066,quarter_suffix_removed,.jpg,1824,1824,3
img_9865de87b85b2716,Erste Bearbeitungssufe Viertel/_DSC1068_q1.JPG,Erste Bearbeitungssufe Viertel,val,DSC1068,quarter_suffix_removed,.jpg,1824,1824,3
img_7ef6a78a66ced831,Erste Bearbeitungssufe Viertel/_DSC1069_q1.JPG,Erste Bearbeitungssufe Viertel,train,DSC1069,quarter_suffix_removed,.jpg,1824,1824,3
img_a0cfa1028dd8bf5f,Erste Bearbeitungssufe Viertel/_DSC1069_q2.JPG,Erste Bearbeitungssufe Viertel,train,DSC1069,quarter_suffix_removed,.jpg,1824,1824,3
img_83ae4138202e86e6,Erste Bearbeitungssufe Viertel/_DSC1069_q4.JPG,Erste Bearbeitungssufe Viertel,train,DSC1069,quarter_suffix_removed,.jpg,1824,1824,3
img_e7a89b17112390af,Erste Bearbeitungssufe Viertel/_DSC1070_q1.JPG,Erste Bearbeitungssufe Viertel,train,DSC1070,quarter_suffix_removed,.jpg,1824,1824,3
img_0b024181a9d95331,Erste Bearbeitungssufe Viertel/_DSC1070_q2.JPG,Erste Bearbeitungssufe Viertel,train,DSC1070,quarter_suffix_removed,.jpg,1824,1824,3
img_9f9ee574e099141b,Erste Bearbeitungssufe Viertel/_DSC1070_q3.JPG,Erste Bearbeitungssufe Viertel,train,DSC1070,quarter_suffix_removed,.jpg,1824,1824,3
img_4f6c31f84e64af3d,Erste Bearbeitungssufe Viertel/_DSC1070_q4.JPG,Erste Bearbeitungssufe Viertel,train,DSC1070,quarter_suffix_removed,.jpg,1824,1824,3
img_fed9b40cc18493f9,Erste Bearbeitungssufe Viertel/_DSC1071_q1.JPG,Erste Bearbeitungssufe Viertel,val,DSC1071,quarter_suffix_removed,.jpg,1824,1824,3
img_6091d1863f8819ba,Erste Bearbeitungssufe Viertel/_DSC1071_q2.JPG,Erste Bearbeitungssufe Viertel,val,DSC1071,quarter_suffix_removed,.jpg,1824,1824,3
img_081ea607737bcc2f,Erste Bearbeitungssufe Viertel/_DSC1071_q3.JPG,Erste Bearbeitungssufe Viertel,val,DSC1071,quarter_suffix_removed,.jpg,1824,1824,3
img_1d3581ef674e6ef4,Erste Bearbeitungssufe Viertel/_DSC1071_q4.JPG,Erste Bearbeitungssufe Viertel,val,DSC1071,quarter_suffix_removed,.jpg,1824,1824,3
img_cb83429399c75079,Erste Bearbeitungssufe Viertel/_DSC1072_q1.JPG,Erste Bearbeitungssufe Viertel,train,DSC1072,quarter_suffix_removed,.jpg,1824,1824,3
img_725352aa821ce75f,Erste Bearbeitungssufe Viertel/_DSC1072_q2.JPG,Erste Bearbeitungssufe Viertel,train,DSC1072,quarter_suffix_removed,.jpg,1824,1824,3
img_1e8e6178f9ade952,Erste Bearbeitungssufe Viertel/_DSC1072_q3.JPG,Erste Bearbeitungssufe Viertel,train,DSC1072,quarter_suffix_removed,.jpg,1824,1824,3
img_53524faae7d674f7,Erste Bearbeitungssufe Viertel/_DSC1072_q4.JPG,Erste Bearbeitungssufe Viertel,train,DSC1072,quarter_suffix_removed,.jpg,1824,1824,3
img_6d5f092345c6701c,Erste Bearbeitungssufe Viertel/_DSC1073_q1.JPG,Erste Bearbeitungssufe Viertel,test,DSC1073,quarter_suffix_removed,.jpg,1824,1824,3
img_a445ace6d3d0a4cc,Erste Bearbeitungssufe Viertel/_DSC1073_q2.JPG,Erste Bearbeitungssufe Viertel,test,DSC1073,quarter_suffix_removed,.jpg,1824,1824,3
img_16daa884b7433f78,Erste Bearbeitungssufe Viertel/_DSC1073_q3.JPG,Erste Bearbeitungssufe Viertel,test,DSC1073,quarter_suffix_removed,.jpg,1824,1824,3
img_85247ad3d866196f,Erste Bearbeitungssufe Viertel/_DSC1073_q4.JPG,Erste Bearbeitungssufe Viertel,test,DSC1073,quarter_suffix_removed,.jpg,1824,1824,3
img_2b60ff783c905d3d,Erste Bearbeitungssufe Viertel/_DSC1074_q1.JPG,Erste Bearbeitungssufe Viertel,train,DSC1074,quarter_suffix_removed,.jpg,1824,1824,3
img_bd96365362d55444,Erste Bearbeitungssufe Viertel/_DSC1074_q2.JPG,Erste Bearbeitungssufe Viertel,train,DSC1074,quarter_suffix_removed,.jpg,1824,1824,3
img_44f62ba10c15c08c,Erste Bearbeitungssufe Viertel/_DSC1074_q3.JPG,Erste Bearbeitungssufe Viertel,train,DSC1074,quarter_suffix_removed,.jpg,1824,1824,3
img_0b09f7b535bd30da,Erste Bearbeitungssufe Viertel/_DSC1074_q4.JPG,Erste Bearbeitungssufe Viertel,train,DSC1074,quarter_suffix_removed,.jpg,1824,1824,3
img_7fa15860ced6c911,Erste Bearbeitungssufe Viertel/_DSC1075_q1.JPG,Erste Bearbeitungssufe Viertel,train,DSC1075,quarter_suffix_removed,.jpg,1824,1824,3
img_6c7d318814e83ad0,Erste Bearbeitungssufe Viertel/_DSC1075_q2.JPG,Erste Bearbeitungssufe Viertel,train,DSC1075,quarter_suffix_removed,.jpg,1824,1824,3
img_aa2bb6fcc7b6112f,Erste Bearbeitungssufe Viertel/_DSC1075_q3.JPG,Erste Bearbeitungssufe Viertel,train,DSC1075,quarter_suffix_removed,.jpg,1824,1824,3
img_a5d2967a20197244,Erste Bearbeitungssufe Viertel/_DSC1075_q4.JPG,Erste Bearbeitungssufe Viertel,train,DSC1075,quarter_suffix_removed,.jpg,1824,1824,3
img_3cca2a8f1becb418,Erste Bearbeitungssufe Viertel/_DSC1076_q2.JPG,Erste Bearbeitungssufe Viertel,train,DSC1076,quarter_suffix_removed,.jpg,1824,1824,3
img_f136ba2f0732b9ad,Erste Bearbeitungssufe Viertel/_DSC1076_q3.JPG,Erste Bearbeitungssufe Viertel,train,DSC1076,quarter_suffix_removed,.jpg,1824,1824,3
img_e9281b15a9d3df88,Erste Bearbeitungssufe Viertel/_DSC1076_q4.JPG,Erste Bearbeitungssufe Viertel,train,DSC1076,quarter_suffix_removed,.jpg,1824,1824,3
img_a1dac354489da9d0,Erste Bearbeitungssufe Viertel/_DSC1077_q2.JPG,Erste Bearbeitungssufe Viertel,train,DSC1077,quarter_suffix_removed,.jpg,1824,1824,3
img_cf556ba6350acbbf,Erste Bearbeitungssufe Viertel/_DSC1077_q3.JPG,Erste Bearbeitungssufe Viertel,train,DSC1077,quarter_suffix_removed,.jpg,1824,1824,3
img_db34a7c90cb3b9f4,Erste Bearbeitungssufe Viertel/_DSC1077_q4.JPG,Erste Bearbeitungssufe Viertel,train,DSC1077,quarter_suffix_removed,.jpg,1824,1824,3
img_9f54b7904beb0e03,Erste Bearbeitungssufe Viertel/_DSC1078_q1.JPG,Erste Bearbeitungssufe Viertel,train,DSC1078,quarter_suffix_removed,.jpg,1824,1824,3
img_3d16b7d2e617fa63,Erste Bearbeitungssufe Viertel/_DSC1078_q2.JPG,Erste Bearbeitungssufe Viertel,train,DSC1078,quarter_suffix_removed,.jpg,1824,1824,3
img_3b2098ffe9c93db4,Erste Bearbeitungssufe Viertel/_DSC1078_q3.JPG,Erste Bearbeitungssufe Viertel,train,DSC1078,quarter_suffix_removed,.jpg,1824,1824,3
img_9afdf5bbb15ec582,Erste Bearbeitungssufe Viertel/_DSC1078_q4.JPG,Erste Bearbeitungssufe Viertel,train,DSC1078,quarter_suffix_removed,.jpg,1824,1824,3
img_b1bbeeba9bc9c729,Erste Bearbeitungssufe Viertel/_DSC1079_q1.JPG,Erste Bearbeitungssufe Viertel,val,DSC1079,quarter_suffix_removed,.jpg,1272,1272,3
img_f3adfcdc14045edf,Erste Bearbeitungssufe Viertel/_DSC1079_q2.JPG,Erste Bearbeitungssufe Viertel,val,DSC1079,quarter_suffix_removed,.jpg,1272,1272,3
img_0eb62d17d6147f9f,Erste Bearbeitungssufe Viertel/_DSC1079_q3.JPG,Erste Bearbeitungssufe Viertel,val,DSC1079,quarter_suffix_removed,.jpg,1272,1272,3
img_3d12657f1aeceae7,Erste Bearbeitungssufe Viertel/_DSC1079_q4.JPG,Erste Bearbeitungssufe Viertel,val,DSC1079,quarter_suffix_removed,.jpg,1272,1272,3
img_7bf487c3363f1f29,Erste Bearbeitungssufe Viertel/_DSC1080_q1.JPG,Erste Bearbeitungssufe Viertel,train,DSC1080,quarter_suffix_removed,.jpg,960,960,3
img_34bb9d987c88976f,Erste Bearbeitungssufe Viertel/_DSC1080_q2.JPG,Erste Bearbeitungssufe Viertel,train,DSC1080,quarter_suffix_removed,.jpg,960,960,3
img_e7e0ebe6d4329df9,Erste Bearbeitungssufe Viertel/_DSC1080_q3.JPG,Erste Bearbeitungssufe Viertel,train,DSC1080,quarter_suffix_removed,.jpg,960,960,3
img_f52abd57cf7c3f95,Erste Bearbeitungssufe Viertel/_DSC1080_q4.JPG,Erste Bearbeitungssufe Viertel,train,DSC1080,quarter_suffix_removed,.jpg,960,960,3
img_95c8e46eb7421abd,Erste Bearbeitungssufe Viertel/_DSC1083_q2.JPG,Erste Bearbeitungssufe Viertel,val,DSC1083,quarter_suffix_removed,.jpg,1824,1824,3
img_eb70dec8b248221f,Erste Bearbeitungssufe Viertel/_DSC1083_q4.JPG,Erste Bearbeitungssufe Viertel,val,DSC1083,quarter_suffix_removed,.jpg,1824,1824,3
img_5d7d055a96686c1f,Erste Bearbeitungssufe Viertel/_DSC1084_q1.JPG,Erste Bearbeitungssufe Viertel,train,DSC1084,quarter_suffix_removed,.jpg,1824,1824,3
img_8f14602c934be40c,Erste Bearbeitungssufe Viertel/_DSC1084_q2.JPG,Erste Bearbeitungssufe Viertel,train,DSC1084,quarter_suffix_removed,.jpg,1824,1824,3
img_f5104bf4626c9f4f,Erste Bearbeitungssufe Viertel/_DSC1085_q3.JPG,Erste Bearbeitungssufe Viertel,test,DSC1085,quarter_suffix_removed,.jpg,1824,1824,3
img_1d3120b5e7d13c2a,Erste Bearbeitungssufe Viertel/_DSC1085_q4.JPG,Erste Bearbeitungssufe Viertel,test,DSC1085,quarter_suffix_removed,.jpg,1824,1824,3
img_8cf47d1974bc4b2a,Erste Bearbeitungssufe Viertel/_DSC1086_q1.JPG,Erste Bearbeitungssufe Viertel,test,DSC1086,quarter_suffix_removed,.jpg,1824,1824,3
img_dcea274d668bca28,Erste Bearbeitungssufe Viertel/_DSC1086_q2.JPG,Erste Bearbeitungssufe Viertel,test,DSC1086,quarter_suffix_removed,.jpg,1824,1824,3
img_197898e218ba81a6,Erste Bearbeitungssufe Viertel/_DSC1086_q3.JPG,Erste Bearbeitungssufe Viertel,test,DSC1086,quarter_suffix_removed,.jpg,1824,1824,3
img_ccb253b14b206938,Erste Bearbeitungssufe Viertel/_DSC1086_q4.JPG,Erste Bearbeitungssufe Viertel,test,DSC1086,quarter_suffix_removed,.jpg,1824,1824,3
img_b846fd00fbe9cfed,Erste Bearbeitungssufe Viertel/_DSC1089_q3.JPG,Erste Bearbeitungssufe Viertel,train,DSC1089,quarter_suffix_removed,.jpg,1824,1824,3
img_9bd0ff7bd340b276,Erste Bearbeitungssufe Viertel/_DSC1090_q1.JPG,Erste Bearbeitungssufe Viertel,val,DSC1090,quarter_suffix_removed,.jpg,1824,1824,3
img_4b25d0d576da1e04,Erste Bearbeitungssufe Viertel/_DSC1090_q2.JPG,Erste Bearbeitungssufe Viertel,val,DSC1090,quarter_suffix_removed,.jpg,1824,1824,3
img_95742b2732eac316,Erste Bearbeitungssufe Viertel/_DSC1090_q3.JPG,Erste Bearbeitungssufe Viertel,val,DSC1090,quarter_suffix_removed,.jpg,1824,1824,3
img_54c16b053e438ff3,Erste Bearbeitungssufe Viertel/_DSC1091_q1.JPG,Erste Bearbeitungssufe Viertel,test,DSC1091,quarter_suffix_removed,.jpg,1824,1824,3
img_c41a887960c9cc09,Erste Bearbeitungssufe Viertel/_DSC1092_q2.JPG,Erste Bearbeitungssufe Viertel,train,DSC1092,quarter_suffix_removed,.jpg,1824,1824,3
img_c8fdd01a9fe1379c,Erste Bearbeitungssufe Viertel/_DSC1092_q4.JPG,Erste Bearbeitungssufe Viertel,train,DSC1092,quarter_suffix_removed,.jpg,1824,1824,3
img_626a88b0706047aa,Erste Bearbeitungssufe Viertel/_DSC1094_q2.JPG,Erste Bearbeitungssufe Viertel,train,DSC1094,quarter_suffix_removed,.jpg,1824,1824,3
img_57d14db104b8e81d,Erste Bearbeitungssufe Viertel/_DSC1094_q3.JPG,Erste Bearbeitungssufe Viertel,train,DSC1094,quarter_suffix_removed,.jpg,1824,1824,3
img_b6552f9595a56d13,Erste Bearbeitungssufe Viertel/_DSC1094_q4.JPG,Erste Bearbeitungssufe Viertel,train,DSC1094,quarter_suffix_removed,.jpg,1824,1824,3
img_3804f3c723a767de,Erste Bearbeitungssufe Viertel/_DSC1095_q1.JPG,Erste Bearbeitungssufe Viertel,train,DSC1095,quarter_suffix_removed,.jpg,1824,1824,3
img_a251b833c7141212,Erste Bearbeitungssufe Viertel/_DSC1095_q2.JPG,Erste Bearbeitungssufe Viertel,train,DSC1095,quarter_suffix_removed,.jpg,1824,1824,3
img_3eaf4548d4e72b84,Erste Bearbeitungssufe Viertel/_DSC1095_q3.JPG,Erste Bearbeitungssufe Viertel,train,DSC1095,quarter_suffix_removed,.jpg,1824,1824,3
img_bce2c8119ad59f75,Erste Bearbeitungssufe Viertel/_DSC1095_q4.JPG,Erste Bearbeitungssufe Viertel,train,DSC1095,quarter_suffix_removed,.jpg,1824,1824,3
img_eeef96bc57a51cc4,Erste Bearbeitungssufe Viertel/_DSC1096_q1.JPG,Erste Bearbeitungssufe Viertel,test,DSC1096,quarter_suffix_removed,.jpg,1824,1824,3
img_8645b9f84fed3a76,Erste Bearbeitungssufe Viertel/_DSC1096_q3.JPG,Erste Bearbeitungssufe Viertel,test,DSC1096,quarter_suffix_removed,.jpg,1824,1824,3
img_63c289ff15651be3,Erste Bearbeitungssufe Viertel/_DSC1096_q4.JPG,Erste Bearbeitungssufe Viertel,test,DSC1096,quarter_suffix_removed,.jpg,1824,1824,3
img_871a33d275fdd539,Erste Bearbeitungssufe Viertel/_DSC1097_q1.JPG,Erste Bearbeitungssufe Viertel,train,DSC1097,quarter_suffix_removed,.jpg,1824,1824,3
img_76db69462d95d3b2,Erste Bearbeitungssufe Viertel/_DSC1097_q2.JPG,Erste Bearbeitungssufe Viertel,train,DSC1097,quarter_suffix_removed,.jpg,1824,1824,3
img_75c024f5e6c26b2d,Erste Bearbeitungssufe Viertel/_DSC1097_q3.JPG,Erste Bearbeitungssufe Viertel,train,DSC1097,quarter_suffix_removed,.jpg,1824,1824,3
img_2173f16b5bdd54e4,Erste Bearbeitungssufe Viertel/_DSC1097_q4.JPG,Erste Bearbeitungssufe Viertel,train,DSC1097,quarter_suffix_removed,.jpg,1824,1824,3
img_1407b004fc83bab8,Erste Bearbeitungssufe Viertel/_DSC1098_q1.JPG,Erste Bearbeitungssufe Viertel,train,DSC1098,quarter_suffix_removed,.jpg,1824,1824,3
img_9214e4931a942c87,Erste Bearbeitungssufe Viertel/_DSC1098_q2.JPG,Erste Bearbeitungssufe Viertel,train,DSC1098,quarter_suffix_removed,.jpg,1824,1824,3
img_69b42a417b949c36,Erste Bearbeitungssufe Viertel/_DSC1098_q3.JPG,Erste Bearbeitungssufe Viertel,train,DSC1098,quarter_suffix_removed,.jpg,1824,1824,3
img_c6f9c2930402a82f,Erste Bearbeitungssufe Viertel/_DSC1098_q4.JPG,Erste Bearbeitungssufe Viertel,train,DSC1098,quarter_suffix_removed,.jpg,1824,1824,3
img_c7a6505387321989,Erste Bearbeitungssufe Viertel/_DSC1099_q1.JPG,Erste Bearbeitungssufe Viertel,train,DSC1099,quarter_suffix_removed,.jpg,1824,1824,3
img_efd82ab61b0ed7f8,Erste Bearbeitungssufe Viertel/_DSC1099_q2.JPG,Erste Bearbeitungssufe Viertel,train,DSC1099,quarter_suffix_removed,.jpg,1824,1824,3
img_1e54753972db95c8,Erste Bearbeitungssufe Viertel/_DSC1099_q3.JPG,Erste Bearbeitungssufe Viertel,train,DSC1099,quarter_suffix_removed,.jpg,1824,1824,3
img_a8a5cb52fd09e42e,Erste Bearbeitungssufe Viertel/_DSC1099_q4.JPG,Erste Bearbeitungssufe Viertel,train,DSC1099,quarter_suffix_removed,.jpg,1824,1824,3
img_0caf5b507b4db3f0,Erste Bearbeitungssufe Viertel/_DSC1100_q1.JPG,Erste Bearbeitungssufe Viertel,val,DSC1100,quarter_suffix_removed,.jpg,1824,1824,3
img_c775f5d5fb092309,Erste Bearbeitungssufe Viertel/_DSC1100_q2.JPG,Erste Bearbeitungssufe Viertel,val,DSC1100,quarter_suffix_removed,.jpg,1824,1824,3
img_603e869324aa2c7f,Erste Bearbeitungssufe Viertel/_DSC1100_q3.JPG,Erste Bearbeitungssufe Viertel,val,DSC1100,quarter_suffix_removed,.jpg,1824,1824,3
img_6fd69c9d9eb19960,Erste Bearbeitungssufe Viertel/_DSC1100_q4.JPG,Erste Bearbeitungssufe Viertel,val,DSC1100,quarter_suffix_removed,.jpg,1824,1824,3
img_e93d6750cf47f732,Erste Bearbeitungssufe Viertel/_DSC1101_q1.JPG,Erste Bearbeitungssufe Viertel,train,DSC1101,quarter_suffix_removed,.jpg,1824,1824,3
img_d87bce6d27219dbc,Erste Bearbeitungssufe Viertel/_DSC1101_q2.JPG,Erste Bearbeitungssufe Viertel,train,DSC1101,quarter_suffix_removed,.jpg,1824,1824,3
img_55052ac9a66936a5,Erste Bearbeitungssufe Viertel/_DSC1101_q3.JPG,Erste Bearbeitungssufe Viertel,train,DSC1101,quarter_suffix_removed,.jpg,1824,1824,3
img_d2c752c1e5da2c42,Erste Bearbeitungssufe Viertel/_DSC1101_q4.JPG,Erste Bearbeitungssufe Viertel,train,DSC1101,quarter_suffix_removed,.jpg,1824,1824,3
img_6d9bcb20105648d9,Erste Bearbeitungssufe Viertel/_DSC1102_q1.JPG,Erste Bearbeitungssufe Viertel,test,DSC1102,quarter_suffix_removed,.jpg,1824,1824,3
img_055c00817fb1c9d4,Erste Bearbeitungssufe Viertel/_DSC1102_q2.JPG,Erste Bearbeitungssufe Viertel,test,DSC1102,quarter_suffix_removed,.jpg,1824,1824,3
img_31638c423c1b0ff9,Erste Bearbeitungssufe Viertel/_DSC1102_q3.JPG,Erste Bearbeitungssufe Viertel,test,DSC1102,quarter_suffix_removed,.jpg,1824,1824,3
img_8b1841839c27a00b,Erste Bearbeitungssufe Viertel/_DSC1102_q4.JPG,Erste Bearbeitungssufe Viertel,test,DSC1102,quarter_suffix_removed,.jpg,1824,1824,3
img_8d3ea4a6590da6f8,Erste Bearbeitungssufe Viertel/_DSC1103_q2.JPG,Erste Bearbeitungssufe Viertel,train,DSC1103,quarter_suffix_removed,.jpg,1824,1824,3
img_dd62bc458d2ab693,Erste Bearbeitungssufe Viertel/_DSC1104_q1.JPG,Erste Bearbeitungssufe Viertel,train,DSC1104,quarter_suffix_removed,.jpg,1824,1824,3
img_536ec68591786786,Erste Bearbeitungssufe Viertel/_DSC1104_q2.JPG,Erste Bearbeitungssufe Viertel,train,DSC1104,quarter_suffix_removed,.jpg,1824,1824,3
img_05cf321a8917a1ed,Erste Bearbeitungssufe Viertel/_DSC1105_q3.JPG,Erste Bearbeitungssufe Viertel,train,DSC1105,quarter_suffix_removed,.jpg,1824,1824,3
img_b9db1f50c5ebbe46,Erste Bearbeitungssufe Viertel/_DSC1106_q4.JPG,Erste Bearbeitungssufe Viertel,train,DSC1106,quarter_suffix_removed,.jpg,1824,1824,3
img_43d735047520650d,Erste Bearbeitungssufe Viertel/_DSC1107_q1.JPG,Erste Bearbeitungssufe Viertel,train,DSC1107,quarter_suffix_removed,.jpg,1824,1824,3
img_76d5f5ea0329ab0b,Erste Bearbeitungssufe Viertel/_DSC1107_q2.JPG,Erste Bearbeitungssufe Viertel,train,DSC1107,quarter_suffix_removed,.jpg,1824,1824,3
img_56ee71032fc79666,Erste Bearbeitungssufe Viertel/_DSC1107_q4.JPG,Erste Bearbeitungssufe Viertel,train,DSC1107,quarter_suffix_removed,.jpg,1824,1824,3
img_86cb8b206b51916c,Erste Bearbeitungssufe Viertel/_DSC1108_q1.JPG,Erste Bearbeitungssufe Viertel,train,DSC1108,quarter_suffix_removed,.jpg,1824,1824,3
img_d5ce257a84b5cd4a,Erste Bearbeitungssufe Viertel/_DSC1108_q2.JPG,Erste Bearbeitungssufe Viertel,train,DSC1108,quarter_suffix_removed,.jpg,1824,1824,3
img_2a642de02b00c852,Erste Bearbeitungssufe Viertel/_DSC1108_q3.JPG,Erste Bearbeitungssufe Viertel,train,DSC1108,quarter_suffix_removed,.jpg,1824,1824,3
img_7722ddcec2ec8e8d,Erste Bearbeitungssufe Viertel/_DSC1109_q1.JPG,Erste Bearbeitungssufe Viertel,train,DSC1109,quarter_suffix_removed,.jpg,1824,1824,3
img_5483ddaf6c13efa9,Erste Bearbeitungssufe Viertel/_DSC1109_q2.JPG,Erste Bearbeitungssufe Viertel,train,DSC1109,quarter_suffix_removed,.jpg,1824,1824,3
img_5893c80d35eab518,Erste Bearbeitungssufe Viertel/_DSC1109_q3.JPG,Erste Bearbeitungssufe Viertel,train,DSC1109,quarter_suffix_removed,.jpg,1824,1824,3
img_f225e4e184727598,Erste Bearbeitungssufe Viertel/_DSC1110_q1.JPG,Erste Bearbeitungssufe Viertel,train,DSC1110,quarter_suffix_removed,.jpg,1824,1824,3
img_f500df708615eb9f,Erste Bearbeitungssufe Viertel/_DSC1111_q2.JPG,Erste Bearbeitungssufe Viertel,val,DSC1111,quarter_suffix_removed,.jpg,1824,1824,3
img_0b6a2ee72c1e9685,Erste Bearbeitungssufe Viertel/_DSC1112_q1.JPG,Erste Bearbeitungssufe Viertel,train,DSC1112,quarter_suffix_removed,.jpg,1824,1824,3
img_e39fc8ab7a996601,Erste Bearbeitungssufe Viertel/_DSC1112_q2.JPG,Erste Bearbeitungssufe Viertel,train,DSC1112,quarter_suffix_removed,.jpg,1824,1824,3
img_d1c09163a7902d87,Erste Bearbeitungssufe Viertel/_DSC1112_q3.JPG,Erste Bearbeitungssufe Viertel,train,DSC1112,quarter_suffix_removed,.jpg,1824,1824,3
img_833bb21e7b50ffc5,Erste Bearbeitungssufe Viertel/_DSC1113_q1.JPG,Erste Bearbeitungssufe Viertel,train,DSC1113,quarter_suffix_removed,.jpg,1824,1824,3
img_e9cc6cad53d9ff88,Erste Bearbeitungssufe Viertel/_DSC1113_q3.JPG,Erste Bearbeitungssufe Viertel,train,DSC1113,quarter_suffix_removed,.jpg,1824,1824,3
img_4ac4f1af09cbf7ec,Erste Bearbeitungssufe Viertel/_DSC1114_q1.JPG,Erste Bearbeitungssufe Viertel,val,DSC1114,quarter_suffix_removed,.jpg,1824,1824,3
img_203a47686af41b1d,Erste Bearbeitungssufe Viertel/_DSC1114_q2.JPG,Erste Bearbeitungssufe Viertel,val,DSC1114,quarter_suffix_removed,.jpg,1824,1824,3
img_38e8c2d346181043,Erste Bearbeitungssufe Viertel/_DSC1114_q3.JPG,Erste Bearbeitungssufe Viertel,val,DSC1114,quarter_suffix_removed,.jpg,1824,1824,3
img_136cac10157d1f92,Erste Bearbeitungssufe Viertel/_DSC1115_q1.JPG,Erste Bearbeitungssufe Viertel,train,DSC1115,quarter_suffix_removed,.jpg,1824,1824,3
img_59180402dc9a4666,Erste Bearbeitungssufe Viertel/_DSC1115_q2.JPG,Erste Bearbeitungssufe Viertel,train,DSC1115,quarter_suffix_removed,.jpg,1824,1824,3
img_2c9142e24c74200d,Erste Bearbeitungssufe Viertel/_DSC1117_q1.JPG,Erste Bearbeitungssufe Viertel,train,DSC1117,quarter_suffix_removed,.jpg,1824,1824,3
img_fca68c6830e67b30,Erste Bearbeitungssufe Viertel/_DSC1117_q2.JPG,Erste Bearbeitungssufe Viertel,train,DSC1117,quarter_suffix_removed,.jpg,1824,1824,3
img_d9996db1f7eff490,Erste Bearbeitungssufe Viertel/_DSC1117_q3.JPG,Erste Bearbeitungssufe Viertel,train,DSC1117,quarter_suffix_removed,.jpg,1824,1824,3
img_d3f61d6fdf4782f4,Erste Bearbeitungssufe Viertel/_DSC1117_q4.JPG,Erste Bearbeitungssufe Viertel,train,DSC1117,quarter_suffix_removed,.jpg,1824,1824,3
img_c708c5cc8a186fe7,Erste Bearbeitungssufe Viertel/_DSC1118_q3.JPG,Erste Bearbeitungssufe Viertel,train,DSC1118,quarter_suffix_removed,.jpg,1824,1824,3
img_c36092919121fb2e,Erste Bearbeitungssufe Viertel/_DSC1119_q1.JPG,Erste Bearbeitungssufe Viertel,train,DSC1119,quarter_suffix_removed,.jpg,1824,1824,3
img_f830608b052fcc4c,Erste Bearbeitungssufe Viertel/_DSC1119_q2.JPG,Erste Bearbeitungssufe Viertel,train,DSC1119,quarter_suffix_removed,.jpg,1824,1824,3
img_74e61b6475d09458,Erste Bearbeitungssufe Viertel/_DSC1119_q3.JPG,Erste Bearbeitungssufe Viertel,train,DSC1119,quarter_suffix_removed,.jpg,1824,1824,3
img_510a5127cc63fbb5,Erste Bearbeitungssufe Viertel/_DSC1119_q4.JPG,Erste Bearbeitungssufe Viertel,train,DSC1119,quarter_suffix_removed,.jpg,1824,1824,3
img_0a5b46b247c22127,Erste Bearbeitungssufe Viertel/_DSC1120_q2.JPG,Erste Bearbeitungssufe Viertel,train,DSC1120,quarter_suffix_removed,.jpg,1824,1824,3
img_72d526b6834d07fa,Erste Bearbeitungssufe Viertel/_DSC1120_q3.JPG,Erste Bearbeitungssufe Viertel,train,DSC1120,quarter_suffix_removed,.jpg,1824,1824,3
img_0b5b3465f0570135,Erste Bearbeitungssufe Viertel/_DSC1120_q4.JPG,Erste Bearbeitungssufe Viertel,train,DSC1120,quarter_suffix_removed,.jpg,1824,1824,3
img_730df0d8a0df08c6,Erste Bearbeitungssufe Viertel/_DSC1121_q1.JPG,Erste Bearbeitungssufe Viertel,train,DSC1121,quarter_suffix_removed,.jpg,1824,1824,3
img_09fd5a2a1b2db54e,Erste Bearbeitungssufe Viertel/_DSC1121_q2.JPG,Erste Bearbeitungssufe Viertel,train,DSC1121,quarter_suffix_removed,.jpg,1824,1824,3
img_2c23ccabe8fb78e6,Erste Bearbeitungssufe Viertel/_DSC1121_q3.JPG,Erste Bearbeitungssufe Viertel,train,DSC1121,quarter_suffix_removed,.jpg,1824,1824,3
img_cbda894c920a1325,Erste Bearbeitungssufe Viertel/_DSC1121_q4.JPG,Erste Bearbeitungssufe Viertel,train,DSC1121,quarter_suffix_removed,.jpg,1824,1824,3
img_295406243dd415d1,Erste Bearbeitungssufe Viertel/_DSC1122_q1.JPG,Erste Bearbeitungssufe Viertel,test,DSC1122,quarter_suffix_removed,.jpg,1824,1824,3
img_3e502ccd7b67be94,Erste Bearbeitungssufe Viertel/_DSC1122_q2.JPG,Erste Bearbeitungssufe Viertel,test,DSC1122,quarter_suffix_removed,.jpg,1824,1824,3
img_96359b923643b2dd,Erste Bearbeitungssufe Viertel/_DSC1122_q3.JPG,Erste Bearbeitungssufe Viertel,test,DSC1122,quarter_suffix_removed,.jpg,1824,1824,3
img_6ccfde890cb63aab,Erste Bearbeitungssufe Viertel/_DSC1123_q1.JPG,Erste Bearbeitungssufe Viertel,train,DSC1123,quarter_suffix_removed,.jpg,1824,1824,3
img_7d23e2b852b8f442,Erste Bearbeitungssufe Viertel/_DSC1123_q2.JPG,Erste Bearbeitungssufe Viertel,train,DSC1123,quarter_suffix_removed,.jpg,1824,1824,3
img_eaad79696fa8d403,Erste Bearbeitungssufe Viertel/_DSC1123_q3.JPG,Erste Bearbeitungssufe Viertel,train,DSC1123,quarter_suffix_removed,.jpg,1824,1824,3
img_a4ab9e80b92e3a71,Erste Bearbeitungssufe Viertel/_DSC1123_q4.JPG,Erste Bearbeitungssufe Viertel,train,DSC1123,quarter_suffix_removed,.jpg,1824,1824,3
img_5e026d8a352362cb,Erste Bearbeitungssufe Viertel/_DSC1124_q1.JPG,Erste Bearbeitungssufe Viertel,train,DSC1124,quarter_suffix_removed,.jpg,1824,1824,3
img_531de8a478f74852,Erste Bearbeitungssufe Viertel/_DSC1124_q2.JPG,Erste Bearbeitungssufe Viertel,train,DSC1124,quarter_suffix_removed,.jpg,1824,1824,3
img_cd84c3e05cf75fb6,Erste Bearbeitungssufe Viertel/_DSC1124_q3.JPG,Erste Bearbeitungssufe Viertel,train,DSC1124,quarter_suffix_removed,.jpg,1824,1824,3
img_80006cfb923729dd,Erste Bearbeitungssufe Viertel/_DSC1125_q2.JPG,Erste Bearbeitungssufe Viertel,val,DSC1125,quarter_suffix_removed,.jpg,1824,1824,3
img_590509458acec8d6,Erste Bearbeitungssufe Viertel/_DSC1125_q4.JPG,Erste Bearbeitungssufe Viertel,val,DSC1125,quarter_suffix_removed,.jpg,1824,1824,3
img_ac1b03586421a71c,Erste Bearbeitungssufe Viertel/_DSC1127_q2.JPG,Erste Bearbeitungssufe Viertel,train,DSC1127,quarter_suffix_removed,.jpg,1824,1824,3
img_1b395663f0a6fcb5,Erste Bearbeitungssufe Viertel/_DSC1127_q3.JPG,Erste Bearbeitungssufe Viertel,train,DSC1127,quarter_suffix_removed,.jpg,1824,1824,3
img_858746b7fc93f85b,Erste Bearbeitungssufe Viertel/_DSC1127_q4.JPG,Erste Bearbeitungssufe Viertel,train,DSC1127,quarter_suffix_removed,.jpg,1824,1824,3
img_9009eb8ac74946e6,Erste Bearbeitungssufe Viertel/_DSC1129_q1.JPG,Erste Bearbeitungssufe Viertel,train,DSC1129,quarter_suffix_removed,.jpg,1824,1824,3
img_d8b4f85eeae91124,Erste Bearbeitungssufe Viertel/_DSC1129_q3.JPG,Erste Bearbeitungssufe Viertel,train,DSC1129,quarter_suffix_removed,.jpg,1824,1824,3
img_24ed010926cb6a06,Erste Bearbeitungssufe Viertel/_DSC1129_q4.JPG,Erste Bearbeitungssufe Viertel,train,DSC1129,quarter_suffix_removed,.jpg,1824,1824,3
img_6c9a3116354602c7,Erste Bearbeitungssufe Viertel/_DSC1130_q1.JPG,Erste Bearbeitungssufe Viertel,val,DSC1130,quarter_suffix_removed,.jpg,1824,1824,3
img_7580b9ee0fe32bbb,Erste Bearbeitungssufe Viertel/_DSC1130_q2.JPG,Erste Bearbeitungssufe Viertel,val,DSC1130,quarter_suffix_removed,.jpg,1824,1824,3
img_aba5a672a434b601,Erste Bearbeitungssufe Viertel/_DSC1130_q3.JPG,Erste Bearbeitungssufe Viertel,val,DSC1130,quarter_suffix_removed,.jpg,1824,1824,3
img_414e126a7c4a44b5,Erste Bearbeitungssufe Viertel/_DSC1130_q4.JPG,Erste Bearbeitungssufe Viertel,val,DSC1130,quarter_suffix_removed,.jpg,1824,1824,3
img_448843c9208ce812,Erste Bearbeitungssufe Viertel/_DSC1132_q1.JPG,Erste Bearbeitungssufe Viertel,train,DSC1132,quarter_suffix_removed,.jpg,1824,1824,3
img_8f10e4d89f573778,Erste Bearbeitungssufe Viertel/_DSC1132_q2.JPG,Erste Bearbeitungssufe Viertel,train,DSC1132,quarter_suffix_removed,.jpg,1824,1824,3
img_b02bdd9e183423ee,Erste Bearbeitungssufe Viertel/_DSC1133_q1.JPG,Erste Bearbeitungssufe Viertel,val,DSC1133,quarter_suffix_removed,.jpg,1824,1824,3
img_93b2a0b525a0920d,Erste Bearbeitungssufe Viertel/_DSC1133_q2.JPG,Erste Bearbeitungssufe Viertel,val,DSC1133,quarter_suffix_removed,.jpg,1824,1824,3
img_ff757a83f0c2bc5a,Erste Bearbeitungssufe Viertel/_DSC1133_q4.JPG,Erste Bearbeitungssufe Viertel,val,DSC1133,quarter_suffix_removed,.jpg,1824,1824,3
img_176055652783e57d,Erste Bearbeitungssufe Viertel/_DSC1134_q1.JPG,Erste Bearbeitungssufe Viertel,train,DSC1134,quarter_suffix_removed,.jpg,1824,1824,3
img_eb3ac119d4c3803d,Erste Bearbeitungssufe Viertel/_DSC1134_q2.JPG,Erste Bearbeitungssufe Viertel,train,DSC1134,quarter_suffix_removed,.jpg,1824,1824,3
img_98c5adba221e0e8d,Erste Bearbeitungssufe Viertel/_DSC1134_q4.JPG,Erste Bearbeitungssufe Viertel,train,DSC1134,quarter_suffix_removed,.jpg,1824,1824,3
img_6fd84e0cf641d0c9,Erste Bearbeitungssufe Viertel/_DSC1135_q1.JPG,Erste Bearbeitungssufe Viertel,test,DSC1135,quarter_suffix_removed,.jpg,1824,1824,3
img_c709526054473098,Erste Bearbeitungssufe Viertel/_DSC1135_q2.JPG,Erste Bearbeitungssufe Viertel,test,DSC1135,quarter_suffix_removed,.jpg,1824,1824,3
img_b716bfefd3789804,Erste Bearbeitungssufe Viertel/_DSC1135_q4.JPG,Erste Bearbeitungssufe Viertel,test,DSC1135,quarter_suffix_removed,.jpg,1824,1824,3
img_f54f664d39488d75,Erste Bearbeitungssufe Viertel/_DSC1136_q1.JPG,Erste Bearbeitungssufe Viertel,train,DSC1136,quarter_suffix_removed,.jpg,1824,1824,3
img_de2a206e18af96f1,Erste Bearbeitungssufe Viertel/_DSC1136_q2.JPG,Erste Bearbeitungssufe Viertel,train,DSC1136,quarter_suffix_removed,.jpg,1824,1824,3
img_b49d42180fe28c3e,Erste Bearbeitungssufe Viertel/_DSC1136_q4.JPG,Erste Bearbeitungssufe Viertel,train,DSC1136,quarter_suffix_removed,.jpg,1824,1824,3
img_91b3376cde35d4e5,Erste Bearbeitungssufe Viertel/_DSC1137_q2.JPG,Erste Bearbeitungssufe Viertel,test,DSC1137,quarter_suffix_removed,.jpg,1824,1824,3
img_c017e66f07c321c7,Erste Bearbeitungssufe Viertel/_DSC1137_q3.JPG,Erste Bearbeitungssufe Viertel,test,DSC1137,quarter_suffix_removed,.jpg,1824,1824,3
img_a8e33fb15eeda2ca,Erste Bearbeitungssufe Viertel/_DSC1138_q3.JPG,Erste Bearbeitungssufe Viertel,train,DSC1138,quarter_suffix_removed,.jpg,1824,1824,3
img_b796818a5fecb09c,Erste Bearbeitungssufe Viertel/_DSC1138_q4.JPG,Erste Bearbeitungssufe Viertel,train,DSC1138,quarter_suffix_removed,.jpg,1824,1824,3
img_c23ca63342b829b8,Erste Bearbeitungssufe Viertel/_DSC1139_q1.JPG,Erste Bearbeitungssufe Viertel,train,DSC1139,quarter_suffix_removed,.jpg,1824,1824,3
img_9bb648042d2fee20,Erste Bearbeitungssufe Viertel/_DSC1139_q2.JPG,Erste Bearbeitungssufe Viertel,train,DSC1139,quarter_suffix_removed,.jpg,1824,1824,3
img_5799fcc330477afc,Erste Bearbeitungssufe Viertel/_DSC1140_q1.JPG,Erste Bearbeitungssufe Viertel,train,DSC1140,quarter_suffix_removed,.jpg,1824,1824,3
img_6a5ca1d7148f6491,Erste Bearbeitungssufe Viertel/_DSC1140_q2.JPG,Erste Bearbeitungssufe Viertel,train,DSC1140,quarter_suffix_removed,.jpg,1824,1824,3
img_d1d3ae78cb617cc0,Erste Bearbeitungssufe Viertel/_DSC1439_q1.JPG,Erste Bearbeitungssufe Viertel,train,DSC1439,quarter_suffix_removed,.jpg,1824,1824,3
img_2e17caa5d5af089e,Erste Bearbeitungssufe Viertel/_DSC1439_q2.JPG,Erste Bearbeitungssufe Viertel,train,DSC1439,quarter_suffix_removed,.jpg,1824,1824,3
img_c0182fa076020611,Erste Bearbeitungssufe Viertel/_DSC1439_q3.JPG,Erste Bearbeitungssufe Viertel,train,DSC1439,quarter_suffix_removed,.jpg,1824,1824,3
img_e9c2e185842ba18a,Erste Bearbeitungssufe Viertel/_DSC1440_q3.JPG,Erste Bearbeitungssufe Viertel,train,DSC1440,quarter_suffix_removed,.jpg,1824,1824,3
img_34d0bbd51acf5053,Erste Bearbeitungssufe Viertel/_DSC1440_q4.JPG,Erste Bearbeitungssufe Viertel,train,DSC1440,quarter_suffix_removed,.jpg,1824,1824,3
img_485b0e2fbaf48fea,Erste Bearbeitungssufe Viertel/_DSC1441_q2.JPG,Erste Bearbeitungssufe Viertel,train,DSC1441,quarter_suffix_removed,.jpg,1824,1824,3
img_d0900435002ae34f,Erste Bearbeitungssufe Viertel/_DSC1441_q3.JPG,Erste Bearbeitungssufe Viertel,train,DSC1441,quarter_suffix_removed,.jpg,1824,1824,3
img_3f5d67c166cb3447,Erste Bearbeitungssufe Viertel/_DSC1441_q4.JPG,Erste Bearbeitungssufe Viertel,train,DSC1441,quarter_suffix_removed,.jpg,1824,1824,3
img_9f2eb086e3e4738a,Erste Bearbeitungssufe Viertel/_DSC1442_q1.JPG,Erste Bearbeitungssufe Viertel,train,DSC1442,quarter_suffix_removed,.jpg,1824,1824,3
img_c69d163573cd3ee9,Erste Bearbeitungssufe Viertel/_DSC1442_q2.JPG,Erste Bearbeitungssufe Viertel,train,DSC1442,quarter_suffix_removed,.jpg,1824,1824,3
img_e13528683581cf6b,Erste Bearbeitungssufe Viertel/_DSC1442_q4.JPG,Erste Bearbeitungssufe Viertel,train,DSC1442,quarter_suffix_removed,.jpg,1824,1824,3
img_e743fc69a220def2,Erste Bearbeitungssufe Viertel/_DSC1444_q1.JPG,Erste Bearbeitungssufe Viertel,val,DSC1444,quarter_suffix_removed,.jpg,1824,1824,3
img_2450cc5aa1bfc898,Erste Bearbeitungssufe Viertel/_DSC1444_q2.JPG,Erste Bearbeitungssufe Viertel,val,DSC1444,quarter_suffix_removed,.jpg,1824,1824,3
img_1eb6e6c9ccf1b78b,Erste Bearbeitungssufe Viertel/_DSC1444_q4.JPG,Erste Bearbeitungssufe Viertel,val,DSC1444,quarter_suffix_removed,.jpg,1824,1824,3
img_b07edfaf23deaa54,Erste Bearbeitungssufe Viertel/_DSC1445_q1.JPG,Erste Bearbeitungssufe Viertel,test,DSC1445,quarter_suffix_removed,.jpg,1824,1824,3
img_fee55f1acdcd3dd3,Erste Bearbeitungssufe Viertel/_DSC1445_q2.JPG,Erste Bearbeitungssufe Viertel,test,DSC1445,quarter_suffix_removed,.jpg,1824,1824,3
img_28803c38e7a0ca8d,Erste Bearbeitungssufe Viertel/_DSC1446_q1.JPG,Erste Bearbeitungssufe Viertel,train,DSC1446,quarter_suffix_removed,.jpg,1824,1824,3
img_4f41abcf0b0447ef,Erste Bearbeitungssufe Viertel/_DSC1446_q2.JPG,Erste Bearbeitungssufe Viertel,train,DSC1446,quarter_suffix_removed,.jpg,1824,1824,3
img_1bc58bbc3444d445,Erste Bearbeitungssufe Viertel/_DSC1446_q3.JPG,Erste Bearbeitungssufe Viertel,train,DSC1446,quarter_suffix_removed,.jpg,1824,1824,3
img_ad1650319b7530cd,Erste Bearbeitungssufe Viertel/_DSC1446_q4.JPG,Erste Bearbeitungssufe Viertel,train,DSC1446,quarter_suffix_removed,.jpg,1824,1824,3
img_b5f6f769600cdb92,Erste Bearbeitungssufe Viertel/_DSC1447_q1.JPG,Erste Bearbeitungssufe Viertel,test,DSC1447,quarter_suffix_removed,.jpg,1824,1824,3
img_c7bc51ea8aec2201,Erste Bearbeitungssufe Viertel/_DSC1447_q2.JPG,Erste Bearbeitungssufe Viertel,test,DSC1447,quarter_suffix_removed,.jpg,1824,1824,3
img_1fc6b9354205a7e3,Erste Bearbeitungssufe Viertel/_DSC1447_q4.JPG,Erste Bearbeitungssufe Viertel,test,DSC1447,quarter_suffix_removed,.jpg,1824,1824,3
img_1ef24bd0fac3c4af,Erste Bearbeitungssufe Viertel/_DSC1448_q1.JPG,Erste Bearbeitungssufe Viertel,test,DSC1448,quarter_suffix_removed,.jpg,1824,1824,3
img_ed300b2b57d630c3,Erste Bearbeitungssufe Viertel/_DSC1448_q2.JPG,Erste Bearbeitungssufe Viertel,test,DSC1448,quarter_suffix_removed,.jpg,1824,1824,3
img_c5e2137892e70060,Erste Bearbeitungssufe Viertel/_DSC1448_q3.JPG,Erste Bearbeitungssufe Viertel,test,DSC1448,quarter_suffix_removed,.jpg,1824,1824,3
img_1f905db76c678f6e,Erste Bearbeitungssufe Viertel/_DSC1448_q4.JPG,Erste Bearbeitungssufe Viertel,test,DSC1448,quarter_suffix_removed,.jpg,1824,1824,3
img_cca1109712c8b083,Erste Bearbeitungssufe Viertel/_DSC1449_q1.JPG,Erste Bearbeitungssufe Viertel,train,DSC1449,quarter_suffix_removed,.jpg,1824,1824,3
img_b2ce152618891ec6,Erste Bearbeitungssufe Viertel/_DSC1449_q2.JPG,Erste Bearbeitungssufe Viertel,train,DSC1449,quarter_suffix_removed,.jpg,1824,1824,3
img_2d7968a46af8752a,Erste Bearbeitungssufe Viertel/_DSC1449_q3.JPG,Erste Bearbeitungssufe Viertel,train,DSC1449,quarter_suffix_removed,.jpg,1824,1824,3
img_446a7381737f7372,Erste Bearbeitungssufe Viertel/_DSC1449_q4.JPG,Erste Bearbeitungssufe Viertel,train,DSC1449,quarter_suffix_removed,.jpg,1824,1824,3
img_4ac130914cca7d52,Erste Bearbeitungssufe Viertel/_DSC1450_q1.JPG,Erste Bearbeitungssufe Viertel,train,DSC1450,quarter_suffix_removed,.jpg,1824,1824,3
img_3fe17ccfc5826b09,Erste Bearbeitungssufe Viertel/_DSC1450_q2.JPG,Erste Bearbeitungssufe Viertel,train,DSC1450,quarter_suffix_removed,.jpg,1824,1824,3
img_c7ec38c4f06fe687,Erste Bearbeitungssufe Viertel/_DSC1450_q3.JPG,Erste Bearbeitungssufe Viertel,train,DSC1450,quarter_suffix_removed,.jpg,1824,1824,3
img_7918651d41550cf7,Erste Bearbeitungssufe Viertel/_DSC1450_q4.JPG,Erste Bearbeitungssufe Viertel,train,DSC1450,quarter_suffix_removed,.jpg,1824,1824,3
img_61fb0246311796f6,Erste Bearbeitungssufe Viertel/_DSC1453_q1.JPG,Erste Bearbeitungssufe Viertel,train,DSC1453,quarter_suffix_removed,.jpg,1824,1824,3
img_bb4afcc1945e1612,Erste Bearbeitungssufe Viertel/_DSC1453_q2.JPG,Erste Bearbeitungssufe Viertel,train,DSC1453,quarter_suffix_removed,.jpg,1824,1824,3
img_d3d46bcb7ccdf4a4,Erste Bearbeitungssufe Viertel/_DSC1453_q3.JPG,Erste Bearbeitungssufe Viertel,train,DSC1453,quarter_suffix_removed,.jpg,1824,1824,3
img_76116d9f541b86c7,Erste Bearbeitungssufe Viertel/_DSC1453_q4.JPG,Erste Bearbeitungssufe Viertel,train,DSC1453,quarter_suffix_removed,.jpg,1824,1824,3
img_6365bc7a5d456049,Erste Bearbeitungssufe Viertel/_DSC1454_q1.JPG,Erste Bearbeitungssufe Viertel,val,DSC1454,quarter_suffix_removed,.jpg,1824,1824,3
img_aa4b0eda83b88699,Erste Bearbeitungssufe Viertel/_DSC1454_q2.JPG,Erste Bearbeitungssufe Viertel,val,DSC1454,quarter_suffix_removed,.jpg,1824,1824,3
img_c09f1657fd3e2528,Erste Bearbeitungssufe Viertel/_DSC1455_q2.JPG,Erste Bearbeitungssufe Viertel,train,DSC1455,quarter_suffix_removed,.jpg,1824,1824,3
img_fa296498f77a0544,Erste Bearbeitungssufe Viertel/_DSC1455_q3.JPG,Erste Bearbeitungssufe Viertel,train,DSC1455,quarter_suffix_removed,.jpg,1824,1824,3
img_99095d652bd7d796,Erste Bearbeitungssufe Viertel/_DSC1455_q4.JPG,Erste Bearbeitungssufe Viertel,train,DSC1455,quarter_suffix_removed,.jpg,1824,1824,3
img_5048512c517efcbe,Erste Bearbeitungssufe Viertel/_DSC1457_q3.JPG,Erste Bearbeitungssufe Viertel,train,DSC1457,quarter_suffix_removed,.jpg,1824,1824,3
img_50c99c1ddd1a9d74,Erste Bearbeitungssufe Viertel/_DSC1457_q4.JPG,Erste Bearbeitungssufe Viertel,train,DSC1457,quarter_suffix_removed,.jpg,1824,1824,3
img_712a4a9768ed3f9f,Erste Bearbeitungssufe Viertel/_DSC1459_q1.JPG,Erste Bearbeitungssufe Viertel,train,DSC1459,quarter_suffix_removed,.jpg,1824,1824,3
img_b3af3578049e80d7,Erste Bearbeitungssufe Viertel/_DSC1459_q3.JPG,Erste Bearbeitungssufe Viertel,train,DSC1459,quarter_suffix_removed,.jpg,1824,1824,3
img_a7e2351cd1fd94a5,Erste Bearbeitungssufe Viertel/_DSC1460_q1.JPG,Erste Bearbeitungssufe Viertel,train,DSC1460,quarter_suffix_removed,.jpg,1824,1824,3
img_a84bc4d696876013,Erste Bearbeitungssufe Viertel/_DSC1460_q3.JPG,Erste Bearbeitungssufe Viertel,train,DSC1460,quarter_suffix_removed,.jpg,1824,1824,3
img_8090b6b68ffea149,Erste Bearbeitungssufe Viertel/_DSC1460_q4.JPG,Erste Bearbeitungssufe Viertel,train,DSC1460,quarter_suffix_removed,.jpg,1824,1824,3
img_b6d42f63baa3e0c4,Erste Bearbeitungssufe Viertel/_DSC1461_q3.JPG,Erste Bearbeitungssufe Viertel,train,DSC1461,quarter_suffix_removed,.jpg,1824,1824,3
img_5415048bf361a614,Erste Bearbeitungssufe Viertel/_DSC1462_q1.JPG,Erste Bearbeitungssufe Viertel,train,DSC1462,quarter_suffix_removed,.jpg,1824,1824,3
img_4aca6ee6530a7799,Erste Bearbeitungssufe Viertel/_DSC1462_q2.JPG,Erste Bearbeitungssufe Viertel,train,DSC1462,quarter_suffix_removed,.jpg,1824,1824,3
img_cc5876acea0073e3,Erste Bearbeitungssufe Viertel/_DSC1462_q3.JPG,Erste Bearbeitungssufe Viertel,train,DSC1462,quarter_suffix_removed,.jpg,1824,1824,3
img_630da913cb06c982,Erste Bearbeitungssufe Viertel/_DSC1463_q1.JPG,Erste Bearbeitungssufe Viertel,train,DSC1463,quarter_suffix_removed,.jpg,1824,1824,3
img_fe7229055f032de4,Erste Bearbeitungssufe Viertel/_DSC1463_q2.JPG,Erste Bearbeitungssufe Viertel,train,DSC1463,quarter_suffix_removed,.jpg,1824,1824,3
img_9a176f82cadaf2b6,Erste Bearbeitungssufe Viertel/_DSC1463_q3.JPG,Erste Bearbeitungssufe Viertel,train,DSC1463,quarter_suffix_removed,.jpg,1824,1824,3
img_9d5a3dac97e8b236,Erste Bearbeitungssufe Viertel/_DSC1463_q4.JPG,Erste Bearbeitungssufe Viertel,train,DSC1463,quarter_suffix_removed,.jpg,1824,1824,3
img_51be0bc2d0065148,Erste Bearbeitungssufe Viertel/_DSC1464_q2.JPG,Erste Bearbeitungssufe Viertel,train,DSC1464,quarter_suffix_removed,.jpg,1824,1824,3
img_07ba14a4b9dd8af5,Erste Bearbeitungssufe Viertel/_DSC1464_q4.JPG,Erste Bearbeitungssufe Viertel,train,DSC1464,quarter_suffix_removed,.jpg,1824,1824,3
img_38eaa6202732015d,Erste Bearbeitungssufe Viertel/_DSC1465_q2.JPG,Erste Bearbeitungssufe Viertel,train,DSC1465,quarter_suffix_removed,.jpg,1824,1824,3
img_d7883465a792bdf9,Erste Bearbeitungssufe Viertel/_DSC1465_q4.JPG,Erste Bearbeitungssufe Viertel,train,DSC1465,quarter_suffix_removed,.jpg,1824,1824,3
img_3e931f3cbddf3774,Erste Bearbeitungssufe Viertel/_DSC1466_q2.JPG,Erste Bearbeitungssufe Viertel,test,DSC1466,quarter_suffix_removed,.jpg,1824,1824,3
img_b5b34bb7fd05f9d4,Erste Bearbeitungssufe Viertel/_DSC1466_q4.JPG,Erste Bearbeitungssufe Viertel,test,DSC1466,quarter_suffix_removed,.jpg,1824,1824,3
img_2e71a546f029922c,Erste Bearbeitungssufe Viertel/_DSC1467_q1.JPG,Erste Bearbeitungssufe Viertel,val,DSC1467,quarter_suffix_removed,.jpg,1824,1824,3
img_9285c5cd81f03194,Erste Bearbeitungssufe Viertel/_DSC1467_q3.JPG,Erste Bearbeitungssufe Viertel,val,DSC1467,quarter_suffix_removed,.jpg,1824,1824,3
img_856204c90473871b,Erste Bearbeitungssufe Viertel/_DSC1468_q1.JPG,Erste Bearbeitungssufe Viertel,val,DSC1468,quarter_suffix_removed,.jpg,1824,1824,3
img_64967a2afffb278f,Erste Bearbeitungssufe Viertel/_DSC1468_q2.JPG,Erste Bearbeitungssufe Viertel,val,DSC1468,quarter_suffix_removed,.jpg,1824,1824,3
img_53476c5275e3a2c9,Erste Bearbeitungssufe Viertel/_DSC1468_q3.JPG,Erste Bearbeitungssufe Viertel,val,DSC1468,quarter_suffix_removed,.jpg,1824,1824,3
img_6b4fd0d9bb0a793f,Erste Bearbeitungssufe Viertel/_DSC1468_q4.JPG,Erste Bearbeitungssufe Viertel,val,DSC1468,quarter_suffix_removed,.jpg,1824,1824,3
img_83ace94982bb8212,Erste Bearbeitungssufe Viertel/_DSC1469_q1.JPG,Erste Bearbeitungssufe Viertel,test,DSC1469,quarter_suffix_removed,.jpg,1824,1824,3
img_144ad5e075edb9aa,Erste Bearbeitungssufe Viertel/_DSC1469_q2.JPG,Erste Bearbeitungssufe Viertel,test,DSC1469,quarter_suffix_removed,.jpg,1824,1824,3
img_386068ec0a4a70cf,Erste Bearbeitungssufe Viertel/_DSC1469_q3.JPG,Erste Bearbeitungssufe Viertel,test,DSC1469,quarter_suffix_removed,.jpg,1824,1824,3
img_69ebe07a2b0b3d49,Erste Bearbeitungssufe Viertel/_DSC1469_q4.JPG,Erste Bearbeitungssufe Viertel,test,DSC1469,quarter_suffix_removed,.jpg,1824,1824,3
img_a0704685d5c48b1f,Erste Bearbeitungssufe Viertel/_DSC1470_q1.JPG,Erste Bearbeitungssufe Viertel,train,DSC1470,quarter_suffix_removed,.jpg,1824,1824,3
img_c60bb4933c44cd95,Erste Bearbeitungssufe Viertel/_DSC1470_q4.JPG,Erste Bearbeitungssufe Viertel,train,DSC1470,quarter_suffix_removed,.jpg,1824,1824,3
img_0817695139bfb58f,Erste Bearbeitungssufe Viertel/_DSC1471_q1.JPG,Erste Bearbeitungssufe Viertel,train,DSC1471,quarter_suffix_removed,.jpg,1824,1824,3
img_59bb38b17fe76b76,Erste Bearbeitungssufe Viertel/_DSC1471_q2.JPG,Erste Bearbeitungssufe Viertel,train,DSC1471,quarter_suffix_removed,.jpg,1824,1824,3
img_b810a79354f659ab,Erste Bearbeitungssufe Viertel/_DSC1471_q3.JPG,Erste Bearbeitungssufe Viertel,train,DSC1471,quarter_suffix_removed,.jpg,1824,1824,3
img_89dfa7acaeef6c3f,Erste Bearbeitungssufe Viertel/_DSC1471_q4.JPG,Erste Bearbeitungssufe Viertel,train,DSC1471,quarter_suffix_removed,.jpg,1824,1824,3
img_ed4d49f767eabc9f,Erste Bearbeitungssufe Viertel/_DSC1472_q1.JPG,Erste Bearbeitungssufe Viertel,train,DSC1472,quarter_suffix_removed,.jpg,1824,1824,3
img_9379335db7966d26,Erste Bearbeitungssufe Viertel/_DSC1472_q2.JPG,Erste Bearbeitungssufe Viertel,train,DSC1472,quarter_suffix_removed,.jpg,1824,1824,3
img_9c922af0e1b83355,Erste Bearbeitungssufe Viertel/_DSC1472_q3.JPG,Erste Bearbeitungssufe Viertel,train,DSC1472,quarter_suffix_removed,.jpg,1824,1824,3
img_fec9e8b9d0e19911,Erste Bearbeitungssufe Viertel/_DSC1472_q4.JPG,Erste Bearbeitungssufe Viertel,train,DSC1472,quarter_suffix_removed,.jpg,1824,1824,3
img_83622fdf79318513,Erste Bearbeitungssufe Viertel/_DSC1473_q1.JPG,Erste Bearbeitungssufe Viertel,train,DSC1473,quarter_suffix_removed,.jpg,1824,1824,3
img_2385b3cbd36c0d59,Erste Bearbeitungssufe Viertel/_DSC1473_q2.JPG,Erste Bearbeitungssufe Viertel,train,DSC1473,quarter_suffix_removed,.jpg,1824,1824,3
img_a280b51e41740d1b,Erste Bearbeitungssufe Viertel/_DSC1473_q4.JPG,Erste Bearbeitungssufe Viertel,train,DSC1473,quarter_suffix_removed,.jpg,1824,1824,3
img_18b386ada577bfd9,Erste Bearbeitungssufe Viertel/_DSC1474_q1.JPG,Erste Bearbeitungssufe Viertel,train,DSC1474,quarter_suffix_removed,.jpg,1824,1824,3
img_83491806173e8031,Erste Bearbeitungssufe Viertel/_DSC1474_q2.JPG,Erste Bearbeitungssufe Viertel,train,DSC1474,quarter_suffix_removed,.jpg,1824,1824,3
img_412b585342ecc3b1,Erste Bearbeitungssufe Viertel/_DSC1474_q4.JPG,Erste Bearbeitungssufe Viertel,train,DSC1474,quarter_suffix_removed,.jpg,1824,1824,3
img_2a990554d95a44d3,Erste Bearbeitungssufe Viertel/_DSC1475_q2.JPG,Erste Bearbeitungssufe Viertel,train,DSC1475,quarter_suffix_removed,.jpg,1824,1824,3
img_4d6c4028ae05abba,Erste Bearbeitungssufe Viertel/_DSC1475_q3.JPG,Erste Bearbeitungssufe Viertel,train,DSC1475,quarter_suffix_removed,.jpg,1824,1824,3
img_6d988ee0a5b3bdd7,Erste Bearbeitungssufe Viertel/_DSC1477_q1.JPG,Erste Bearbeitungssufe Viertel,val,DSC1477,quarter_suffix_removed,.jpg,1824,1824,3
img_43ed39452ec5ae71,Erste Bearbeitungssufe Viertel/_DSC1477_q2.JPG,Erste Bearbeitungssufe Viertel,val,DSC1477,quarter_suffix_removed,.jpg,1824,1824,3
img_be73727f82ef90d4,Erste Bearbeitungssufe Viertel/_DSC1477_q4.JPG,Erste Bearbeitungssufe Viertel,val,DSC1477,quarter_suffix_removed,.jpg,1824,1824,3
img_338fd94bb5daa3ee,Erste Bearbeitungssufe Viertel/_DSC1478_q1.JPG,Erste Bearbeitungssufe Viertel,train,DSC1478,quarter_suffix_removed,.jpg,1824,1824,3
img_8955f82102f54474,Erste Bearbeitungssufe Viertel/_DSC1478_q2.JPG,Erste Bearbeitungssufe Viertel,train,DSC1478,quarter_suffix_removed,.jpg,1824,1824,3
img_92dcc06f952eecf7,Erste Bearbeitungssufe Viertel/_DSC1478_q3.JPG,Erste Bearbeitungssufe Viertel,train,DSC1478,quarter_suffix_removed,.jpg,1824,1824,3
img_682acaaecc08f5f3,Erste Bearbeitungssufe Viertel/_DSC1478_q4.JPG,Erste Bearbeitungssufe Viertel,train,DSC1478,quarter_suffix_removed,.jpg,1824,1824,3
img_68ed90e835c9342d,Erste Bearbeitungssufe Viertel/_DSC1479_q1.JPG,Erste Bearbeitungssufe Viertel,train,DSC1479,quarter_suffix_removed,.jpg,1824,1824,3
img_f44f162770e0ef0b,Erste Bearbeitungssufe Viertel/_DSC1479_q2.JPG,Erste Bearbeitungssufe Viertel,train,DSC1479,quarter_suffix_removed,.jpg,1824,1824,3
img_acaeaf64bb21ac66,Erste Bearbeitungssufe Viertel/_DSC1480_q1.JPG,Erste Bearbeitungssufe Viertel,test,DSC1480,quarter_suffix_removed,.jpg,1824,1824,3
img_9d0d22c3920fb003,Erste Bearbeitungssufe Viertel/_DSC1480_q2.JPG,Erste Bearbeitungssufe Viertel,test,DSC1480,quarter_suffix_removed,.jpg,1824,1824,3
img_1b4654fde83cb4ba,Erste Bearbeitungssufe Viertel/_DSC1480_q3.JPG,Erste Bearbeitungssufe Viertel,test,DSC1480,quarter_suffix_removed,.jpg,1824,1824,3
img_f77c65b0f3f11f52,Erste Bearbeitungssufe Viertel/_DSC1481_q1.JPG,Erste Bearbeitungssufe Viertel,train,DSC1481,quarter_suffix_removed,.jpg,1824,1824,3
img_cef19c5b4f144c37,Erste Bearbeitungssufe Viertel/_DSC1481_q2.JPG,Erste Bearbeitungssufe Viertel,train,DSC1481,quarter_suffix_removed,.jpg,1824,1824,3
img_7d21552a56dc4613,Erste Bearbeitungssufe Viertel/_DSC1481_q3.JPG,Erste Bearbeitungssufe Viertel,train,DSC1481,quarter_suffix_removed,.jpg,1824,1824,3
img_af16004959dc28c4,Erste Bearbeitungssufe Viertel/_DSC1481_q4.JPG,Erste Bearbeitungssufe Viertel,train,DSC1481,quarter_suffix_removed,.jpg,1824,1824,3
img_717f0b32c508a72e,Erste Bearbeitungssufe Viertel/_DSC1482_q1.JPG,Erste Bearbeitungssufe Viertel,val,DSC1482,quarter_suffix_removed,.jpg,1824,1824,3
img_2bc4e59fde903632,Erste Bearbeitungssufe Viertel/_DSC1482_q2.JPG,Erste Bearbeitungssufe Viertel,val,DSC1482,quarter_suffix_removed,.jpg,1824,1824,3
img_dc48a5f87bc8a53a,Erste Bearbeitungssufe Viertel/_DSC1482_q3.JPG,Erste Bearbeitungssufe Viertel,val,DSC1482,quarter_suffix_removed,.jpg,1824,1824,3
img_41ee160dc8d1b755,Erste Bearbeitungssufe Viertel/_DSC1482_q4.JPG,Erste Bearbeitungssufe Viertel,val,DSC1482,quarter_suffix_removed,.jpg,1824,1824,3
img_4a16c17588c2b18c,Erste Bearbeitungssufe Viertel/_DSC1483_q1.JPG,Erste Bearbeitungssufe Viertel,train,DSC1483,quarter_suffix_removed,.jpg,1824,1824,3
img_13445b43f3c0487f,Erste Bearbeitungssufe Viertel/_DSC1483_q2.JPG,Erste Bearbeitungssufe Viertel,train,DSC1483,quarter_suffix_removed,.jpg,1824,1824,3
img_c9c01ac06a18b59e,Erste Bearbeitungssufe Viertel/_DSC1483_q3.JPG,Erste Bearbeitungssufe Viertel,train,DSC1483,quarter_suffix_removed,.jpg,1824,1824,3
img_ea61c7b4cc7ee8d3,Erste Bearbeitungssufe Viertel/_DSC1483_q4.JPG,Erste Bearbeitungssufe Viertel,train,DSC1483,quarter_suffix_removed,.jpg,1824,1824,3
img_4f063dcb23eaa3be,Erste Bearbeitungssufe Viertel/_DSC1484_q1.JPG,Erste Bearbeitungssufe Viertel,test,DSC1484,quarter_suffix_removed,.jpg,1824,1824,3
img_54b72a0669313dc3,Erste Bearbeitungssufe Viertel/_DSC1484_q2.JPG,Erste Bearbeitungssufe Viertel,test,DSC1484,quarter_suffix_removed,.jpg,1824,1824,3
img_a4b7ae704633f022,Erste Bearbeitungssufe Viertel/_DSC1484_q3.JPG,Erste Bearbeitungssufe Viertel,test,DSC1484,quarter_suffix_removed,.jpg,1824,1824,3
img_f08a81e67b6d4a34,Erste Bearbeitungssufe Viertel/_DSC1484_q4.JPG,Erste Bearbeitungssufe Viertel,test,DSC1484,quarter_suffix_removed,.jpg,1824,1824,3
img_94f761e0d0105e5d,Erste Bearbeitungssufe Viertel/_DSC1486_q1.JPG,Erste Bearbeitungssufe Viertel,train,DSC1486,quarter_suffix_removed,.jpg,1824,1824,3
img_bc3806b025366da1,Erste Bearbeitungssufe Viertel/_DSC1486_q2.JPG,Erste Bearbeitungssufe Viertel,train,DSC1486,quarter_suffix_removed,.jpg,1824,1824,3
img_6f75404512de48fa,Erste Bearbeitungssufe Viertel/_DSC1486_q3.JPG,Erste Bearbeitungssufe Viertel,train,DSC1486,quarter_suffix_removed,.jpg,1824,1824,3
img_345f22ea9ed8e62c,Erste Bearbeitungssufe Viertel/_DSC1486_q4.JPG,Erste Bearbeitungssufe Viertel,train,DSC1486,quarter_suffix_removed,.jpg,1824,1824,3
img_175ff559d5aa023a,Erste Bearbeitungssufe Viertel/_DSC1489_q1.JPG,Erste Bearbeitungssufe Viertel,train,DSC1489,quarter_suffix_removed,.jpg,1824,1824,3
img_eecc017bc5bcfe7b,Erste Bearbeitungssufe Viertel/_DSC1489_q2.JPG,Erste Bearbeitungssufe Viertel,train,DSC1489,quarter_suffix_removed,.jpg,1824,1824,3
img_83c48541fcf92a42,Erste Bearbeitungssufe Viertel/_DSC1489_q3.JPG,Erste Bearbeitungssufe Viertel,train,DSC1489,quarter_suffix_removed,.jpg,1824,1824,3
img_970a28d813ef7529,Erste Bearbeitungssufe Viertel/_DSC1489_q4.JPG,Erste Bearbeitungssufe Viertel,train,DSC1489,quarter_suffix_removed,.jpg,1824,1824,3
img_7e02edcccca7ad8f,Erste Bearbeitungssufe Viertel/_DSC1491_q1.JPG,Erste Bearbeitungssufe Viertel,train,DSC1491,quarter_suffix_removed,.jpg,1824,1824,3
img_1adfe71fd0e90ba1,Erste Bearbeitungssufe Viertel/_DSC1491_q2.JPG,Erste Bearbeitungssufe Viertel,train,DSC1491,quarter_suffix_removed,.jpg,1824,1824,3
img_c5dc49c6d7f2fec4,Erste Bearbeitungssufe Viertel/_DSC1491_q3.JPG,Erste Bearbeitungssufe Viertel,train,DSC1491,quarter_suffix_removed,.jpg,1824,1824,3
img_17a21d344a0b7e3b,Erste Bearbeitungssufe Viertel/_DSC1491_q4.JPG,Erste Bearbeitungssufe Viertel,train,DSC1491,quarter_suffix_removed,.jpg,1824,1824,3
img_87627c501ac28881,Erste Bearbeitungssufe Viertel/_DSC1506_q3.JPG,Erste Bearbeitungssufe Viertel,train,DSC1506,quarter_suffix_removed,.jpg,1824,1824,3
img_b143b65b6a34cfd0,Erste Bearbeitungssufe Viertel/_DSC1506_q4.JPG,Erste Bearbeitungssufe Viertel,train,DSC1506,quarter_suffix_removed,.jpg,1824,1824,3
img_5cea469cd52b2481,Erste Bearbeitungssufe Viertel/_DSC1507_q3.JPG,Erste Bearbeitungssufe Viertel,train,DSC1507,quarter_suffix_removed,.jpg,1824,1824,3
img_8dc4dcbb78baf3d7,Erste Bearbeitungssufe Viertel/_DSC1507_q4.JPG,Erste Bearbeitungssufe Viertel,train,DSC1507,quarter_suffix_removed,.jpg,1824,1824,3
img_d54094e3dbdb686c,Erste Bearbeitungssufe Viertel/_DSC1509_q3.JPG,Erste Bearbeitungssufe Viertel,test,DSC1509,quarter_suffix_removed,.jpg,1824,1824,3
img_5ab14c9eb73249b7,Erste Bearbeitungssufe Viertel/_DSC1509_q4.JPG,Erste Bearbeitungssufe Viertel,test,DSC1509,quarter_suffix_removed,.jpg,1824,1824,3
img_bf00db8fb90a10a2,Erste Bearbeitungssufe Viertel/_DSC1653_q1.JPG,Erste Bearbeitungssufe Viertel,train,DSC1653,quarter_suffix_removed,.jpg,1824,1824,3
img_f328c7766a103c2b,Erste Bearbeitungssufe Viertel/_DSC1653_q2.JPG,Erste Bearbeitungssufe Viertel,train,DSC1653,quarter_suffix_removed,.jpg,1824,1824,3
img_c7e5f6e7ceabbad1,Erste Bearbeitungssufe Viertel/_DSC1653_q4.JPG,Erste Bearbeitungssufe Viertel,train,DSC1653,quarter_suffix_removed,.jpg,1824,1824,3
img_04239ea83481a5fe,Erste Bearbeitungssufe Viertel/_DSC1657_q3.JPG,Erste Bearbeitungssufe Viertel,train,DSC1657,quarter_suffix_removed,.jpg,1824,1824,3
img_024ca31105b5878f,Erste Bearbeitungssufe Viertel/_DSC1660_q1.JPG,Erste Bearbeitungssufe Viertel,train,DSC1660,quarter_suffix_removed,.jpg,1824,1824,3
img_7ead7ff26095f360,Erste Bearbeitungssufe Viertel/_DSC1661_q3.JPG,Erste Bearbeitungssufe Viertel,test,DSC1661,quarter_suffix_removed,.jpg,1824,1824,3
img_11719f0879138cf5,Erste Bearbeitungssufe Viertel/_DSC1663_q1.JPG,Erste Bearbeitungssufe Viertel,val,DSC1663,quarter_suffix_removed,.jpg,1824,1824,3
img_ea66481439123371,Erste Bearbeitungssufe Viertel/_DSC1686_q2.JPG,Erste Bearbeitungssufe Viertel,train,DSC1686,quarter_suffix_removed,.jpg,1824,1824,3
img_cedf97a577280adb,Erste Bearbeitungssufe Viertel/_DSC1688_q3.JPG,Erste Bearbeitungssufe Viertel,train,DSC1688,quarter_suffix_removed,.jpg,1824,1824,3
img_bc26923dad253409,Erste Bearbeitungssufe Viertel/_DSC1688_q4.JPG,Erste Bearbeitungssufe Viertel,train,DSC1688,quarter_suffix_removed,.jpg,1824,1824,3
img_2742a8177c9e9b72,Erste Bearbeitungssufe Viertel/_DSC1689_q1.JPG,Erste Bearbeitungssufe Viertel,train,DSC1689,quarter_suffix_removed,.jpg,1824,1824,3
img_db3ba91205c07d74,Erste Bearbeitungssufe Viertel/_DSC1689_q3.JPG,Erste Bearbeitungssufe Viertel,train,DSC1689,quarter_suffix_removed,.jpg,1824,1824,3
img_2e80a76c74f58dc1,Erste Bearbeitungssufe Viertel/_DSC1690_q1.JPG,Erste Bearbeitungssufe Viertel,val,DSC1690,quarter_suffix_removed,.jpg,1824,1824,3
img_7bee42ac6fc54a35,Erste Bearbeitungssufe Viertel/_DSC1690_q3.JPG,Erste Bearbeitungssufe Viertel,val,DSC1690,quarter_suffix_removed,.jpg,1824,1824,3
img_39b0050725c9c7b0,Erste Bearbeitungssufe Viertel/_DSC1691_q2.JPG,Erste Bearbeitungssufe Viertel,test,DSC1691,quarter_suffix_removed,.jpg,1824,1824,3
img_1087b52abdb523be,Erste Bearbeitungssufe Viertel/_DSC1691_q4.JPG,Erste Bearbeitungssufe Viertel,test,DSC1691,quarter_suffix_removed,.jpg,1824,1824,3
img_a6c2394e65858c6d,Erste Bearbeitungssufe Viertel/_DSC1692_q2.JPG,Erste Bearbeitungssufe Viertel,train,DSC1692,quarter_suffix_removed,.jpg,1824,1824,3
img_327c79db5ddd9dee,Erste Bearbeitungssufe Viertel/_DSC1692_q4.JPG,Erste Bearbeitungssufe Viertel,train,DSC1692,quarter_suffix_removed,.jpg,1824,1824,3
img_efd8052d3d72c0e8,Erste Bearbeitungssufe Viertel/_DSC1694_q2.JPG,Erste Bearbeitungssufe Viertel,train,DSC1694,quarter_suffix_removed,.jpg,1824,1824,3
img_69a85790df046805,Erste Bearbeitungssufe Viertel/_DSC1694_q4.JPG,Erste Bearbeitungssufe Viertel,train,DSC1694,quarter_suffix_removed,.jpg,1824,1824,3
img_444bd8eb35c0800d,Erste Bearbeitungssufe Viertel/_DSC1696_q1.JPG,Erste Bearbeitungssufe Viertel,train,DSC1696,quarter_suffix_removed,.jpg,1824,1824,3
img_f34274a118b2f09b,Erste Bearbeitungssufe Viertel/_DSC1696_q2.JPG,Erste Bearbeitungssufe Viertel,train,DSC1696,quarter_suffix_removed,.jpg,1824,1824,3
img_7f97a5f2d7d2dc15,Erste Bearbeitungssufe Viertel/_DSC1696_q3.JPG,Erste Bearbeitungssufe Viertel,train,DSC1696,quarter_suffix_removed,.jpg,1824,1824,3
img_ae9816e7696cd873,Erste Bearbeitungssufe Viertel/_DSC1696_q4.JPG,Erste Bearbeitungssufe Viertel,train,DSC1696,quarter_suffix_removed,.jpg,1824,1824,3
img_d2bdf524df151a85,Erste Bearbeitungssufe Viertel/_DSC1698_q3.JPG,Erste Bearbeitungssufe Viertel,train,DSC1698,quarter_suffix_removed,.jpg,1824,1824,3
img_472db9426dba5c19,Erste Bearbeitungssufe Viertel/_DSC1698_q4.JPG,Erste Bearbeitungssufe Viertel,train,DSC1698,quarter_suffix_removed,.jpg,1824,1824,3
img_cf3560efee30d419,Erste Bearbeitungssufe Viertel/_DSC1699_q1.JPG,Erste Bearbeitungssufe Viertel,test,DSC1699,quarter_suffix_removed,.jpg,1824,1824,3
img_ca0db690c4ba0f39,Erste Bearbeitungssufe Viertel/_DSC1699_q2.JPG,Erste Bearbeitungssufe Viertel,test,DSC1699,quarter_suffix_removed,.jpg,1824,1824,3
img_c0250e01e6cee8e0,Erste Bearbeitungssufe Viertel/_DSC1699_q3.JPG,Erste Bearbeitungssufe Viertel,test,DSC1699,quarter_suffix_removed,.jpg,1824,1824,3
img_839d9efb437ae58d,Erste Bearbeitungssufe Viertel/_DSC1699_q4.JPG,Erste Bearbeitungssufe Viertel,test,DSC1699,quarter_suffix_removed,.jpg,1824,1824,3
img_98860dd1af0ea354,Erste Bearbeitungssufe Viertel/_DSC1700_q1.JPG,Erste Bearbeitungssufe Viertel,val,DSC1700,quarter_suffix_removed,.jpg,1824,1824,3
img_f337562d7650dc71,Erste Bearbeitungssufe Viertel/_DSC1700_q2.JPG,Erste Bearbeitungssufe Viertel,val,DSC1700,quarter_suffix_removed,.jpg,1824,1824,3
img_3a21f8f22cf0dcc9,Erste Bearbeitungssufe Viertel/_DSC1700_q3.JPG,Erste Bearbeitungssufe Viertel,val,DSC1700,quarter_suffix_removed,.jpg,1824,1824,3
img_5dd76bf948c981e7,Erste Bearbeitungssufe Viertel/_DSC1700_q4.JPG,Erste Bearbeitungssufe Viertel,val,DSC1700,quarter_suffix_removed,.jpg,1824,1824,3
img_4b3ad0cf18c7b862,Erste Bearbeitungssufe Viertel/_DSC1702_q1.JPG,Erste Bearbeitungssufe Viertel,train,DSC1702,quarter_suffix_removed,.jpg,1824,1824,3
img_f5ddf4ac03c696c0,Erste Bearbeitungssufe Viertel/_DSC1702_q2.JPG,Erste Bearbeitungssufe Viertel,train,DSC1702,quarter_suffix_removed,.jpg,1824,1824,3
img_42d846b8e2fb6ce7,Erste Bearbeitungssufe Viertel/_DSC1702_q4.JPG,Erste Bearbeitungssufe Viertel,train,DSC1702,quarter_suffix_removed,.jpg,1824,1824,3
img_a4afd232f7e1b5d1,Erste Bearbeitungssufe Viertel/_DSC1703_q1.JPG,Erste Bearbeitungssufe Viertel,train,DSC1703,quarter_suffix_removed,.jpg,1824,1824,3
img_70b86447dd5d3c6e,Erste Bearbeitungssufe Viertel/_DSC1703_q2.JPG,Erste Bearbeitungssufe Viertel,train,DSC1703,quarter_suffix_removed,.jpg,1824,1824,3
img_1d2a5bf3ad81c306,Erste Bearbeitungssufe Viertel/_DSC1703_q3.JPG,Erste Bearbeitungssufe Viertel,train,DSC1703,quarter_suffix_removed,.jpg,1824,1824,3
img_e2e2df7671a2fffa,Erste Bearbeitungssufe Viertel/_DSC1704_q1.JPG,Erste Bearbeitungssufe Viertel,train,DSC1704,quarter_suffix_removed,.jpg,1824,1824,3
img_819f8bde147c4210,Erste Bearbeitungssufe Viertel/_DSC1704_q3.JPG,Erste Bearbeitungssufe Viertel,train,DSC1704,quarter_suffix_removed,.jpg,1824,1824,3
img_abacd337d4bc0ead,Erste Bearbeitungssufe Viertel/_DSC1706_q1.JPG,Erste Bearbeitungssufe Viertel,train,DSC1706,quarter_suffix_removed,.jpg,1824,1824,3
img_492d170e70faa0b2,Erste Bearbeitungssufe Viertel/_DSC1706_q2.JPG,Erste Bearbeitungssufe Viertel,train,DSC1706,quarter_suffix_removed,.jpg,1824,1824,3
img_6d0aa6873cf0a685,Erste Bearbeitungssufe Viertel/_DSC1706_q3.JPG,Erste Bearbeitungssufe Viertel,train,DSC1706,quarter_suffix_removed,.jpg,1824,1824,3
img_77788d3c533ee174,Erste Bearbeitungssufe Viertel/_DSC1706_q4.JPG,Erste Bearbeitungssufe Viertel,train,DSC1706,quarter_suffix_removed,.jpg,1824,1824,3
img_4f8a4741133ef409,Erste Bearbeitungssufe Viertel/_DSC1708_q2.JPG,Erste Bearbeitungssufe Viertel,train,DSC1708,quarter_suffix_removed,.jpg,1824,1824,3
img_7ff955055bd14d99,Erste Bearbeitungssufe Viertel/_DSC1708_q3.JPG,Erste Bearbeitungssufe Viertel,train,DSC1708,quarter_suffix_removed,.jpg,1824,1824,3
img_f38208f3eab77fb3,Erste Bearbeitungssufe Viertel/_DSC1708_q4.JPG,Erste Bearbeitungssufe Viertel,train,DSC1708,quarter_suffix_removed,.jpg,1824,1824,3
img_982f2a48521ae03d,Erste Bearbeitungssufe Viertel/_DSC1709_q1.JPG,Erste Bearbeitungssufe Viertel,val,DSC1709,quarter_suffix_removed,.jpg,1824,1824,3
img_409bb9b37f40c908,Erste Bearbeitungssufe Viertel/_DSC1709_q2.JPG,Erste Bearbeitungssufe Viertel,val,DSC1709,quarter_suffix_removed,.jpg,1824,1824,3
img_3c33ed6c87cdaa1f,Erste Bearbeitungssufe Viertel/_DSC1709_q4.JPG,Erste Bearbeitungssufe Viertel,val,DSC1709,quarter_suffix_removed,.jpg,1824,1824,3
img_e5bc69596161c17a,Erste Bearbeitungssufe Viertel/_DSC1710_q1.JPG,Erste Bearbeitungssufe Viertel,test,DSC1710,quarter_suffix_removed,.jpg,1824,1824,3
img_7eb71da791203d12,Erste Bearbeitungssufe Viertel/_DSC1710_q2.JPG,Erste Bearbeitungssufe Viertel,test,DSC1710,quarter_suffix_removed,.jpg,1824,1824,3
img_e78986cfa0ae5ada,Erste Bearbeitungssufe Viertel/_DSC1710_q4.JPG,Erste Bearbeitungssufe Viertel,test,DSC1710,quarter_suffix_removed,.jpg,1824,1824,3
img_b3a1eb103d206632,Erste Bearbeitungssufe Viertel/_DSC1884_q2.JPG,Erste Bearbeitungssufe Viertel,train,DSC1884,quarter_suffix_removed,.jpg,1824,1824,3
img_f3244b2a5a21a59c,Erste Bearbeitungssufe Viertel/_DSC1886_q1.JPG,Erste Bearbeitungssufe Viertel,train,DSC1886,quarter_suffix_removed,.jpg,1824,1824,3
img_923db2b196e36545,Erste Bearbeitungssufe Viertel/_DSC1886_q2.JPG,Erste Bearbeitungssufe Viertel,train,DSC1886,quarter_suffix_removed,.jpg,1824,1824,3
img_5080f154e711120c,Erste Bearbeitungssufe Viertel/_DSC1886_q3.JPG,Erste Bearbeitungssufe Viertel,train,DSC1886,quarter_suffix_removed,.jpg,1824,1824,3
img_0f6149872d978c00,Erste Bearbeitungssufe Viertel/_DSC1886_q4.JPG,Erste Bearbeitungssufe Viertel,train,DSC1886,quarter_suffix_removed,.jpg,1824,1824,3
img_e78af28a2ef1479e,Erste Bearbeitungssufe Viertel/_DSC1887_q1.JPG,Erste Bearbeitungssufe Viertel,train,DSC1887,quarter_suffix_removed,.jpg,1824,1824,3
img_ab31ac0871a7da82,Erste Bearbeitungssufe Viertel/_DSC1887_q2.JPG,Erste Bearbeitungssufe Viertel,train,DSC1887,quarter_suffix_removed,.jpg,1824,1824,3
img_00e899371110d369,Erste Bearbeitungssufe Viertel/_DSC1887_q3.JPG,Erste Bearbeitungssufe Viertel,train,DSC1887,quarter_suffix_removed,.jpg,1824,1824,3
img_db512d733cce65c7,Erste Bearbeitungssufe Viertel/_DSC1887_q4.JPG,Erste Bearbeitungssufe Viertel,train,DSC1887,quarter_suffix_removed,.jpg,1824,1824,3
img_9c4e5ee18ec7a0b3,Erste Bearbeitungssufe Viertel/_DSC1888_q1.JPG,Erste Bearbeitungssufe Viertel,train,DSC1888,quarter_suffix_removed,.jpg,1824,1824,3
img_1cfc72b114a46f42,Erste Bearbeitungssufe Viertel/_DSC1888_q2.JPG,Erste Bearbeitungssufe Viertel,train,DSC1888,quarter_suffix_removed,.jpg,1824,1824,3
img_ad5af05a2191093f,Erste Bearbeitungssufe Viertel/_DSC1888_q3.JPG,Erste Bearbeitungssufe Viertel,train,DSC1888,quarter_suffix_removed,.jpg,1824,1824,3
img_63f3fc513431a6ca,Erste Bearbeitungssufe Viertel/_DSC1888_q4.JPG,Erste Bearbeitungssufe Viertel,train,DSC1888,quarter_suffix_removed,.jpg,1824,1824,3
img_ff810e38571bc4b9,Erste Bearbeitungssufe Viertel/_DSC1889_q1.JPG,Erste Bearbeitungssufe Viertel,train,DSC1889,quarter_suffix_removed,.jpg,1824,1824,3
img_8ef40fbb1baeb461,Erste Bearbeitungssufe Viertel/_DSC1889_q2.JPG,Erste Bearbeitungssufe Viertel,train,DSC1889,quarter_suffix_removed,.jpg,1824,1824,3
img_03fc70046741eb65,Erste Bearbeitungssufe Viertel/_DSC1889_q3.JPG,Erste Bearbeitungssufe Viertel,train,DSC1889,quarter_suffix_removed,.jpg,1824,1824,3
img_d911977ee4547688,Erste Bearbeitungssufe Viertel/_DSC1889_q4.JPG,Erste Bearbeitungssufe Viertel,train,DSC1889,quarter_suffix_removed,.jpg,1824,1824,3
img_cd167e9db8fe1c2d,Erste Bearbeitungssufe Viertel/_DSC1890_q1.JPG,Erste Bearbeitungssufe Viertel,train,DSC1890,quarter_suffix_removed,.jpg,1824,1824,3
img_378baf52ad71470c,Erste Bearbeitungssufe Viertel/_DSC1890_q2.JPG,Erste Bearbeitungssufe Viertel,train,DSC1890,quarter_suffix_removed,.jpg,1824,1824,3
img_225fc2b5add8584f,Erste Bearbeitungssufe Viertel/_DSC1891_q1.JPG,Erste Bearbeitungssufe Viertel,val,DSC1891,quarter_suffix_removed,.jpg,1824,1824,3
img_61eeda4c398bc161,Erste Bearbeitungssufe Viertel/_DSC1891_q3.JPG,Erste Bearbeitungssufe Viertel,val,DSC1891,quarter_suffix_removed,.jpg,1824,1824,3
img_074affb16db2fbd7,Erste Bearbeitungssufe Viertel/_DSC1892_q1.JPG,Erste Bearbeitungssufe Viertel,test,DSC1892,quarter_suffix_removed,.jpg,1824,1824,3
img_ba2d14f37c79f757,Erste Bearbeitungssufe Viertel/_DSC1892_q2.JPG,Erste Bearbeitungssufe Viertel,test,DSC1892,quarter_suffix_removed,.jpg,1824,1824,3
img_4af2c265451fd692,Erste Bearbeitungssufe Viertel/_DSC1892_q3.JPG,Erste Bearbeitungssufe Viertel,test,DSC1892,quarter_suffix_removed,.jpg,1824,1824,3
img_627004b730369154,Erste Bearbeitungssufe Viertel/_DSC1892_q4.JPG,Erste Bearbeitungssufe Viertel,test,DSC1892,quarter_suffix_removed,.jpg,1824,1824,3
img_b1aea71cc1ca5b57,Erste Bearbeitungssufe Viertel/_DSC1893_q1.JPG,Erste Bearbeitungssufe Viertel,val,DSC1893,quarter_suffix_removed,.jpg,1824,1824,3
img_836aa8c6a0ca2b68,Erste Bearbeitungssufe Viertel/_DSC1893_q2.JPG,Erste Bearbeitungssufe Viertel,val,DSC1893,quarter_suffix_removed,.jpg,1824,1824,3
img_ee5c71589c480aee,Erste Bearbeitungssufe Viertel/_DSC1893_q3.JPG,Erste Bearbeitungssufe Viertel,val,DSC1893,quarter_suffix_removed,.jpg,1824,1824,3
img_1b23bbea72e697c3,Erste Bearbeitungssufe Viertel/_DSC1893_q4.JPG,Erste Bearbeitungssufe Viertel,val,DSC1893,quarter_suffix_removed,.jpg,1824,1824,3
img_05b2e2802d6d3b3f,Erste Bearbeitungssufe Viertel/_DSC1894_q1.JPG,Erste Bearbeitungssufe Viertel,train,DSC1894,quarter_suffix_removed,.jpg,1824,1824,3
img_cce1cb94bca553dc,Erste Bearbeitungssufe Viertel/_DSC1894_q2.JPG,Erste Bearbeitungssufe Viertel,train,DSC1894,quarter_suffix_removed,.jpg,1824,1824,3
img_3cee50beb20a96a7,Erste Bearbeitungssufe Viertel/_DSC1894_q3.JPG,Erste Bearbeitungssufe Viertel,train,DSC1894,quarter_suffix_removed,.jpg,1824,1824,3
img_aee20dbeddde49cf,Erste Bearbeitungssufe Viertel/_DSC1894_q4.JPG,Erste Bearbeitungssufe Viertel,train,DSC1894,quarter_suffix_removed,.jpg,1824,1824,3
img_e507d576e6b81fa1,Erste Bearbeitungssufe Viertel/_DSC1895_q1.JPG,Erste Bearbeitungssufe Viertel,test,DSC1895,quarter_suffix_removed,.jpg,1824,1824,3
img_b9461159afbedfee,Erste Bearbeitungssufe Viertel/_DSC1895_q3.JPG,Erste Bearbeitungssufe Viertel,test,DSC1895,quarter_suffix_removed,.jpg,1824,1824,3
img_47f0adff7fe50191,Erste Bearbeitungssufe Viertel/_DSC1897_q2.JPG,Erste Bearbeitungssufe Viertel,train,DSC1897,quarter_suffix_removed,.jpg,1824,1824,3
img_bb15980daccdab6e,Erste Bearbeitungssufe Viertel/_DSC1897_q3.JPG,Erste Bearbeitungssufe Viertel,train,DSC1897,quarter_suffix_removed,.jpg,1824,1824,3
img_1f33ea132bbbd273,Erste Bearbeitungssufe Viertel/_DSC1897_q4.JPG,Erste Bearbeitungssufe Viertel,train,DSC1897,quarter_suffix_removed,.jpg,1824,1824,3
img_fa34369b4d1882a6,Erste Bearbeitungssufe Viertel/_DSC1899_q1.JPG,Erste Bearbeitungssufe Viertel,train,DSC1899,quarter_suffix_removed,.jpg,1824,1824,3
img_73075e8f60807168,Erste Bearbeitungssufe Viertel/_DSC1899_q2.JPG,Erste Bearbeitungssufe Viertel,train,DSC1899,quarter_suffix_removed,.jpg,1824,1824,3
img_cdc999a72adbc405,Erste Bearbeitungssufe Viertel/_DSC1900_q1.JPG,Erste Bearbeitungssufe Viertel,train,DSC1900,quarter_suffix_removed,.jpg,1824,1824,3
img_6b43d7cd3160e494,Erste Bearbeitungssufe Viertel/_DSC1900_q2.JPG,Erste Bearbeitungssufe Viertel,train,DSC1900,quarter_suffix_removed,.jpg,1824,1824,3
img_46e5f835afd712e1,Erste Bearbeitungssufe Viertel/_DSC1900_q4.JPG,Erste Bearbeitungssufe Viertel,train,DSC1900,quarter_suffix_removed,.jpg,1824,1824,3
img_aac763ef676d828e,Erste Bearbeitungssufe Viertel/_DSC1901_q1.JPG,Erste Bearbeitungssufe Viertel,train,DSC1901,quarter_suffix_removed,.jpg,1824,1824,3
img_778f74c61696fa5c,Erste Bearbeitungssufe Viertel/_DSC1901_q3.JPG,Erste Bearbeitungssufe Viertel,train,DSC1901,quarter_suffix_removed,.jpg,1824,1824,3
img_6dc3165fd04b3438,Erste Bearbeitungssufe Viertel/_DSC1901_q4.JPG,Erste Bearbeitungssufe Viertel,train,DSC1901,quarter_suffix_removed,.jpg,1824,1824,3
img_280a32c182b93f69,Erste Bearbeitungssufe Viertel/_DSC1902_q1.JPG,Erste Bearbeitungssufe Viertel,train,DSC1902,quarter_suffix_removed,.jpg,1824,1824,3
img_e0cb3e433dd37e53,Erste Bearbeitungssufe Viertel/_DSC1902_q2.JPG,Erste Bearbeitungssufe Viertel,train,DSC1902,quarter_suffix_removed,.jpg,1824,1824,3
img_2856ac69debb73f1,Erste Bearbeitungssufe Viertel/_DSC1902_q3.JPG,Erste Bearbeitungssufe Viertel,train,DSC1902,quarter_suffix_removed,.jpg,1824,1824,3
img_a6b79cc9a1abd9ac,Erste Bearbeitungssufe Viertel/_DSC1902_q4.JPG,Erste Bearbeitungssufe Viertel,train,DSC1902,quarter_suffix_removed,.jpg,1824,1824,3
img_4981898504c56005,Erste Bearbeitungssufe Viertel/_DSC1903_q1.JPG,Erste Bearbeitungssufe Viertel,train,DSC1903,quarter_suffix_removed,.jpg,1824,1824,3
img_795ffa0dd85605c4,Erste Bearbeitungssufe Viertel/_DSC1903_q2.JPG,Erste Bearbeitungssufe Viertel,train,DSC1903,quarter_suffix_removed,.jpg,1824,1824,3
img_08d9c5b38228571c,Erste Bearbeitungssufe Viertel/_DSC1903_q3.JPG,Erste Bearbeitungssufe Viertel,train,DSC1903,quarter_suffix_removed,.jpg,1824,1824,3
img_5ad0bfeb85f53dba,Erste Bearbeitungssufe Viertel/_DSC1903_q4.JPG,Erste Bearbeitungssufe Viertel,train,DSC1903,quarter_suffix_removed,.jpg,1824,1824,3
img_f3e9a9dc4830e080,Erste Bearbeitungssufe Viertel/_DSC1904_q1.JPG,Erste Bearbeitungssufe Viertel,train,DSC1904,quarter_suffix_removed,.jpg,1824,1824,3
img_dfa91811d9ed1422,Erste Bearbeitungssufe Viertel/_DSC1904_q2.JPG,Erste Bearbeitungssufe Viertel,train,DSC1904,quarter_suffix_removed,.jpg,1824,1824,3
img_14e0c5dbc6912aa1,Erste Bearbeitungssufe Viertel/_DSC1904_q4.JPG,Erste Bearbeitungssufe Viertel,train,DSC1904,quarter_suffix_removed,.jpg,1824,1824,3
img_37abaa6c2424f9c6,Erste Bearbeitungssufe Viertel/_DSC1905_q1.JPG,Erste Bearbeitungssufe Viertel,train,DSC1905,quarter_suffix_removed,.jpg,1824,1824,3
img_dbcb4037a362836f,Erste Bearbeitungssufe Viertel/_DSC1905_q2.JPG,Erste Bearbeitungssufe Viertel,train,DSC1905,quarter_suffix_removed,.jpg,1824,1824,3
img_6040e8e08155778d,Erste Bearbeitungssufe Viertel/_DSC1905_q4.JPG,Erste Bearbeitungssufe Viertel,train,DSC1905,quarter_suffix_removed,.jpg,1824,1824,3
img_dd0409a313f13977,Erste Bearbeitungssufe Viertel/_DSC1938_q1.JPG,Erste Bearbeitungssufe Viertel,train,DSC1938,quarter_suffix_removed,.jpg,1824,1824,3
img_2da8482bbb422f75,Erste Bearbeitungssufe Viertel/_DSC2072_q1.JPG,Erste Bearbeitungssufe Viertel,train,DSC2072,quarter_suffix_removed,.jpg,1824,1824,3
img_2b2757d0cf3f778f,Erste Bearbeitungssufe Viertel/_DSC2072_q2.JPG,Erste Bearbeitungssufe Viertel,train,DSC2072,quarter_suffix_removed,.jpg,1824,1824,3
img_d8eb94df9f12a2f2,Erste Bearbeitungssufe Viertel/_DSC2072_q3.JPG,Erste Bearbeitungssufe Viertel,train,DSC2072,quarter_suffix_removed,.jpg,1824,1824,3
img_96955f40c1fc2647,Erste Bearbeitungssufe Viertel/_DSC2072_q4.JPG,Erste Bearbeitungssufe Viertel,train,DSC2072,quarter_suffix_removed,.jpg,1824,1824,3
img_c9242d96bcfa4050,Erste Bearbeitungssufe Viertel/_DSC2080_q2.JPG,Erste Bearbeitungssufe Viertel,val,DSC2080,quarter_suffix_removed,.jpg,1824,1824,3
img_5a55b9ff82c159ba,Erste Bearbeitungssufe Viertel/_DSC2080_q3.JPG,Erste Bearbeitungssufe Viertel,val,DSC2080,quarter_suffix_removed,.jpg,1824,1824,3
img_1e84423e728a7fb0,Erste Bearbeitungssufe Viertel/_DSC2080_q4.JPG,Erste Bearbeitungssufe Viertel,val,DSC2080,quarter_suffix_removed,.jpg,1824,1824,3
img_9b34adf97dea29be,Erste Bearbeitungssufe Viertel/_DSC2081_q1.JPG,Erste Bearbeitungssufe Viertel,test,DSC2081,quarter_suffix_removed,.jpg,1824,1824,3
img_2783c292c70ee023,Erste Bearbeitungssufe Viertel/_DSC2081_q3.JPG,Erste Bearbeitungssufe Viertel,test,DSC2081,quarter_suffix_removed,.jpg,1824,1824,3
img_bd56416a46ce10c9,Erste Bearbeitungssufe Viertel/_DSC2081_q4.JPG,Erste Bearbeitungssufe Viertel,test,DSC2081,quarter_suffix_removed,.jpg,1824,1824,3
img_353681312c89918d,Erste Bearbeitungssufe Viertel/_DSC2082_q1.JPG,Erste Bearbeitungssufe Viertel,train,DSC2082,quarter_suffix_removed,.jpg,1824,1824,3
img_6a1cac210d109f11,Erste Bearbeitungssufe Viertel/_DSC2082_q3.JPG,Erste Bearbeitungssufe Viertel,train,DSC2082,quarter_suffix_removed,.jpg,1824,1824,3
img_5517dad194f8ca85,Erste Bearbeitungssufe Viertel/_DSC2083_q1.JPG,Erste Bearbeitungssufe Viertel,train,DSC2083,quarter_suffix_removed,.jpg,1824,1824,3
img_e7800abb42666b3e,Erste Bearbeitungssufe Viertel/_DSC2083_q3.JPG,Erste Bearbeitungssufe Viertel,train,DSC2083,quarter_suffix_removed,.jpg,1824,1824,3
img_11d7c5a40b113065,Erste Bearbeitungssufe Viertel/_DSC2083_q4.JPG,Erste Bearbeitungssufe Viertel,train,DSC2083,quarter_suffix_removed,.jpg,1824,1824,3
img_4998fb5dd7438eb8,Erste Bearbeitungssufe Viertel/_DSC2084_q1.JPG,Erste Bearbeitungssufe Viertel,train,DSC2084,quarter_suffix_removed,.jpg,1824,1824,3
img_2a7925c9ff061d43,Erste Bearbeitungssufe Viertel/_DSC2084_q4.JPG,Erste Bearbeitungssufe Viertel,train,DSC2084,quarter_suffix_removed,.jpg,1824,1824,3
img_0a98742186b936ad,Erste Bearbeitungssufe Viertel/_DSC2085_q1.JPG,Erste Bearbeitungssufe Viertel,train,DSC2085,quarter_suffix_removed,.jpg,1824,1824,3
img_55b881a1502b3e5a,Erste Bearbeitungssufe Viertel/_DSC2085_q2.JPG,Erste Bearbeitungssufe Viertel,train,DSC2085,quarter_suffix_removed,.jpg,1824,1824,3
img_4c1ec27224d8d17d,Erste Bearbeitungssufe Viertel/_DSC2085_q3.JPG,Erste Bearbeitungssufe Viertel,train,DSC2085,quarter_suffix_removed,.jpg,1824,1824,3
img_eb237685df61dffd,Erste Bearbeitungssufe Viertel/_DSC2086_q1.JPG,Erste Bearbeitungssufe Viertel,train,DSC2086,quarter_suffix_removed,.jpg,1824,1824,3
img_7dbc81bf35e2eb59,Erste Bearbeitungssufe Viertel/_DSC2086_q2.JPG,Erste Bearbeitungssufe Viertel,train,DSC2086,quarter_suffix_removed,.jpg,1824,1824,3
img_43ecb0244c3b9cff,Erste Bearbeitungssufe Viertel/_DSC2087_q1.JPG,Erste Bearbeitungssufe Viertel,train,DSC2087,quarter_suffix_removed,.jpg,1824,1824,3
img_c4949e59b722d88e,Erste Bearbeitungssufe Viertel/_DSC2087_q3.JPG,Erste Bearbeitungssufe Viertel,train,DSC2087,quarter_suffix_removed,.jpg,1824,1824,3
img_0d65c66c0084e64d,Erste Bearbeitungssufe Viertel/_DSC2087_q4.JPG,Erste Bearbeitungssufe Viertel,train,DSC2087,quarter_suffix_removed,.jpg,1824,1824,3
img_a92eb66dd9e0dc87,Erste Bearbeitungssufe Viertel/_DSC2088_q1.JPG,Erste Bearbeitungssufe Viertel,train,DSC2088,quarter_suffix_removed,.jpg,1824,1824,3
img_9c7000ba4a78d6e8,Erste Bearbeitungssufe Viertel/_DSC2088_q2.JPG,Erste Bearbeitungssufe Viertel,train,DSC2088,quarter_suffix_removed,.jpg,1824,1824,3
img_e3c22211fe8f62b5,Erste Bearbeitungssufe Viertel/_DSC2088_q3.JPG,Erste Bearbeitungssufe Viertel,train,DSC2088,quarter_suffix_removed,.jpg,1824,1824,3
img_0861becd02eccc8a,Erste Bearbeitungssufe Viertel/_DSC2088_q4.JPG,Erste Bearbeitungssufe Viertel,train,DSC2088,quarter_suffix_removed,.jpg,1824,1824,3
img_3ccb5f8f31947919,Erste Bearbeitungssufe Viertel/_DSC2089_q1.JPG,Erste Bearbeitungssufe Viertel,train,DSC2089,quarter_suffix_removed,.jpg,1824,1824,3
img_2d6d91d0ed63fc2f,Erste Bearbeitungssufe Viertel/_DSC2089_q3.JPG,Erste Bearbeitungssufe Viertel,train,DSC2089,quarter_suffix_removed,.jpg,1824,1824,3
img_0209ce87c5db9a81,Erste Bearbeitungssufe Viertel/_DSC2089_q4.JPG,Erste Bearbeitungssufe Viertel,train,DSC2089,quarter_suffix_removed,.jpg,1824,1824,3
img_95ec0909b9325694,Erste Bearbeitungssufe Viertel/_DSC2090_q2.JPG,Erste Bearbeitungssufe Viertel,train,DSC2090,quarter_suffix_removed,.jpg,1824,1824,3
img_f9366d0bf9903e5f,Erste Bearbeitungssufe Viertel/_DSC2091_q2.JPG,Erste Bearbeitungssufe Viertel,train,DSC2091,quarter_suffix_removed,.jpg,1824,1824,3
img_106befc765b52960,Erste Bearbeitungssufe Viertel/_DSC2093_q1.JPG,Erste Bearbeitungssufe Viertel,val,DSC2093,quarter_suffix_removed,.jpg,1824,1824,3
img_648ce7156467c71a,Erste Bearbeitungssufe Viertel/_DSC2093_q2.JPG,Erste Bearbeitungssufe Viertel,val,DSC2093,quarter_suffix_removed,.jpg,1824,1824,3
img_91e3f85806dabea0,Erste Bearbeitungssufe Viertel/_DSC2094_q1.JPG,Erste Bearbeitungssufe Viertel,test,DSC2094,quarter_suffix_removed,.jpg,1824,1824,3
img_629d5f92c2bbadd4,Erste Bearbeitungssufe Viertel/_DSC2094_q4.JPG,Erste Bearbeitungssufe Viertel,test,DSC2094,quarter_suffix_removed,.jpg,1824,1824,3
img_966b910a298ca15d,Erste Bearbeitungssufe Viertel/_DSC2095_q3.JPG,Erste Bearbeitungssufe Viertel,val,DSC2095,quarter_suffix_removed,.jpg,1824,1824,3
img_3df581b539b67045,Erste Bearbeitungssufe Viertel/_DSC2096_q1.JPG,Erste Bearbeitungssufe Viertel,val,DSC2096,quarter_suffix_removed,.jpg,1824,1824,3
img_a787f4d78fadcf21,Erste Bearbeitungssufe Viertel/_DSC2096_q2.JPG,Erste Bearbeitungssufe Viertel,val,DSC2096,quarter_suffix_removed,.jpg,1824,1824,3
img_ef930531e8c0ab0d,Erste Bearbeitungssufe Viertel/_DSC2096_q3.JPG,Erste Bearbeitungssufe Viertel,val,DSC2096,quarter_suffix_removed,.jpg,1824,1824,3
img_17161be48d1968ac,Erste Bearbeitungssufe Viertel/_DSC2096_q4.JPG,Erste Bearbeitungssufe Viertel,val,DSC2096,quarter_suffix_removed,.jpg,1824,1824,3
img_6fa584be16714356,Erste Bearbeitungssufe Viertel/_DSC2140_q1.JPG,Erste Bearbeitungssufe Viertel,val,DSC2140,quarter_suffix_removed,.jpg,1824,1824,3
img_3de73d514d94f421,Erste Bearbeitungssufe Viertel/_DSC2140_q2.JPG,Erste Bearbeitungssufe Viertel,val,DSC2140,quarter_suffix_removed,.jpg,1824,1824,3
img_d8098cd721a9408b,Erste Bearbeitungssufe Viertel/_DSC2140_q3.JPG,Erste Bearbeitungssufe Viertel,val,DSC2140,quarter_suffix_removed,.jpg,1824,1824,3
img_62c9ad1ef02397c9,Erste Bearbeitungssufe Viertel/_DSC2141_q1.JPG,Erste Bearbeitungssufe Viertel,test,DSC2141,quarter_suffix_removed,.jpg,1824,1824,3
img_dbc5b8a42478728a,Erste Bearbeitungssufe Viertel/_DSC2141_q2.JPG,Erste Bearbeitungssufe Viertel,test,DSC2141,quarter_suffix_removed,.jpg,1824,1824,3
img_e5686512723b4a16,Erste Bearbeitungssufe Viertel/_DSC2141_q3.JPG,Erste Bearbeitungssufe Viertel,test,DSC2141,quarter_suffix_removed,.jpg,1824,1824,3
img_f76cca0bd468976d,Erste Bearbeitungssufe Viertel/_DSC2142_q1.JPG,Erste Bearbeitungssufe Viertel,train,DSC2142,quarter_suffix_removed,.jpg,1824,1824,3
img_d62be2a46dc1a42d,Erste Bearbeitungssufe Viertel/_DSC2142_q2.JPG,Erste Bearbeitungssufe Viertel,train,DSC2142,quarter_suffix_removed,.jpg,1824,1824,3
img_43a7d5ac038b5959,Erste Bearbeitungssufe Viertel/_DSC2142_q4.JPG,Erste Bearbeitungssufe Viertel,train,DSC2142,quarter_suffix_removed,.jpg,1824,1824,3
img_2d118d28b8f87a75,Erste Bearbeitungssufe Viertel/_DSC2143_q1.JPG,Erste Bearbeitungssufe Viertel,test,DSC2143,quarter_suffix_removed,.jpg,1824,1824,3
img_444c3492ee728575,Erste Bearbeitungssufe Viertel/_DSC2143_q2.JPG,Erste Bearbeitungssufe Viertel,test,DSC2143,quarter_suffix_removed,.jpg,1824,1824,3
img_61efe000a47ff52c,Erste Bearbeitungssufe Viertel/_DSC2143_q3.JPG,Erste Bearbeitungssufe Viertel,test,DSC2143,quarter_suffix_removed,.jpg,1824,1824,3
img_f0fbd568d1e8cd07,Erste Bearbeitungssufe Viertel/_DSC2143_q4.JPG,Erste Bearbeitungssufe Viertel,test,DSC2143,quarter_suffix_removed,.jpg,1824,1824,3
img_a9b101f9f2e7f1d8,Erste Bearbeitungssufe Viertel/_DSC2144_q1.JPG,Erste Bearbeitungssufe Viertel,train,DSC2144,quarter_suffix_removed,.jpg,1824,1824,3
img_8e4fdd204f831324,Erste Bearbeitungssufe Viertel/_DSC2144_q2.JPG,Erste Bearbeitungssufe Viertel,train,DSC2144,quarter_suffix_removed,.jpg,1824,1824,3
img_e0eee7cf461aaae5,Erste Bearbeitungssufe Viertel/_DSC2144_q3.JPG,Erste Bearbeitungssufe Viertel,train,DSC2144,quarter_suffix_removed,.jpg,1824,1824,3
img_7c71d56658003be5,Erste Bearbeitungssufe Viertel/_DSC2145_q1.JPG,Erste Bearbeitungssufe Viertel,train,DSC2145,quarter_suffix_removed,.jpg,1824,1824,3
img_f7d4408542eb3f7a,Erste Bearbeitungssufe Viertel/_DSC2145_q3.JPG,Erste Bearbeitungssufe Viertel,train,DSC2145,quarter_suffix_removed,.jpg,1824,1824,3
img_a5be95a1483b0d12,Erste Bearbeitungssufe Viertel/_DSC2147_q1.JPG,Erste Bearbeitungssufe Viertel,train,DSC2147,quarter_suffix_removed,.jpg,1824,1824,3
img_0e10ea482ace20e1,Erste Bearbeitungssufe Viertel/_DSC2147_q2.JPG,Erste Bearbeitungssufe Viertel,train,DSC2147,quarter_suffix_removed,.jpg,1824,1824,3
img_7c49a712f50459ac,Erste Bearbeitungssufe Viertel/_DSC2147_q3.JPG,Erste Bearbeitungssufe Viertel,train,DSC2147,quarter_suffix_removed,.jpg,1824,1824,3
img_14ec617107c6d86b,Erste Bearbeitungssufe Viertel/_DSC2147_q4.JPG,Erste Bearbeitungssufe Viertel,train,DSC2147,quarter_suffix_removed,.jpg,1824,1824,3
img_959043433f88a2c5,Erste Bearbeitungssufe Viertel/_DSC2148_q1.JPG,Erste Bearbeitungssufe Viertel,train,DSC2148,quarter_suffix_removed,.jpg,1824,1824,3
img_a49f7a5b176ce650,Erste Bearbeitungssufe Viertel/_DSC2148_q3.JPG,Erste Bearbeitungssufe Viertel,train,DSC2148,quarter_suffix_removed,.jpg,1824,1824,3
img_8c0b5971ecf47be5,Erste Bearbeitungssufe Viertel/_DSC2148_q4.JPG,Erste Bearbeitungssufe Viertel,train,DSC2148,quarter_suffix_removed,.jpg,1824,1824,3
img_83b8d4e214af044d,Erste Bearbeitungssufe Viertel/_DSC2149_q1.JPG,Erste Bearbeitungssufe Viertel,train,DSC2149,quarter_suffix_removed,.jpg,1824,1824,3
img_d51956edbadcd802,Erste Bearbeitungssufe Viertel/_DSC2149_q2.JPG,Erste Bearbeitungssufe Viertel,train,DSC2149,quarter_suffix_removed,.jpg,1824,1824,3
img_bc56258e6dfc2b30,Erste Bearbeitungssufe Viertel/_DSC2149_q3.JPG,Erste Bearbeitungssufe Viertel,train,DSC2149,quarter_suffix_removed,.jpg,1824,1824,3
img_b3d10fc85cb7038b,Erste Bearbeitungssufe Viertel/_DSC2150_q1.JPG,Erste Bearbeitungssufe Viertel,test,DSC2150,quarter_suffix_removed,.jpg,1824,1824,3
img_cdab7c8d959e30fc,Erste Bearbeitungssufe Viertel/_DSC2151_q1.JPG,Erste Bearbeitungssufe Viertel,train,DSC2151,quarter_suffix_removed,.jpg,1824,1824,3
img_e7866c856ae70863,Erste Bearbeitungssufe Viertel/_DSC2151_q2.JPG,Erste Bearbeitungssufe Viertel,train,DSC2151,quarter_suffix_removed,.jpg,1824,1824,3
img_5240297131591e17,Erste Bearbeitungssufe Viertel/_DSC2151_q3.JPG,Erste Bearbeitungssufe Viertel,train,DSC2151,quarter_suffix_removed,.jpg,1824,1824,3
img_7787b00bd2f7ffad,Erste Bearbeitungssufe Viertel/_DSC2152_q1.JPG,Erste Bearbeitungssufe Viertel,val,DSC2152,quarter_suffix_removed,.jpg,1824,1824,3
img_17a8276b1dfd6534,Erste Bearbeitungssufe Viertel/_DSC2152_q2.JPG,Erste Bearbeitungssufe Viertel,val,DSC2152,quarter_suffix_removed,.jpg,1824,1824,3
img_748b9f5b388ee8cf,Erste Bearbeitungssufe Viertel/_DSC2152_q4.JPG,Erste Bearbeitungssufe Viertel,val,DSC2152,quarter_suffix_removed,.jpg,1824,1824,3
img_d14987c3db490eb5,Erste Bearbeitungssufe Viertel/_DSC2154_q4.JPG,Erste Bearbeitungssufe Viertel,train,DSC2154,quarter_suffix_removed,.jpg,1824,1824,3
img_a901e3d4a57c3ed2,Erste Bearbeitungssufe Viertel/_DSC2155_q2.JPG,Erste Bearbeitungssufe Viertel,train,DSC2155,quarter_suffix_removed,.jpg,1824,1824,3
img_0b45829a5cc5e4a2,Erste Bearbeitungssufe Viertel/_DSC2296_q3.JPG,Erste Bearbeitungssufe Viertel,val,DSC2296,quarter_suffix_removed,.jpg,1824,1824,3
img_df750398f654c5f6,Erste Bearbeitungssufe Viertel/_DSC2321_q1.JPG,Erste Bearbeitungssufe Viertel,train,DSC2321,quarter_suffix_removed,.jpg,1824,1824,3
img_09e3ce3c9feb6600,Erste Bearbeitungssufe Viertel/_DSC2321_q2.JPG,Erste Bearbeitungssufe Viertel,train,DSC2321,quarter_suffix_removed,.jpg,1824,1824,3
img_90177c27c0e82dab,Erste Bearbeitungssufe Viertel/_DSC2321_q3.JPG,Erste Bearbeitungssufe Viertel,train,DSC2321,quarter_suffix_removed,.jpg,1824,1824,3
img_16e43a41bd5f1548,Erste Bearbeitungssufe Viertel/_DSC2322_q1.JPG,Erste Bearbeitungssufe Viertel,test,DSC2322,quarter_suffix_removed,.jpg,1824,1824,3
img_ef8513d5bb82b4f1,Erste Bearbeitungssufe Viertel/_DSC2322_q2.JPG,Erste Bearbeitungssufe Viertel,test,DSC2322,quarter_suffix_removed,.jpg,1824,1824,3
img_a94383dbe5ecdc0d,Erste Bearbeitungssufe Viertel/_DSC2322_q4.JPG,Erste Bearbeitungssufe Viertel,test,DSC2322,quarter_suffix_removed,.jpg,1824,1824,3
img_bbdb8b5da9be3f21,Erste Bearbeitungssufe Viertel/_DSC2323_q1.JPG,Erste Bearbeitungssufe Viertel,train,DSC2323,quarter_suffix_removed,.jpg,1824,1824,3
img_9176bb20fa135d90,Erste Bearbeitungssufe Viertel/_DSC2323_q2.JPG,Erste Bearbeitungssufe Viertel,train,DSC2323,quarter_suffix_removed,.jpg,1824,1824,3
img_09820271e10aff64,Erste Bearbeitungssufe Viertel/_DSC2324_q1.JPG,Erste Bearbeitungssufe Viertel,train,DSC2324,quarter_suffix_removed,.jpg,1824,1824,3
img_48f0f26f518e879b,Erste Bearbeitungssufe Viertel/_DSC2324_q2.JPG,Erste Bearbeitungssufe Viertel,train,DSC2324,quarter_suffix_removed,.jpg,1824,1824,3
img_c8069fbe4d46bd59,Erste Bearbeitungssufe Viertel/_DSC2324_q3.JPG,Erste Bearbeitungssufe Viertel,train,DSC2324,quarter_suffix_removed,.jpg,1824,1824,3
img_ae98ab6ecadd5d15,Erste Bearbeitungssufe Viertel/_DSC2325_q1.JPG,Erste Bearbeitungssufe Viertel,train,DSC2325,quarter_suffix_removed,.jpg,1824,1824,3
img_0491d3b0decec768,Erste Bearbeitungssufe Viertel/_DSC2325_q2.JPG,Erste Bearbeitungssufe Viertel,train,DSC2325,quarter_suffix_removed,.jpg,1824,1824,3
img_1b6d8c5addd023a0,Erste Bearbeitungssufe Viertel/_DSC2325_q4.JPG,Erste Bearbeitungssufe Viertel,train,DSC2325,quarter_suffix_removed,.jpg,1824,1824,3
img_d150ae2eef4c407d,Erste Bearbeitungssufe Viertel/_DSC2350_q1.JPG,Erste Bearbeitungssufe Viertel,train,DSC2350,quarter_suffix_removed,.jpg,1824,1824,3
img_7fbab14581f0b023,Erste Bearbeitungssufe Viertel/_DSC2350_q3.JPG,Erste Bearbeitungssufe Viertel,train,DSC2350,quarter_suffix_removed,.jpg,1824,1824,3
img_bb707acaa90169bb,Erste Bearbeitungssufe Viertel/_DSC2350_q4.JPG,Erste Bearbeitungssufe Viertel,train,DSC2350,quarter_suffix_removed,.jpg,1824,1824,3
img_e1a3725ffe45af1a,Erste Bearbeitungssufe Viertel/_DSC2352_q1.JPG,Erste Bearbeitungssufe Viertel,train,DSC2352,quarter_suffix_removed,.jpg,1824,1824,3
img_d431ad96566fe4b4,Erste Bearbeitungssufe Viertel/_DSC2352_q2.JPG,Erste Bearbeitungssufe Viertel,train,DSC2352,quarter_suffix_removed,.jpg,1824,1824,3
img_85400387a669b2fe,Erste Bearbeitungssufe Viertel/_DSC2352_q3.JPG,Erste Bearbeitungssufe Viertel,train,DSC2352,quarter_suffix_removed,.jpg,1824,1824,3
img_2ec15c0e35e3a519,Erste Bearbeitungssufe Viertel/_DSC2352_q4.JPG,Erste Bearbeitungssufe Viertel,train,DSC2352,quarter_suffix_removed,.jpg,1824,1824,3
img_30a40dc08a76e0c0,Finaler Zustand Viertel/140_q1.bmp,Finaler Zustand Viertel,train,140,quarter_suffix_removed,.bmp,2664,2304,1
img_4146f3361fc6ba0d,Finaler Zustand Viertel/140_q2.bmp,Finaler Zustand Viertel,train,140,quarter_suffix_removed,.bmp,2664,2304,1
img_4b34a9a6dd1a5c3d,Finaler Zustand Viertel/140_q3.bmp,Finaler Zustand Viertel,train,140,quarter_suffix_removed,.bmp,2664,2304,1
img_898cc1aa2a3f64ab,Finaler Zustand Viertel/140_q4.bmp,Finaler Zustand Viertel,train,140,quarter_suffix_removed,.bmp,2664,2304,1
img_d7894e7167709d8b,Finaler Zustand Viertel/141_q1.bmp,Finaler Zustand Viertel,train,141,quarter_suffix_removed,.bmp,2664,2304,1
img_b08e32f2d9ade875,Finaler Zustand Viertel/141_q2.bmp,Finaler Zustand Viertel,train,141,quarter_suffix_removed,.bmp,2664,2304,1
img_ce6ca33fb3770915,Finaler Zustand Viertel/141_q3.bmp,Finaler Zustand Viertel,train,141,quarter_suffix_removed,.bmp,2664,2304,1
img_575f3fb7c655b12f,Finaler Zustand Viertel/141_q4.bmp,Finaler Zustand Viertel,train,141,quarter_suffix_removed,.bmp,2664,2304,1
img_036f7e011ca21ff2,Finaler Zustand Viertel/142_q1.bmp,Finaler Zustand Viertel,test,142,quarter_suffix_removed,.bmp,2664,2304,1
img_ae764d742cac8790,Finaler Zustand Viertel/142_q2.bmp,Finaler Zustand Viertel,test,142,quarter_suffix_removed,.bmp,2664,2304,1
img_b47c342ede40fd41,Finaler Zustand Viertel/142_q3.bmp,Finaler Zustand Viertel,test,142,quarter_suffix_removed,.bmp,2664,2304,1
img_fe9a7631218cdca6,Finaler Zustand Viertel/142_q4.bmp,Finaler Zustand Viertel,test,142,quarter_suffix_removed,.bmp,2664,2304,1
img_55cee25f3c012d64,Finaler Zustand Viertel/143_q1.bmp,Finaler Zustand Viertel,train,143,quarter_suffix_removed,.bmp,1332,1152,1
img_3bf1eede6dfc2f6d,Finaler Zustand Viertel/143_q2.bmp,Finaler Zustand Viertel,train,143,quarter_suffix_removed,.bmp,1332,1152,1
img_5e8715344413714a,Finaler Zustand Viertel/143_q3.bmp,Finaler Zustand Viertel,train,143,quarter_suffix_removed,.bmp,1332,1152,1
img_632d957d785be328,Finaler Zustand Viertel/143_q4.bmp,Finaler Zustand Viertel,train,143,quarter_suffix_removed,.bmp,1332,1152,1
img_7c95a6b0ea8f9f6b,Finaler Zustand Viertel/144_q1.bmp,Finaler Zustand Viertel,val,144,quarter_suffix_removed,.bmp,1332,1152,1
img_f903751b37bfae62,Finaler Zustand Viertel/144_q2.bmp,Finaler Zustand Viertel,val,144,quarter_suffix_removed,.bmp,1332,1152,1
img_fb92825d801ae29e,Finaler Zustand Viertel/144_q3.bmp,Finaler Zustand Viertel,val,144,quarter_suffix_removed,.bmp,1332,1152,1
img_46073762f261f035,Finaler Zustand Viertel/144_q4.bmp,Finaler Zustand Viertel,val,144,quarter_suffix_removed,.bmp,1332,1152,1
img_993b1f92a6793abe,Finaler Zustand Viertel/145_q1.bmp,Finaler Zustand Viertel,train,145,quarter_suffix_removed,.bmp,1332,1152,1
img_bc0a4392d1e68af6,Finaler Zustand Viertel/145_q2.bmp,Finaler Zustand Viertel,train,145,quarter_suffix_removed,.bmp,1332,1152,1
img_0cc8ac7b343b6cd9,Finaler Zustand Viertel/145_q3.bmp,Finaler Zustand Viertel,train,145,quarter_suffix_removed,.bmp,1332,1152,1
img_b401d1ac391fc0b5,Finaler Zustand Viertel/145_q4.bmp,Finaler Zustand Viertel,train,145,quarter_suffix_removed,.bmp,1332,1152,1
img_0415070afc4d4dfd,Finaler Zustand Viertel/146_q1.bmp,Finaler Zustand Viertel,train,146,quarter_suffix_removed,.bmp,1332,1152,1
img_183fa4ecf4d49bf9,Finaler Zustand Viertel/146_q2.bmp,Finaler Zustand Viertel,train,146,quarter_suffix_removed,.bmp,1332,1152,1
img_192586448b894720,Finaler Zustand Viertel/146_q3.bmp,Finaler Zustand Viertel,train,146,quarter_suffix_removed,.bmp,1332,1152,1
img_5cad215a690ce5db,Finaler Zustand Viertel/146_q4.bmp,Finaler Zustand Viertel,train,146,quarter_suffix_removed,.bmp,1332,1152,1
img_52990edd185acc4e,Finaler Zustand Viertel/_DSC0216_q1.JPG,Finaler Zustand Viertel,train,DSC0216,quarter_suffix_removed,.jpg,1824,1824,3
img_9ce8a2895b697039,Finaler Zustand Viertel/_DSC0216_q2.JPG,Finaler Zustand Viertel,train,DSC0216,quarter_suffix_removed,.jpg,1824,1824,3
img_c096a786d88123a4,Finaler Zustand Viertel/_DSC0216_q3.JPG,Finaler Zustand Viertel,train,DSC0216,quarter_suffix_removed,.jpg,1824,1824,3
img_03382abcdaa5a985,Finaler Zustand Viertel/_DSC0216_q4.JPG,Finaler Zustand Viertel,train,DSC0216,quarter_suffix_removed,.jpg,1824,1824,3
img_fd424fe8bc5daec4,Finaler Zustand Viertel/_DSC0217_q2.JPG,Finaler Zustand Viertel,val,DSC0217,quarter_suffix_removed,.jpg,1824,1824,3
img_16a8a263aff65af0,Finaler Zustand Viertel/_DSC0217_q3.JPG,Finaler Zustand Viertel,val,DSC0217,quarter_suffix_removed,.jpg,1824,1824,3
img_148f629204a41edb,Finaler Zustand Viertel/_DSC0217_q4.JPG,Finaler Zustand Viertel,val,DSC0217,quarter_suffix_removed,.jpg,1824,1824,3
img_1531d04f956024c6,Finaler Zustand Viertel/_DSC0218_q1.JPG,Finaler Zustand Viertel,train,DSC0218,quarter_suffix_removed,.jpg,1824,1824,3
img_24a0f72e9d1dd76a,Finaler Zustand Viertel/_DSC0218_q3.JPG,Finaler Zustand Viertel,train,DSC0218,quarter_suffix_removed,.jpg,1824,1824,3
img_7ba871dbad51d615,Finaler Zustand Viertel/_DSC0218_q4.JPG,Finaler Zustand Viertel,train,DSC0218,quarter_suffix_removed,.jpg,1824,1824,3
img_0c76a3135c0895eb,Finaler Zustand Viertel/_DSC0219_q1.JPG,Finaler Zustand Viertel,test,DSC0219,quarter_suffix_removed,.jpg,1824,1824,3
img_7a2742e1db57486b,Finaler Zustand Viertel/_DSC0219_q2.JPG,Finaler Zustand Viertel,test,DSC0219,quarter_suffix_removed,.jpg,1824,1824,3
img_4e64d11e70a021b3,Finaler Zustand Viertel/_DSC0219_q3.JPG,Finaler Zustand Viertel,test,DSC0219,quarter_suffix_removed,.jpg,1824,1824,3
img_3b945c3d9adf28b0,Finaler Zustand Viertel/_DSC0219_q4.JPG,Finaler Zustand Viertel,test,DSC0219,quarter_suffix_removed,.jpg,1824,1824,3
img_b7dd0a0a9a3dd368,Finaler Zustand Viertel/_DSC0221_q3.JPG,Finaler Zustand Viertel,val,DSC0221,quarter_suffix_removed,.jpg,1824,1824,3
img_6272f78801981784,Finaler Zustand Viertel/_DSC0221_q4.JPG,Finaler Zustand Viertel,val,DSC0221,quarter_suffix_removed,.jpg,1824,1824,3
img_abe007abf5866e0c,Finaler Zustand Viertel/_DSC0222_q1.JPG,Finaler Zustand Viertel,val,DSC0222,quarter_suffix_removed,.jpg,1824,1824,3
img_4e775bdc130a7d6e,Finaler Zustand Viertel/_DSC0222_q2.JPG,Finaler Zustand Viertel,val,DSC0222,quarter_suffix_removed,.jpg,1824,1824,3
img_96b35d248a2c8eda,Finaler Zustand Viertel/_DSC0222_q3.JPG,Finaler Zustand Viertel,val,DSC0222,quarter_suffix_removed,.jpg,1824,1824,3
img_2ca615753a5cd662,Finaler Zustand Viertel/_DSC0222_q4.JPG,Finaler Zustand Viertel,val,DSC0222,quarter_suffix_removed,.jpg,1824,1824,3
img_9e5242f6f85d2014,Finaler Zustand Viertel/_DSC0223_q1.JPG,Finaler Zustand Viertel,train,DSC0223,quarter_suffix_removed,.jpg,1824,1824,3
img_6719a9e965c35bfc,Finaler Zustand Viertel/_DSC0224_q1.JPG,Finaler Zustand Viertel,train,DSC0224,quarter_suffix_removed,.jpg,1824,1824,3
img_b20eb65ef7b1fb5c,Finaler Zustand Viertel/_DSC0224_q2.JPG,Finaler Zustand Viertel,train,DSC0224,quarter_suffix_removed,.jpg,1824,1824,3
img_f838760587d7a497,Finaler Zustand Viertel/_DSC0224_q3.JPG,Finaler Zustand Viertel,train,DSC0224,quarter_suffix_removed,.jpg,1824,1824,3
img_bc80745fde926e3d,Finaler Zustand Viertel/_DSC0224_q4.JPG,Finaler Zustand Viertel,train,DSC0224,quarter_suffix_removed,.jpg,1824,1824,3
img_bc9836226663c36b,Finaler Zustand Viertel/_DSC0225_q1.JPG,Finaler Zustand Viertel,train,DSC0225,quarter_suffix_removed,.jpg,1824,1824,3
img_9c54dede78623dd6,Finaler Zustand Viertel/_DSC0225_q2.JPG,Finaler Zustand Viertel,train,DSC0225,quarter_suffix_removed,.jpg,1824,1824,3
img_d75720d20f43d45d,Finaler Zustand Viertel/_DSC0225_q3.JPG,Finaler Zustand Viertel,train,DSC0225,quarter_suffix_removed,.jpg,1824,1824,3
img_c76213e8b8665f5d,Finaler Zustand Viertel/_DSC0225_q4.JPG,Finaler Zustand Viertel,train,DSC0225,quarter_suffix_removed,.jpg,1824,1824,3
img_854e4fc598f61118,Finaler Zustand Viertel/_DSC0226_q1.JPG,Finaler Zustand Viertel,train,DSC0226,quarter_suffix_removed,.jpg,1824,1824,3
img_c25738f35101b907,Finaler Zustand Viertel/_DSC0226_q2.JPG,Finaler Zustand Viertel,train,DSC0226,quarter_suffix_removed,.jpg,1824,1824,3
img_42b7e898031c7b14,Finaler Zustand Viertel/_DSC0226_q3.JPG,Finaler Zustand Viertel,train,DSC0226,quarter_suffix_removed,.jpg,1824,1824,3
img_20491d8f8a65f352,Finaler Zustand Viertel/_DSC0226_q4.JPG,Finaler Zustand Viertel,train,DSC0226,quarter_suffix_removed,.jpg,1824,1824,3
img_56e79849a198270e,Finaler Zustand Viertel/_DSC0227_q3.JPG,Finaler Zustand Viertel,test,DSC0227,quarter_suffix_removed,.jpg,1824,1824,3
img_a488ff78eafc1a1e,Finaler Zustand Viertel/_DSC0227_q4.JPG,Finaler Zustand Viertel,test,DSC0227,quarter_suffix_removed,.jpg,1824,1824,3
img_3bb6fb6de119bbb6,Finaler Zustand Viertel/_DSC0228_q1.JPG,Finaler Zustand Viertel,train,DSC0228,quarter_suffix_removed,.jpg,1824,1824,3
img_3f6f5110f613a263,Finaler Zustand Viertel/_DSC0230_q1.JPG,Finaler Zustand Viertel,train,DSC0230,quarter_suffix_removed,.jpg,1824,1824,3
img_970e05eb71ae86a8,Finaler Zustand Viertel/_DSC0230_q2.JPG,Finaler Zustand Viertel,train,DSC0230,quarter_suffix_removed,.jpg,1824,1824,3
img_c5eed849d939c58a,Finaler Zustand Viertel/_DSC0231_q2.JPG,Finaler Zustand Viertel,train,DSC0231,quarter_suffix_removed,.jpg,1824,1824,3
img_9ebe767cdd9d67f1,Finaler Zustand Viertel/_DSC0231_q3.JPG,Finaler Zustand Viertel,train,DSC0231,quarter_suffix_removed,.jpg,1824,1824,3
img_3e81389d7b55c9a2,Finaler Zustand Viertel/_DSC0232_q1.JPG,Finaler Zustand Viertel,train,DSC0232,quarter_suffix_removed,.jpg,1824,1824,3
img_e8479a6c48ec276d,Finaler Zustand Viertel/_DSC0232_q3.JPG,Finaler Zustand Viertel,train,DSC0232,quarter_suffix_removed,.jpg,1824,1824,3
img_247d01c5c270d58a,Finaler Zustand Viertel/_DSC0233_q1.JPG,Finaler Zustand Viertel,train,DSC0233,quarter_suffix_removed,.jpg,1824,1824,3
img_660bd230d3b05e7a,Finaler Zustand Viertel/_DSC0233_q2.JPG,Finaler Zustand Viertel,train,DSC0233,quarter_suffix_removed,.jpg,1824,1824,3
img_1d5521653dee1c75,Finaler Zustand Viertel/_DSC0233_q3.JPG,Finaler Zustand Viertel,train,DSC0233,quarter_suffix_removed,.jpg,1824,1824,3
img_b6f117d7d3a20012,Finaler Zustand Viertel/_DSC0233_q4.JPG,Finaler Zustand Viertel,train,DSC0233,quarter_suffix_removed,.jpg,1824,1824,3
img_11ba11c90d839923,Finaler Zustand Viertel/_DSC0235_q1.JPG,Finaler Zustand Viertel,test,DSC0235,quarter_suffix_removed,.jpg,1824,1824,3
img_790afa43555e0abf,Finaler Zustand Viertel/_DSC0235_q2.JPG,Finaler Zustand Viertel,test,DSC0235,quarter_suffix_removed,.jpg,1824,1824,3
img_382292e0e1b90dd1,Finaler Zustand Viertel/_DSC0235_q3.JPG,Finaler Zustand Viertel,test,DSC0235,quarter_suffix_removed,.jpg,1824,1824,3
img_bd1bbf54f2fc497d,Finaler Zustand Viertel/_DSC0235_q4.JPG,Finaler Zustand Viertel,test,DSC0235,quarter_suffix_removed,.jpg,1824,1824,3
img_0a72c1c7624dec6e,Finaler Zustand Viertel/_DSC0236_q1.JPG,Finaler Zustand Viertel,test,DSC0236,quarter_suffix_removed,.jpg,1824,1824,3
img_ec28bb046bd41d78,Finaler Zustand Viertel/_DSC0237_q1.JPG,Finaler Zustand Viertel,train,DSC0237,quarter_suffix_removed,.jpg,1824,1824,3
img_f9616ebcf11e12fd,Finaler Zustand Viertel/_DSC0237_q2.JPG,Finaler Zustand Viertel,train,DSC0237,quarter_suffix_removed,.jpg,1824,1824,3
img_d61aac5e191cd8e3,Finaler Zustand Viertel/_DSC0237_q3.JPG,Finaler Zustand Viertel,train,DSC0237,quarter_suffix_removed,.jpg,1824,1824,3
img_fb0c297735c80076,Finaler Zustand Viertel/_DSC0237_q4.JPG,Finaler Zustand Viertel,train,DSC0237,quarter_suffix_removed,.jpg,1824,1824,3
img_9aa86afe03d6ded4,Finaler Zustand Viertel/_DSC0238_q1.JPG,Finaler Zustand Viertel,train,DSC0238,quarter_suffix_removed,.jpg,1824,1824,3
img_f85062f1e9d3a96e,Finaler Zustand Viertel/_DSC0238_q2.JPG,Finaler Zustand Viertel,train,DSC0238,quarter_suffix_removed,.jpg,1824,1824,3
img_32f9209f43f88eb2,Finaler Zustand Viertel/_DSC0238_q4.JPG,Finaler Zustand Viertel,train,DSC0238,quarter_suffix_removed,.jpg,1824,1824,3
img_fb0f432ff2768316,Finaler Zustand Viertel/_DSC0239_q1.JPG,Finaler Zustand Viertel,train,DSC0239,quarter_suffix_removed,.jpg,1824,1824,3
img_83d238f2aeacd28b,Finaler Zustand Viertel/_DSC0239_q2.JPG,Finaler Zustand Viertel,train,DSC0239,quarter_suffix_removed,.jpg,1824,1824,3
img_7f83f149c1fcee78,Finaler Zustand Viertel/_DSC0239_q3.JPG,Finaler Zustand Viertel,train,DSC0239,quarter_suffix_removed,.jpg,1824,1824,3
img_9ce9a403b94e5ea8,Finaler Zustand Viertel/_DSC0240_q1.JPG,Finaler Zustand Viertel,train,DSC0240,quarter_suffix_removed,.jpg,1824,1824,3
img_3d084d3d120edce1,Finaler Zustand Viertel/_DSC0240_q3.JPG,Finaler Zustand Viertel,train,DSC0240,quarter_suffix_removed,.jpg,1824,1824,3
img_443624bbbe623e5f,Finaler Zustand Viertel/_DSC0240_q4.JPG,Finaler Zustand Viertel,train,DSC0240,quarter_suffix_removed,.jpg,1824,1824,3
img_0f486fbcbf45434b,Finaler Zustand Viertel/_DSC0241_q1.JPG,Finaler Zustand Viertel,val,DSC0241,quarter_suffix_removed,.jpg,1824,1824,3
img_0ae882bf843c667e,Finaler Zustand Viertel/_DSC0241_q2.JPG,Finaler Zustand Viertel,val,DSC0241,quarter_suffix_removed,.jpg,1824,1824,3
img_e4a75547803742d5,Finaler Zustand Viertel/_DSC0241_q3.JPG,Finaler Zustand Viertel,val,DSC0241,quarter_suffix_removed,.jpg,1824,1824,3
img_749730284701c7c4,Finaler Zustand Viertel/_DSC0241_q4.JPG,Finaler Zustand Viertel,val,DSC0241,quarter_suffix_removed,.jpg,1824,1824,3
img_2256139232a56787,Finaler Zustand Viertel/_DSC0242_q1.JPG,Finaler Zustand Viertel,train,DSC0242,quarter_suffix_removed,.jpg,1824,1824,3
img_60c27980f5b0bdfe,Finaler Zustand Viertel/_DSC0242_q2.JPG,Finaler Zustand Viertel,train,DSC0242,quarter_suffix_removed,.jpg,1824,1824,3
img_745e107afdddebb3,Finaler Zustand Viertel/_DSC0242_q3.JPG,Finaler Zustand Viertel,train,DSC0242,quarter_suffix_removed,.jpg,1824,1824,3
img_4aed327cbcf5279a,Finaler Zustand Viertel/_DSC0242_q4.JPG,Finaler Zustand Viertel,train,DSC0242,quarter_suffix_removed,.jpg,1824,1824,3
img_60de483ffbed1595,Finaler Zustand Viertel/_DSC0243_q1.JPG,Finaler Zustand Viertel,test,DSC0243,quarter_suffix_removed,.jpg,1824,1824,3
img_b4ed4b293b4a01ea,Finaler Zustand Viertel/_DSC0243_q3.JPG,Finaler Zustand Viertel,test,DSC0243,quarter_suffix_removed,.jpg,1824,1824,3
img_4e3979b6f52da1a0,Finaler Zustand Viertel/_DSC0243_q4.JPG,Finaler Zustand Viertel,test,DSC0243,quarter_suffix_removed,.jpg,1824,1824,3
img_5077144394a9e7ee,Finaler Zustand Viertel/_DSC0244_q1.JPG,Finaler Zustand Viertel,train,DSC0244,quarter_suffix_removed,.jpg,1824,1824,3
img_2bfc23a77813ed29,Finaler Zustand Viertel/_DSC0244_q2.JPG,Finaler Zustand Viertel,train,DSC0244,quarter_suffix_removed,.jpg,1824,1824,3
img_e20f96f2ecd4a85c,Finaler Zustand Viertel/_DSC0244_q3.JPG,Finaler Zustand Viertel,train,DSC0244,quarter_suffix_removed,.jpg,1824,1824,3
img_f1f248d5ef4b5798,Finaler Zustand Viertel/_DSC0244_q4.JPG,Finaler Zustand Viertel,train,DSC0244,quarter_suffix_removed,.jpg,1824,1824,3
img_7f882a515c70a0d7,Finaler Zustand Viertel/_DSC0245_q1.JPG,Finaler Zustand Viertel,train,DSC0245,quarter_suffix_removed,.jpg,1824,1824,3
img_a2858b96f3915342,Finaler Zustand Viertel/_DSC0245_q2.JPG,Finaler Zustand Viertel,train,DSC0245,quarter_suffix_removed,.jpg,1824,1824,3
img_908592fdc505d223,Finaler Zustand Viertel/_DSC0245_q3.JPG,Finaler Zustand Viertel,train,DSC0245,quarter_suffix_removed,.jpg,1824,1824,3
img_3f28caac28a77fd0,Finaler Zustand Viertel/_DSC0245_q4.JPG,Finaler Zustand Viertel,train,DSC0245,quarter_suffix_removed,.jpg,1824,1824,3
img_5281b6e762b195f2,Finaler Zustand Viertel/_DSC0246_q2.JPG,Finaler Zustand Viertel,val,DSC0246,quarter_suffix_removed,.jpg,1824,1824,3
img_8bfba2e5fd9221f9,Finaler Zustand Viertel/_DSC0246_q3.JPG,Finaler Zustand Viertel,val,DSC0246,quarter_suffix_removed,.jpg,1824,1824,3
img_c150cfdf76382d3f,Finaler Zustand Viertel/_DSC0248_q1.JPG,Finaler Zustand Viertel,train,DSC0248,quarter_suffix_removed,.jpg,1824,1824,3
img_a5b21b11e8d86ce9,Finaler Zustand Viertel/_DSC0248_q2.JPG,Finaler Zustand Viertel,train,DSC0248,quarter_suffix_removed,.jpg,1824,1824,3
img_fc9b6f39faed3ed7,Finaler Zustand Viertel/_DSC0248_q3.JPG,Finaler Zustand Viertel,train,DSC0248,quarter_suffix_removed,.jpg,1824,1824,3
img_a344ab2f78c2143a,Finaler Zustand Viertel/_DSC0248_q4.JPG,Finaler Zustand Viertel,train,DSC0248,quarter_suffix_removed,.jpg,1824,1824,3
img_6583b12cf0238deb,Finaler Zustand Viertel/_DSC0249_q3.JPG,Finaler Zustand Viertel,val,DSC0249,quarter_suffix_removed,.jpg,1824,1824,3
img_eee5cec6b5b2157e,Finaler Zustand Viertel/_DSC0251_q1.JPG,Finaler Zustand Viertel,test,DSC0251,quarter_suffix_removed,.jpg,1824,1824,3
img_b485c73f88a1e03d,Finaler Zustand Viertel/_DSC0251_q2.JPG,Finaler Zustand Viertel,test,DSC0251,quarter_suffix_removed,.jpg,1824,1824,3
img_844a20c39db0bcc4,Finaler Zustand Viertel/_DSC0251_q3.JPG,Finaler Zustand Viertel,test,DSC0251,quarter_suffix_removed,.jpg,1824,1824,3
img_9f0645e83b938e34,Finaler Zustand Viertel/_DSC0251_q4.JPG,Finaler Zustand Viertel,test,DSC0251,quarter_suffix_removed,.jpg,1824,1824,3
img_64f4a3ef81446229,Finaler Zustand Viertel/_DSC0252_q1.JPG,Finaler Zustand Viertel,train,DSC0252,quarter_suffix_removed,.jpg,1824,1824,3
img_1dd42b0a4783d692,Finaler Zustand Viertel/_DSC0252_q2.JPG,Finaler Zustand Viertel,train,DSC0252,quarter_suffix_removed,.jpg,1824,1824,3
img_ac59aefd3454e0ec,Finaler Zustand Viertel/_DSC0252_q3.JPG,Finaler Zustand Viertel,train,DSC0252,quarter_suffix_removed,.jpg,1824,1824,3
img_1f808dd20468244c,Finaler Zustand Viertel/_DSC0253_q1.JPG,Finaler Zustand Viertel,val,DSC0253,quarter_suffix_removed,.jpg,1824,1824,3
img_06c4d75bac11a8d1,Finaler Zustand Viertel/_DSC0253_q2.JPG,Finaler Zustand Viertel,val,DSC0253,quarter_suffix_removed,.jpg,1824,1824,3
img_d42b29cf187501b0,Finaler Zustand Viertel/_DSC0253_q3.JPG,Finaler Zustand Viertel,val,DSC0253,quarter_suffix_removed,.jpg,1824,1824,3
img_b3e681210166f7a5,Finaler Zustand Viertel/_DSC0254_q1.JPG,Finaler Zustand Viertel,train,DSC0254,quarter_suffix_removed,.jpg,1824,1824,3
img_e494c4f2d1315621,Finaler Zustand Viertel/_DSC0254_q2.JPG,Finaler Zustand Viertel,train,DSC0254,quarter_suffix_removed,.jpg,1824,1824,3
img_2fa9cac07f8836dd,Finaler Zustand Viertel/_DSC0255_q1.JPG,Finaler Zustand Viertel,train,DSC0255,quarter_suffix_removed,.jpg,1824,1824,3
img_ae5e635240808b46,Finaler Zustand Viertel/_DSC0255_q2.JPG,Finaler Zustand Viertel,train,DSC0255,quarter_suffix_removed,.jpg,1824,1824,3
img_1f165b4c30c3abcb,Finaler Zustand Viertel/_DSC0255_q3.JPG,Finaler Zustand Viertel,train,DSC0255,quarter_suffix_removed,.jpg,1824,1824,3
img_145d912aea0ba14a,Finaler Zustand Viertel/_DSC0256_q1.JPG,Finaler Zustand Viertel,train,DSC0256,quarter_suffix_removed,.jpg,1824,1824,3
img_5dd81b3cd5174dec,Finaler Zustand Viertel/_DSC0257_q1.JPG,Finaler Zustand Viertel,train,DSC0257,quarter_suffix_removed,.jpg,1824,1824,3
img_8574eaca4aea5a86,Finaler Zustand Viertel/_DSC0257_q2.JPG,Finaler Zustand Viertel,train,DSC0257,quarter_suffix_removed,.jpg,1824,1824,3
img_d95181147f6f73a8,Finaler Zustand Viertel/_DSC0257_q4.JPG,Finaler Zustand Viertel,train,DSC0257,quarter_suffix_removed,.jpg,1824,1824,3
img_bdb859f038c66aa1,Finaler Zustand Viertel/_DSC0258_q1.JPG,Finaler Zustand Viertel,train,DSC0258,quarter_suffix_removed,.jpg,1824,1824,3
img_4a491c4d04bb681e,Finaler Zustand Viertel/_DSC0258_q2.JPG,Finaler Zustand Viertel,train,DSC0258,quarter_suffix_removed,.jpg,1824,1824,3
img_a752c7c7f85aac88,Finaler Zustand Viertel/_DSC0259_q1.JPG,Finaler Zustand Viertel,train,DSC0259,quarter_suffix_removed,.jpg,1824,1824,3
img_5ba9866eeb8a18c7,Finaler Zustand Viertel/_DSC0259_q2.JPG,Finaler Zustand Viertel,train,DSC0259,quarter_suffix_removed,.jpg,1824,1824,3
img_42de9f5f61e387e6,Finaler Zustand Viertel/_DSC0259_q4.JPG,Finaler Zustand Viertel,train,DSC0259,quarter_suffix_removed,.jpg,1824,1824,3
img_58df15a5f5344cc7,Finaler Zustand Viertel/_DSC0260_q1.JPG,Finaler Zustand Viertel,test,DSC0260,quarter_suffix_removed,.jpg,1824,1824,3
img_18da13ca0681a7e9,Finaler Zustand Viertel/_DSC0260_q2.JPG,Finaler Zustand Viertel,test,DSC0260,quarter_suffix_removed,.jpg,1824,1824,3
img_d44b7cea196ec894,Finaler Zustand Viertel/_DSC0261_q1.JPG,Finaler Zustand Viertel,train,DSC0261,quarter_suffix_removed,.jpg,1824,1824,3
img_2ee5fcb055033ab3,Finaler Zustand Viertel/_DSC0261_q2.JPG,Finaler Zustand Viertel,train,DSC0261,quarter_suffix_removed,.jpg,1824,1824,3
img_8fa3ca1e80bc4862,Finaler Zustand Viertel/_DSC0262_q1.JPG,Finaler Zustand Viertel,val,DSC0262,quarter_suffix_removed,.jpg,1824,1824,3
img_e96a66c213f7d396,Finaler Zustand Viertel/_DSC0262_q2.JPG,Finaler Zustand Viertel,val,DSC0262,quarter_suffix_removed,.jpg,1824,1824,3
img_25f7a1a31bdd9620,Finaler Zustand Viertel/_DSC0262_q3.JPG,Finaler Zustand Viertel,val,DSC0262,quarter_suffix_removed,.jpg,1824,1824,3
img_f8e9d55f3b14931f,Finaler Zustand Viertel/_DSC0262_q4.JPG,Finaler Zustand Viertel,val,DSC0262,quarter_suffix_removed,.jpg,1824,1824,3
img_37c06a31d7afcf3a,Finaler Zustand Viertel/_DSC0263_q1.JPG,Finaler Zustand Viertel,train,DSC0263,quarter_suffix_removed,.jpg,1824,1824,3
img_bdf6244004cd4bf8,Finaler Zustand Viertel/_DSC0263_q2.JPG,Finaler Zustand Viertel,train,DSC0263,quarter_suffix_removed,.jpg,1824,1824,3
img_f00c91f81b7b42be,Finaler Zustand Viertel/_DSC0266_q3.JPG,Finaler Zustand Viertel,train,DSC0266,quarter_suffix_removed,.jpg,1824,1824,3
img_1e0bdd554d5b572d,Finaler Zustand Viertel/_DSC0266_q4.JPG,Finaler Zustand Viertel,train,DSC0266,quarter_suffix_removed,.jpg,1824,1824,3
img_ad3abbb1c398ee13,Finaler Zustand Viertel/_DSC0267_q3.JPG,Finaler Zustand Viertel,train,DSC0267,quarter_suffix_removed,.jpg,1824,1824,3
img_de57476f5cfa5218,Finaler Zustand Viertel/_DSC0268_q1.JPG,Finaler Zustand Viertel,train,DSC0268,quarter_suffix_removed,.jpg,1824,1824,3
img_087f137b910436e7,Finaler Zustand Viertel/_DSC0268_q2.JPG,Finaler Zustand Viertel,train,DSC0268,quarter_suffix_removed,.jpg,1824,1824,3
img_72549a232964fd81,Finaler Zustand Viertel/_DSC0268_q3.JPG,Finaler Zustand Viertel,train,DSC0268,quarter_suffix_removed,.jpg,1824,1824,3
img_34677d238782f89e,Finaler Zustand Viertel/_DSC0269_q1.JPG,Finaler Zustand Viertel,test,DSC0269,quarter_suffix_removed,.jpg,1824,1824,3
img_835a0c894fa07bc9,Finaler Zustand Viertel/_DSC0269_q2.JPG,Finaler Zustand Viertel,test,DSC0269,quarter_suffix_removed,.jpg,1824,1824,3
img_a83e307723caf607,Finaler Zustand Viertel/_DSC0269_q3.JPG,Finaler Zustand Viertel,test,DSC0269,quarter_suffix_removed,.jpg,1824,1824,3
img_ff86fe577d29dc64,Finaler Zustand Viertel/_DSC0270_q1.JPG,Finaler Zustand Viertel,val,DSC0270,quarter_suffix_removed,.jpg,1824,1824,3
img_434615ee61acee6b,Finaler Zustand Viertel/_DSC0270_q2.JPG,Finaler Zustand Viertel,val,DSC0270,quarter_suffix_removed,.jpg,1824,1824,3
img_c16812beb7ff53f6,Finaler Zustand Viertel/_DSC0271_q1.JPG,Finaler Zustand Viertel,train,DSC0271,quarter_suffix_removed,.jpg,1824,1824,3
img_3c20c958e7caf4bd,Finaler Zustand Viertel/_DSC0271_q2.JPG,Finaler Zustand Viertel,train,DSC0271,quarter_suffix_removed,.jpg,1824,1824,3
img_48ed87df8c289d17,Finaler Zustand Viertel/_DSC0353_q3.JPG,Finaler Zustand Viertel,test,DSC0353,quarter_suffix_removed,.jpg,1824,1824,3
img_b7cf242f5a2c0fc9,Finaler Zustand Viertel/_DSC0353_q4.JPG,Finaler Zustand Viertel,test,DSC0353,quarter_suffix_removed,.jpg,1824,1824,3
img_ef3881bc23b901e3,Finaler Zustand Viertel/_DSC0354_q1.JPG,Finaler Zustand Viertel,train,DSC0354,quarter_suffix_removed,.jpg,1824,1824,3
img_5484e942a0cc10a5,Finaler Zustand Viertel/_DSC0354_q2.JPG,Finaler Zustand Viertel,train,DSC0354,quarter_suffix_removed,.jpg,1824,1824,3
img_ddcb1c8ed40570f3,Finaler Zustand Viertel/_DSC0356_q1.JPG,Finaler Zustand Viertel,train,DSC0356,quarter_suffix_removed,.jpg,1824,1824,3
img_9a822b3ff7271afc,Finaler Zustand Viertel/_DSC0356_q2.JPG,Finaler Zustand Viertel,train,DSC0356,quarter_suffix_removed,.jpg,1824,1824,3
img_b19fafe0317c2b4c,Finaler Zustand Viertel/_DSC0357_q1.JPG,Finaler Zustand Viertel,val,DSC0357,quarter_suffix_removed,.jpg,1824,1824,3
img_0443992a01520a8d,Finaler Zustand Viertel/_DSC0357_q3.JPG,Finaler Zustand Viertel,val,DSC0357,quarter_suffix_removed,.jpg,1824,1824,3
img_e3e47d90145c262e,Finaler Zustand Viertel/_DSC0357_q4.JPG,Finaler Zustand Viertel,val,DSC0357,quarter_suffix_removed,.jpg,1824,1824,3
img_74eb609b1cb6c205,Finaler Zustand Viertel/_DSC0360_q1.JPG,Finaler Zustand Viertel,train,DSC0360,quarter_suffix_removed,.jpg,1824,1824,3
img_c83b05703c999b3c,Finaler Zustand Viertel/_DSC0360_q3.JPG,Finaler Zustand Viertel,train,DSC0360,quarter_suffix_removed,.jpg,1824,1824,3
img_9ac33c79da2ba631,Finaler Zustand Viertel/_DSC0360_q4.JPG,Finaler Zustand Viertel,train,DSC0360,quarter_suffix_removed,.jpg,1824,1824,3
img_7b29e8899d82da3a,Finaler Zustand Viertel/_DSC0362_q1.JPG,Finaler Zustand Viertel,train,DSC0362,quarter_suffix_removed,.jpg,1824,1824,3
img_bdc86f73e7e6751e,Finaler Zustand Viertel/_DSC0362_q2.JPG,Finaler Zustand Viertel,train,DSC0362,quarter_suffix_removed,.jpg,1824,1824,3
img_2efb1dfc037a2c81,Finaler Zustand Viertel/_DSC0362_q4.JPG,Finaler Zustand Viertel,train,DSC0362,quarter_suffix_removed,.jpg,1824,1824,3
img_8a5e2148a2614449,Finaler Zustand Viertel/_DSC0363_q2.JPG,Finaler Zustand Viertel,train,DSC0363,quarter_suffix_removed,.jpg,1824,1824,3
img_22a323f7f9060d45,Finaler Zustand Viertel/_DSC0363_q4.JPG,Finaler Zustand Viertel,train,DSC0363,quarter_suffix_removed,.jpg,1824,1824,3
img_89ea0e0da9c3ca0f,Finaler Zustand Viertel/_DSC0365_q4.JPG,Finaler Zustand Viertel,train,DSC0365,quarter_suffix_removed,.jpg,1824,1824,3
img_48aaf08a88cfb374,Finaler Zustand Viertel/_DSC0366_q2.JPG,Finaler Zustand Viertel,train,DSC0366,quarter_suffix_removed,.jpg,1824,1824,3
img_3a4dccbd858efa54,Finaler Zustand Viertel/_DSC0366_q3.JPG,Finaler Zustand Viertel,train,DSC0366,quarter_suffix_removed,.jpg,1824,1824,3
img_72cd7eb9371a8f56,Finaler Zustand Viertel/_DSC0366_q4.JPG,Finaler Zustand Viertel,train,DSC0366,quarter_suffix_removed,.jpg,1824,1824,3
img_d3ae7c0c7f201bfe,Finaler Zustand Viertel/_DSC0368_q1.JPG,Finaler Zustand Viertel,train,DSC0368,quarter_suffix_removed,.jpg,1824,1824,3
img_6fdd13c33afc6db7,Finaler Zustand Viertel/_DSC0368_q2.JPG,Finaler Zustand Viertel,train,DSC0368,quarter_suffix_removed,.jpg,1824,1824,3
img_ffbf9b81381af155,Finaler Zustand Viertel/_DSC0368_q3.JPG,Finaler Zustand Viertel,train,DSC0368,quarter_suffix_removed,.jpg,1824,1824,3
img_94e49a8610d25b62,Finaler Zustand Viertel/_DSC0368_q4.JPG,Finaler Zustand Viertel,train,DSC0368,quarter_suffix_removed,.jpg,1824,1824,3
img_1dcb1a2377791fd1,Finaler Zustand Viertel/_DSC0369_q2.JPG,Finaler Zustand Viertel,train,DSC0369,quarter_suffix_removed,.jpg,1824,1824,3
img_1a424943af979fc2,Finaler Zustand Viertel/_DSC0369_q4.JPG,Finaler Zustand Viertel,train,DSC0369,quarter_suffix_removed,.jpg,1824,1824,3
img_4aee8710b3998f07,Finaler Zustand Viertel/_DSC0370_q4.JPG,Finaler Zustand Viertel,val,DSC0370,quarter_suffix_removed,.jpg,1824,1824,3
img_6e335f8975a1fead,Finaler Zustand Viertel/_DSC0371_q1.JPG,Finaler Zustand Viertel,train,DSC0371,quarter_suffix_removed,.jpg,1824,1824,3
img_c166f9a81a3bcff9,Finaler Zustand Viertel/_DSC0371_q2.JPG,Finaler Zustand Viertel,train,DSC0371,quarter_suffix_removed,.jpg,1824,1824,3
img_be1df097a9023bc6,Finaler Zustand Viertel/_DSC0371_q3.JPG,Finaler Zustand Viertel,train,DSC0371,quarter_suffix_removed,.jpg,1824,1824,3
img_03f9726c0f78b8ac,Finaler Zustand Viertel/_DSC0372_q1.JPG,Finaler Zustand Viertel,val,DSC0372,quarter_suffix_removed,.jpg,1824,1824,3
img_6a1d428071439035,Finaler Zustand Viertel/_DSC0372_q2.JPG,Finaler Zustand Viertel,val,DSC0372,quarter_suffix_removed,.jpg,1824,1824,3
img_8d6df20eae6033bf,Finaler Zustand Viertel/_DSC0373_q2.JPG,Finaler Zustand Viertel,train,DSC0373,quarter_suffix_removed,.jpg,1824,1824,3
img_90ff8f5e815393c1,Finaler Zustand Viertel/_DSC0373_q3.JPG,Finaler Zustand Viertel,train,DSC0373,quarter_suffix_removed,.jpg,1824,1824,3
img_161abc1c7f336f6e,Finaler Zustand Viertel/_DSC0374_q1.JPG,Finaler Zustand Viertel,val,DSC0374,quarter_suffix_removed,.jpg,1824,1824,3
img_c7d8d61f8dc9d8d3,Finaler Zustand Viertel/_DSC0374_q3.JPG,Finaler Zustand Viertel,val,DSC0374,quarter_suffix_removed,.jpg,1824,1824,3
img_e05b7919a89f56cb,Finaler Zustand Viertel/_DSC0374_q4.JPG,Finaler Zustand Viertel,val,DSC0374,quarter_suffix_removed,.jpg,1824,1824,3
img_aa89e34275a1d46f,Finaler Zustand Viertel/_DSC0375_q1.JPG,Finaler Zustand Viertel,train,DSC0375,quarter_suffix_removed,.jpg,1824,1824,3
img_5e89c1a09590af07,Finaler Zustand Viertel/_DSC0375_q2.JPG,Finaler Zustand Viertel,train,DSC0375,quarter_suffix_removed,.jpg,1824,1824,3
img_359c3dee263b2db9,Finaler Zustand Viertel/_DSC0375_q3.JPG,Finaler Zustand Viertel,train,DSC0375,quarter_suffix_removed,.jpg,1824,1824,3
img_10ecca0f0d9133a2,Finaler Zustand Viertel/_DSC0375_q4.JPG,Finaler Zustand Viertel,train,DSC0375,quarter_suffix_removed,.jpg,1824,1824,3
img_23fc61c14c2bcfd8,Finaler Zustand Viertel/_DSC0376_q4.JPG,Finaler Zustand Viertel,train,DSC0376,quarter_suffix_removed,.jpg,1824,1824,3
img_9dc3605e659fa299,Finaler Zustand Viertel/_DSC0377_q3.JPG,Finaler Zustand Viertel,test,DSC0377,quarter_suffix_removed,.jpg,1824,1824,3
img_be66da4c2d1c411e,Finaler Zustand Viertel/_DSC0377_q4.JPG,Finaler Zustand Viertel,test,DSC0377,quarter_suffix_removed,.jpg,1824,1824,3
img_126cf2fa38dfab5a,Finaler Zustand Viertel/_DSC0378_q1.JPG,Finaler Zustand Viertel,train,DSC0378,quarter_suffix_removed,.jpg,1824,1824,3
img_5b56c2a9093be653,Finaler Zustand Viertel/_DSC0378_q4.JPG,Finaler Zustand Viertel,train,DSC0378,quarter_suffix_removed,.jpg,1824,1824,3
img_dac4232bc05a2b49,Finaler Zustand Viertel/_DSC0380_q1.JPG,Finaler Zustand Viertel,train,DSC0380,quarter_suffix_removed,.jpg,1824,1824,3
img_e87dc7ed2ed16a53,Finaler Zustand Viertel/_DSC0380_q3.JPG,Finaler Zustand Viertel,train,DSC0380,quarter_suffix_removed,.jpg,1824,1824,3
img_21747d1e5679f8ef,Finaler Zustand Viertel/_DSC0381_q4.JPG,Finaler Zustand Viertel,train,DSC0381,quarter_suffix_removed,.jpg,1824,1824,3
img_b74f8730d24221f6,Finaler Zustand Viertel/_DSC0382_q1.JPG,Finaler Zustand Viertel,test,DSC0382,quarter_suffix_removed,.jpg,1824,1824,3
img_f4fe9b7e48302271,Finaler Zustand Viertel/_DSC0383_q1.JPG,Finaler Zustand Viertel,train,DSC0383,quarter_suffix_removed,.jpg,1824,1824,3
img_16c80d6ce74ef8bd,Finaler Zustand Viertel/_DSC0383_q2.JPG,Finaler Zustand Viertel,train,DSC0383,quarter_suffix_removed,.jpg,1824,1824,3
img_8b016a27f897cb60,Finaler Zustand Viertel/_DSC0383_q3.JPG,Finaler Zustand Viertel,train,DSC0383,quarter_suffix_removed,.jpg,1824,1824,3
img_7e03f142ba2cb019,Finaler Zustand Viertel/_DSC0384_q1.JPG,Finaler Zustand Viertel,test,DSC0384,quarter_suffix_removed,.jpg,1824,1824,3
img_468a1b1c3b9252e1,Finaler Zustand Viertel/_DSC0384_q2.JPG,Finaler Zustand Viertel,test,DSC0384,quarter_suffix_removed,.jpg,1824,1824,3
img_c901000eab09fa12,Finaler Zustand Viertel/_DSC0384_q3.JPG,Finaler Zustand Viertel,test,DSC0384,quarter_suffix_removed,.jpg,1824,1824,3
img_8d45d55b278e3e23,Finaler Zustand Viertel/_DSC0385_q1.JPG,Finaler Zustand Viertel,train,DSC0385,quarter_suffix_removed,.jpg,1824,1824,3
img_d3bbe4e7fea9397f,Finaler Zustand Viertel/_DSC0385_q2.JPG,Finaler Zustand Viertel,train,DSC0385,quarter_suffix_removed,.jpg,1824,1824,3
img_c64a77c03178b337,Finaler Zustand Viertel/_DSC0385_q3.JPG,Finaler Zustand Viertel,train,DSC0385,quarter_suffix_removed,.jpg,1824,1824,3
img_9a28e54b85b930d0,Finaler Zustand Viertel/_DSC0385_q4.JPG,Finaler Zustand Viertel,train,DSC0385,quarter_suffix_removed,.jpg,1824,1824,3
img_8ca9d0158c5694f6,Finaler Zustand Viertel/_DSC0386_q1.JPG,Finaler Zustand Viertel,test,DSC0386,quarter_suffix_removed,.jpg,1824,1824,3
img_a93eec03e5153754,Finaler Zustand Viertel/_DSC0386_q2.JPG,Finaler Zustand Viertel,test,DSC0386,quarter_suffix_removed,.jpg,1824,1824,3
img_478eca3d2550e639,Finaler Zustand Viertel/_DSC0386_q3.JPG,Finaler Zustand Viertel,test,DSC0386,quarter_suffix_removed,.jpg,1824,1824,3
img_7b13e273455ab806,Finaler Zustand Viertel/_DSC0386_q4.JPG,Finaler Zustand Viertel,test,DSC0386,quarter_suffix_removed,.jpg,1824,1824,3
img_c0de6a8242664138,Finaler Zustand Viertel/_DSC0387_q2.JPG,Finaler Zustand Viertel,train,DSC0387,quarter_suffix_removed,.jpg,1824,1824,3
img_e4a6b815428a866b,Finaler Zustand Viertel/_DSC0388_q1.JPG,Finaler Zustand Viertel,train,DSC0388,quarter_suffix_removed,.jpg,1824,1824,3
img_96754982b6cd825c,Finaler Zustand Viertel/_DSC0388_q2.JPG,Finaler Zustand Viertel,train,DSC0388,quarter_suffix_removed,.jpg,1824,1824,3
img_b21adae216252f59,Finaler Zustand Viertel/_DSC0388_q3.JPG,Finaler Zustand Viertel,train,DSC0388,quarter_suffix_removed,.jpg,1824,1824,3
img_d2b8f293c4c6902d,Finaler Zustand Viertel/_DSC0388_q4.JPG,Finaler Zustand Viertel,train,DSC0388,quarter_suffix_removed,.jpg,1824,1824,3
img_0492ff595598c9e8,Finaler Zustand Viertel/_DSC0390_q3.JPG,Finaler Zustand Viertel,train,DSC0390,quarter_suffix_removed,.jpg,1824,1824,3
img_e1096e4e86a48b05,Finaler Zustand Viertel/_DSC0390_q4.JPG,Finaler Zustand Viertel,train,DSC0390,quarter_suffix_removed,.jpg,1824,1824,3
img_a0588ca6fc8de659,Finaler Zustand Viertel/_DSC0391_q1.JPG,Finaler Zustand Viertel,train,DSC0391,quarter_suffix_removed,.jpg,1824,1824,3
img_aa47c7182dbee17f,Finaler Zustand Viertel/_DSC0391_q2.JPG,Finaler Zustand Viertel,train,DSC0391,quarter_suffix_removed,.jpg,1824,1824,3
img_aeb38fd11df15260,Finaler Zustand Viertel/_DSC0391_q4.JPG,Finaler Zustand Viertel,train,DSC0391,quarter_suffix_removed,.jpg,1824,1824,3
img_9e6a5ded4d8cfe48,Finaler Zustand Viertel/_DSC0392_q1.JPG,Finaler Zustand Viertel,train,DSC0392,quarter_suffix_removed,.jpg,1824,1824,3
img_669cb6aa05082f04,Finaler Zustand Viertel/_DSC0392_q2.JPG,Finaler Zustand Viertel,train,DSC0392,quarter_suffix_removed,.jpg,1824,1824,3
img_f2d089d67924abc8,Finaler Zustand Viertel/_DSC0392_q3.JPG,Finaler Zustand Viertel,train,DSC0392,quarter_suffix_removed,.jpg,1824,1824,3
img_abf47c24f26b9d7b,Finaler Zustand Viertel/_DSC0393_q1.JPG,Finaler Zustand Viertel,train,DSC0393,quarter_suffix_removed,.jpg,1824,1824,3
img_6048e1d86e00e45f,Finaler Zustand Viertel/_DSC0393_q2.JPG,Finaler Zustand Viertel,train,DSC0393,quarter_suffix_removed,.jpg,1824,1824,3
img_d4ec44ed25c71a9b,Finaler Zustand Viertel/_DSC0393_q3.JPG,Finaler Zustand Viertel,train,DSC0393,quarter_suffix_removed,.jpg,1824,1824,3
img_c5e467fdfd27586b,Finaler Zustand Viertel/_DSC0394_q3.JPG,Finaler Zustand Viertel,train,DSC0394,quarter_suffix_removed,.jpg,1824,1824,3
img_1784aac5f7b88c55,Finaler Zustand Viertel/_DSC0395_q3.JPG,Finaler Zustand Viertel,val,DSC0395,quarter_suffix_removed,.jpg,1824,1824,3
img_a67e9db44b13d619,Finaler Zustand Viertel/_DSC0396_q2.JPG,Finaler Zustand Viertel,val,DSC0396,quarter_suffix_removed,.jpg,1824,1824,3
img_68b06fce0a67fd38,Finaler Zustand Viertel/_DSC0396_q4.JPG,Finaler Zustand Viertel,val,DSC0396,quarter_suffix_removed,.jpg,1824,1824,3
img_176608aafb01638f,Finaler Zustand Viertel/_DSC0397_q2.JPG,Finaler Zustand Viertel,train,DSC0397,quarter_suffix_removed,.jpg,1824,1824,3
img_47f50bf6ff4626c9,Finaler Zustand Viertel/_DSC0397_q4.JPG,Finaler Zustand Viertel,train,DSC0397,quarter_suffix_removed,.jpg,1824,1824,3
img_9f6a3b3756be57fd,Finaler Zustand Viertel/_DSC0398_q1.JPG,Finaler Zustand Viertel,train,DSC0398,quarter_suffix_removed,.jpg,1824,1824,3
img_c7cc5bed8fab0a65,Finaler Zustand Viertel/_DSC0399_q1.JPG,Finaler Zustand Viertel,train,DSC0399,quarter_suffix_removed,.jpg,1824,1824,3
img_8f43ab330fb7b4e5,Finaler Zustand Viertel/_DSC0399_q2.JPG,Finaler Zustand Viertel,train,DSC0399,quarter_suffix_removed,.jpg,1824,1824,3
img_9295b392ae01e9c7,Finaler Zustand Viertel/_DSC0400_q1.JPG,Finaler Zustand Viertel,test,DSC0400,quarter_suffix_removed,.jpg,1824,1824,3
img_087cdaf2142a72f7,Finaler Zustand Viertel/_DSC0400_q2.JPG,Finaler Zustand Viertel,test,DSC0400,quarter_suffix_removed,.jpg,1824,1824,3
img_587104736d2cf229,Finaler Zustand Viertel/_DSC0401_q3.JPG,Finaler Zustand Viertel,train,DSC0401,quarter_suffix_removed,.jpg,1824,1824,3
img_5eb8161df9efd960,Finaler Zustand Viertel/_DSC0402_q3.JPG,Finaler Zustand Viertel,train,DSC0402,quarter_suffix_removed,.jpg,1824,1824,3
img_b6c2e1e423c05d70,Finaler Zustand Viertel/_DSC0403_q1.JPG,Finaler Zustand Viertel,train,DSC0403,quarter_suffix_removed,.jpg,1824,1824,3
img_2e5a539b1d869258,Finaler Zustand Viertel/_DSC0403_q2.JPG,Finaler Zustand Viertel,train,DSC0403,quarter_suffix_removed,.jpg,1824,1824,3
img_bd76346f9e0de05d,Finaler Zustand Viertel/_DSC0403_q3.JPG,Finaler Zustand Viertel,train,DSC0403,quarter_suffix_removed,.jpg,1824,1824,3
img_705cf05a1470378f,Finaler Zustand Viertel/_DSC0404_q3.JPG,Finaler Zustand Viertel,test,DSC0404,quarter_suffix_removed,.jpg,1824,1824,3
img_d782e774324f6895,Finaler Zustand Viertel/_DSC0405_q1.JPG,Finaler Zustand Viertel,val,DSC0405,quarter_suffix_removed,.jpg,1824,1824,3
img_b981ae1b340f2e2c,Finaler Zustand Viertel/_DSC0405_q2.JPG,Finaler Zustand Viertel,val,DSC0405,quarter_suffix_removed,.jpg,1824,1824,3
img_07a804f54b2f6200,Finaler Zustand Viertel/_DSC0405_q3.JPG,Finaler Zustand Viertel,val,DSC0405,quarter_suffix_removed,.jpg,1824,1824,3
img_8b6c760621a5f016,Finaler Zustand Viertel/_DSC0405_q4.JPG,Finaler Zustand Viertel,val,DSC0405,quarter_suffix_removed,.jpg,1824,1824,3
img_fbcce553a2d6fc21,Finaler Zustand Viertel/_DSC0406_q1.JPG,Finaler Zustand Viertel,val,DSC0406,quarter_suffix_removed,.jpg,1824,1824,3
img_f33ba507300b6ded,Finaler Zustand Viertel/_DSC0406_q3.JPG,Finaler Zustand Viertel,val,DSC0406,quarter_suffix_removed,.jpg,1824,1824,3
img_8149b193a29d4eb4,Finaler Zustand Viertel/_DSC0406_q4.JPG,Finaler Zustand Viertel,val,DSC0406,quarter_suffix_removed,.jpg,1824,1824,3
img_45c4e994203dedc2,Finaler Zustand Viertel/_DSC0407_q2.JPG,Finaler Zustand Viertel,train,DSC0407,quarter_suffix_removed,.jpg,1824,1824,3
img_aa5210578d252dcc,Finaler Zustand Viertel/_DSC0408_q1.JPG,Finaler Zustand Viertel,train,DSC0408,quarter_suffix_removed,.jpg,1824,1824,3
img_11516af7847fe21f,Finaler Zustand Viertel/_DSC0408_q2.JPG,Finaler Zustand Viertel,train,DSC0408,quarter_suffix_removed,.jpg,1824,1824,3
img_357008acff1550ad,Finaler Zustand Viertel/_DSC0409_q1.JPG,Finaler Zustand Viertel,test,DSC0409,quarter_suffix_removed,.jpg,1824,1824,3
img_48188db1d186527f,Finaler Zustand Viertel/_DSC0409_q2.JPG,Finaler Zustand Viertel,test,DSC0409,quarter_suffix_removed,.jpg,1824,1824,3
img_846d58d8486fd1cc,Finaler Zustand Viertel/_DSC0409_q3.JPG,Finaler Zustand Viertel,test,DSC0409,quarter_suffix_removed,.jpg,1824,1824,3
img_2c08457f6caf2552,Finaler Zustand Viertel/_DSC0411_q1.JPG,Finaler Zustand Viertel,train,DSC0411,quarter_suffix_removed,.jpg,1824,1824,3
img_d4b49d538ec4867b,Finaler Zustand Viertel/_DSC0411_q2.JPG,Finaler Zustand Viertel,train,DSC0411,quarter_suffix_removed,.jpg,1824,1824,3
img_4d10bf1d40a56bfc,Finaler Zustand Viertel/_DSC0411_q3.JPG,Finaler Zustand Viertel,train,DSC0411,quarter_suffix_removed,.jpg,1824,1824,3
img_f30551ae62112e23,Finaler Zustand Viertel/_DSC0412_q2.JPG,Finaler Zustand Viertel,train,DSC0412,quarter_suffix_removed,.jpg,1824,1824,3
img_109e8b7254c851df,Finaler Zustand Viertel/_DSC0412_q3.JPG,Finaler Zustand Viertel,train,DSC0412,quarter_suffix_removed,.jpg,1824,1824,3
img_bc87ea373eb6043c,Finaler Zustand Viertel/_DSC0412_q4.JPG,Finaler Zustand Viertel,train,DSC0412,quarter_suffix_removed,.jpg,1824,1824,3
img_077e78c24a82763d,Finaler Zustand Viertel/_DSC0413_q1.JPG,Finaler Zustand Viertel,train,DSC0413,quarter_suffix_removed,.jpg,1824,1824,3
img_267ef7d772acf6ba,Finaler Zustand Viertel/_DSC0413_q2.JPG,Finaler Zustand Viertel,train,DSC0413,quarter_suffix_removed,.jpg,1824,1824,3
img_6b0fb3a632985e4d,Finaler Zustand Viertel/_DSC0414_q2.JPG,Finaler Zustand Viertel,train,DSC0414,quarter_suffix_removed,.jpg,1824,1824,3
img_81ea43422d558679,Finaler Zustand Viertel/_DSC0415_q1.JPG,Finaler Zustand Viertel,train,DSC0415,quarter_suffix_removed,.jpg,1824,1824,3
img_d0e16fcbc3fe182d,Finaler Zustand Viertel/_DSC0415_q4.JPG,Finaler Zustand Viertel,train,DSC0415,quarter_suffix_removed,.jpg,1824,1824,3
img_36c450ba51e94b92,Finaler Zustand Viertel/_DSC0416_q1.JPG,Finaler Zustand Viertel,val,DSC0416,quarter_suffix_removed,.jpg,1824,1824,3
img_79f8b5fa93f082a3,Finaler Zustand Viertel/_DSC0416_q2.JPG,Finaler Zustand Viertel,val,DSC0416,quarter_suffix_removed,.jpg,1824,1824,3
img_dcb7f16032f932e5,Finaler Zustand Viertel/_DSC0417_q2.JPG,Finaler Zustand Viertel,train,DSC0417,quarter_suffix_removed,.jpg,1824,1824,3
img_94a10bf977ac5e9a,Finaler Zustand Viertel/_DSC0417_q3.JPG,Finaler Zustand Viertel,train,DSC0417,quarter_suffix_removed,.jpg,1824,1824,3
img_51f6a17c87b19cac,Finaler Zustand Viertel/_DSC0417_q4.JPG,Finaler Zustand Viertel,train,DSC0417,quarter_suffix_removed,.jpg,1824,1824,3
img_609e09fa87ec976c,Finaler Zustand Viertel/_DSC0418_q1.JPG,Finaler Zustand Viertel,train,DSC0418,quarter_suffix_removed,.jpg,1824,1824,3
img_ec83622344e2144a,Finaler Zustand Viertel/_DSC0418_q2.JPG,Finaler Zustand Viertel,train,DSC0418,quarter_suffix_removed,.jpg,1824,1824,3
img_149251af589f8c00,Finaler Zustand Viertel/_DSC0418_q4.JPG,Finaler Zustand Viertel,train,DSC0418,quarter_suffix_removed,.jpg,1824,1824,3
img_687d2babf17f13ae,Finaler Zustand Viertel/_DSC0419_q1.JPG,Finaler Zustand Viertel,val,DSC0419,quarter_suffix_removed,.jpg,1824,1824,3
img_bd1e1faf190f9e5d,Finaler Zustand Viertel/_DSC0419_q2.JPG,Finaler Zustand Viertel,val,DSC0419,quarter_suffix_removed,.jpg,1824,1824,3
img_768a9a59fed2573a,Finaler Zustand Viertel/_DSC0419_q4.JPG,Finaler Zustand Viertel,val,DSC0419,quarter_suffix_removed,.jpg,1824,1824,3
img_046e0145ad104856,Finaler Zustand Viertel/_DSC0420_q1.JPG,Finaler Zustand Viertel,train,DSC0420,quarter_suffix_removed,.jpg,1824,1824,3
img_6b4f8059e4f8561a,Finaler Zustand Viertel/_DSC0420_q3.JPG,Finaler Zustand Viertel,train,DSC0420,quarter_suffix_removed,.jpg,1824,1824,3
img_aa649a6dd8f539a3,Finaler Zustand Viertel/_DSC0421_q1.JPG,Finaler Zustand Viertel,train,DSC0421,quarter_suffix_removed,.jpg,1824,1824,3
img_fce9ef49b0a382a2,Finaler Zustand Viertel/_DSC0421_q3.JPG,Finaler Zustand Viertel,train,DSC0421,quarter_suffix_removed,.jpg,1824,1824,3
img_2ad6e513a0da2840,Finaler Zustand Viertel/_DSC0421_q4.JPG,Finaler Zustand Viertel,train,DSC0421,quarter_suffix_removed,.jpg,1824,1824,3
img_1b6d7fe9c1ac1d56,Finaler Zustand Viertel/_DSC0422_q1.JPG,Finaler Zustand Viertel,test,DSC0422,quarter_suffix_removed,.jpg,1824,1824,3
img_9f016ae1468b0b59,Finaler Zustand Viertel/_DSC0422_q2.JPG,Finaler Zustand Viertel,test,DSC0422,quarter_suffix_removed,.jpg,1824,1824,3
img_94bc0074be65fe47,Finaler Zustand Viertel/_DSC0423_q1.JPG,Finaler Zustand Viertel,test,DSC0423,quarter_suffix_removed,.jpg,1824,1824,3
img_c4d5d4c23f007c10,Finaler Zustand Viertel/_DSC0423_q2.JPG,Finaler Zustand Viertel,test,DSC0423,quarter_suffix_removed,.jpg,1824,1824,3
img_443e052b2f6bedc4,Finaler Zustand Viertel/_DSC0423_q3.JPG,Finaler Zustand Viertel,test,DSC0423,quarter_suffix_removed,.jpg,1824,1824,3
img_7e15bf51f3f8052e,Finaler Zustand Viertel/_DSC0425_q2.JPG,Finaler Zustand Viertel,test,DSC0425,quarter_suffix_removed,.jpg,1824,1824,3
img_5c9d6f7ea88933a4,Finaler Zustand Viertel/_DSC0426_q2.JPG,Finaler Zustand Viertel,train,DSC0426,quarter_suffix_removed,.jpg,1824,1824,3
img_e1c45ceecbfaa43a,Finaler Zustand Viertel/_DSC0426_q3.JPG,Finaler Zustand Viertel,train,DSC0426,quarter_suffix_removed,.jpg,1824,1824,3
img_c8bb2235c962febb,Finaler Zustand Viertel/_DSC0427_q1.JPG,Finaler Zustand Viertel,train,DSC0427,quarter_suffix_removed,.jpg,1824,1824,3
img_f392222cde002ed1,Finaler Zustand Viertel/_DSC0427_q2.JPG,Finaler Zustand Viertel,train,DSC0427,quarter_suffix_removed,.jpg,1824,1824,3
img_24f35eb763def22c,Finaler Zustand Viertel/_DSC0427_q3.JPG,Finaler Zustand Viertel,train,DSC0427,quarter_suffix_removed,.jpg,1824,1824,3
img_259ff47ae2c8041b,Finaler Zustand Viertel/_DSC0427_q4.JPG,Finaler Zustand Viertel,train,DSC0427,quarter_suffix_removed,.jpg,1824,1824,3
img_b829c49ac6a6dd87,Finaler Zustand Viertel/_DSC0428_q2.JPG,Finaler Zustand Viertel,train,DSC0428,quarter_suffix_removed,.jpg,1824,1824,3
img_52db0c20eb355cc9,Finaler Zustand Viertel/_DSC0428_q4.JPG,Finaler Zustand Viertel,train,DSC0428,quarter_suffix_removed,.jpg,1824,1824,3
img_739a08751d57c6f3,Finaler Zustand Viertel/_DSC0429_q2.JPG,Finaler Zustand Viertel,val,DSC0429,quarter_suffix_removed,.jpg,1824,1824,3
img_a3feb363cb30f6fc,Finaler Zustand Viertel/_DSC0430_q1.JPG,Finaler Zustand Viertel,train,DSC0430,quarter_suffix_removed,.jpg,1824,1824,3
img_22ace49985c6d5ba,Finaler Zustand Viertel/_DSC0431_q2.JPG,Finaler Zustand Viertel,train,DSC0431,quarter_suffix_removed,.jpg,1824,1824,3
img_e884c0550f6eac76,Finaler Zustand Viertel/_DSC0433_q1.JPG,Finaler Zustand Viertel,train,DSC0433,quarter_suffix_removed,.jpg,1824,1824,3
img_cba5fc4249853cc3,Finaler Zustand Viertel/_DSC0433_q2.JPG,Finaler Zustand Viertel,train,DSC0433,quarter_suffix_removed,.jpg,1824,1824,3
img_2cd9cbb3e27a69f3,Finaler Zustand Viertel/_DSC0433_q3.JPG,Finaler Zustand Viertel,train,DSC0433,quarter_suffix_removed,.jpg,1824,1824,3
img_6b139ee64e66e6d0,Finaler Zustand Viertel/_DSC0434_q1.JPG,Finaler Zustand Viertel,train,DSC0434,quarter_suffix_removed,.jpg,1824,1824,3
img_3e7dd9ffd7f929f6,Finaler Zustand Viertel/_DSC0434_q2.JPG,Finaler Zustand Viertel,train,DSC0434,quarter_suffix_removed,.jpg,1824,1824,3
img_fd7e1b564f065cf0,Finaler Zustand Viertel/_DSC0434_q3.JPG,Finaler Zustand Viertel,train,DSC0434,quarter_suffix_removed,.jpg,1824,1824,3
img_dc9452853475940b,Finaler Zustand Viertel/_DSC0434_q4.JPG,Finaler Zustand Viertel,train,DSC0434,quarter_suffix_removed,.jpg,1824,1824,3
img_9ee26f0ccb70411a,Finaler Zustand Viertel/_DSC0435_q2.JPG,Finaler Zustand Viertel,train,DSC0435,quarter_suffix_removed,.jpg,1824,1824,3
img_77311cfc4bd0046a,Finaler Zustand Viertel/_DSC0435_q3.JPG,Finaler Zustand Viertel,train,DSC0435,quarter_suffix_removed,.jpg,1824,1824,3
img_ce34a7d4c75d5b20,Finaler Zustand Viertel/_DSC0435_q4.JPG,Finaler Zustand Viertel,train,DSC0435,quarter_suffix_removed,.jpg,1824,1824,3
img_6763f45ecc632031,Finaler Zustand Viertel/_DSC1217_q3.JPG,Finaler Zustand Viertel,train,DSC1217,quarter_suffix_removed,.jpg,1824,1824,3
img_2df9fbe8d53ce54f,Finaler Zustand Viertel/_DSC1217_q4.JPG,Finaler Zustand Viertel,train,DSC1217,quarter_suffix_removed,.jpg,1824,1824,3
img_2a1138c2c32054c7,Finaler Zustand Viertel/_DSC1218_q1.JPG,Finaler Zustand Viertel,train,DSC1218,quarter_suffix_removed,.jpg,1824,1824,3
img_203a637b2dfe9806,Finaler Zustand Viertel/_DSC1218_q2.JPG,Finaler Zustand Viertel,train,DSC1218,quarter_suffix_removed,.jpg,1824,1824,3
img_839d9a9ad822fb2e,Finaler Zustand Viertel/_DSC1218_q4.JPG,Finaler Zustand Viertel,train,DSC1218,quarter_suffix_removed,.jpg,1824,1824,3
img_9e91ea4da508ba05,Finaler Zustand Viertel/_DSC1219_q1.JPG,Finaler Zustand Viertel,train,DSC1219,quarter_suffix_removed,.jpg,1824,1824,3
img_37d5b6fad8bac57f,Finaler Zustand Viertel/_DSC1219_q2.JPG,Finaler Zustand Viertel,train,DSC1219,quarter_suffix_removed,.jpg,1824,1824,3
img_1c6a50da8bd62af1,Finaler Zustand Viertel/_DSC1219_q4.JPG,Finaler Zustand Viertel,train,DSC1219,quarter_suffix_removed,.jpg,1824,1824,3
img_b017438f192bea6d,Finaler Zustand Viertel/_DSC1220_q3.JPG,Finaler Zustand Viertel,val,DSC1220,quarter_suffix_removed,.jpg,1824,1824,3
img_094407aeb195d28b,Finaler Zustand Viertel/_DSC1220_q4.JPG,Finaler Zustand Viertel,val,DSC1220,quarter_suffix_removed,.jpg,1824,1824,3
img_6ab1c7b0a2acdab4,Finaler Zustand Viertel/_DSC1221_q3.JPG,Finaler Zustand Viertel,train,DSC1221,quarter_suffix_removed,.jpg,1824,1824,3
img_373a73bcb185d671,Finaler Zustand Viertel/_DSC1221_q4.JPG,Finaler Zustand Viertel,train,DSC1221,quarter_suffix_removed,.jpg,1824,1824,3
img_f5583dd33f26ad90,Finaler Zustand Viertel/_DSC1222_q1.JPG,Finaler Zustand Viertel,train,DSC1222,quarter_suffix_removed,.jpg,1824,1824,3
img_76d569c97c742d43,Finaler Zustand Viertel/_DSC1222_q2.JPG,Finaler Zustand Viertel,train,DSC1222,quarter_suffix_removed,.jpg,1824,1824,3
img_3f3e46acb03a306e,Finaler Zustand Viertel/_DSC1222_q3.JPG,Finaler Zustand Viertel,train,DSC1222,quarter_suffix_removed,.jpg,1824,1824,3
img_906de3ca9e45a916,Finaler Zustand Viertel/_DSC1222_q4.JPG,Finaler Zustand Viertel,train,DSC1222,quarter_suffix_removed,.jpg,1824,1824,3
img_c84431e58093f608,Finaler Zustand Viertel/_DSC1223_q1.JPG,Finaler Zustand Viertel,train,DSC1223,quarter_suffix_removed,.jpg,1824,1824,3
img_e494042a423fb3da,Finaler Zustand Viertel/_DSC1223_q2.JPG,Finaler Zustand Viertel,train,DSC1223,quarter_suffix_removed,.jpg,1824,1824,3
img_c075c1abbc364771,Finaler Zustand Viertel/_DSC1223_q3.JPG,Finaler Zustand Viertel,train,DSC1223,quarter_suffix_removed,.jpg,1824,1824,3
img_7728686f4c36f9cd,Finaler Zustand Viertel/_DSC1223_q4.JPG,Finaler Zustand Viertel,train,DSC1223,quarter_suffix_removed,.jpg,1824,1824,3
img_9e792ef11e70d994,Finaler Zustand Viertel/_DSC1224_q1.JPG,Finaler Zustand Viertel,train,DSC1224,quarter_suffix_removed,.jpg,1824,1824,3
img_ae2c7b2a2dc7ea42,Finaler Zustand Viertel/_DSC1224_q2.JPG,Finaler Zustand Viertel,train,DSC1224,quarter_suffix_removed,.jpg,1824,1824,3
img_ca73beaabc3481a7,Finaler Zustand Viertel/_DSC1224_q3.JPG,Finaler Zustand Viertel,train,DSC1224,quarter_suffix_removed,.jpg,1824,1824,3
img_517508d4bc373d71,Finaler Zustand Viertel/_DSC1224_q4.JPG,Finaler Zustand Viertel,train,DSC1224,quarter_suffix_removed,.jpg,1824,1824,3
img_031b81a81de46c98,Finaler Zustand Viertel/_DSC1225_q3.JPG,Finaler Zustand Viertel,train,DSC1225,quarter_suffix_removed,.jpg,1824,1824,3
img_e422fd855d0966b9,Finaler Zustand Viertel/_DSC1225_q4.JPG,Finaler Zustand Viertel,train,DSC1225,quarter_suffix_removed,.jpg,1824,1824,3
img_e48117f3e3d20cf0,Finaler Zustand Viertel/_DSC1226_q3.JPG,Finaler Zustand Viertel,train,DSC1226,quarter_suffix_removed,.jpg,1824,1824,3
img_93babdc117c35627,Finaler Zustand Viertel/_DSC1227_q1.JPG,Finaler Zustand Viertel,test,DSC1227,quarter_suffix_removed,.jpg,1824,1824,3
img_8b5899c51a08e02c,Finaler Zustand Viertel/_DSC1227_q2.JPG,Finaler Zustand Viertel,test,DSC1227,quarter_suffix_removed,.jpg,1824,1824,3
img_6781d2ca9c78d12f,Finaler Zustand Viertel/_DSC1227_q3.JPG,Finaler Zustand Viertel,test,DSC1227,quarter_suffix_removed,.jpg,1824,1824,3
img_be2237d6d457bc88,Finaler Zustand Viertel/_DSC1227_q4.JPG,Finaler Zustand Viertel,test,DSC1227,quarter_suffix_removed,.jpg,1824,1824,3
img_1a5567b76f89350c,Finaler Zustand Viertel/_DSC1228_q1.JPG,Finaler Zustand Viertel,val,DSC1228,quarter_suffix_removed,.jpg,1824,1824,3
img_bad81b4cac9a5fe4,Finaler Zustand Viertel/_DSC1228_q2.JPG,Finaler Zustand Viertel,val,DSC1228,quarter_suffix_removed,.jpg,1824,1824,3
img_13eb492e1ef6c309,Finaler Zustand Viertel/_DSC1228_q3.JPG,Finaler Zustand Viertel,val,DSC1228,quarter_suffix_removed,.jpg,1824,1824,3
img_47ffd724693fa903,Finaler Zustand Viertel/_DSC1228_q4.JPG,Finaler Zustand Viertel,val,DSC1228,quarter_suffix_removed,.jpg,1824,1824,3
img_8ca2a8eb615ea7a8,Finaler Zustand Viertel/_DSC1229_q1.JPG,Finaler Zustand Viertel,train,DSC1229,quarter_suffix_removed,.jpg,1824,1824,3
img_46ccd05f7de2f08d,Finaler Zustand Viertel/_DSC1229_q4.JPG,Finaler Zustand Viertel,train,DSC1229,quarter_suffix_removed,.jpg,1824,1824,3
img_41cc2d26ba512e5e,Finaler Zustand Viertel/_DSC1230_q1.JPG,Finaler Zustand Viertel,train,DSC1230,quarter_suffix_removed,.jpg,1824,1824,3
img_ee0bd8a9af9c989e,Finaler Zustand Viertel/_DSC1230_q3.JPG,Finaler Zustand Viertel,train,DSC1230,quarter_suffix_removed,.jpg,1824,1824,3
img_f9a889ebb967e03d,Finaler Zustand Viertel/_DSC1231_q1.JPG,Finaler Zustand Viertel,train,DSC1231,quarter_suffix_removed,.jpg,1824,1824,3
img_0d4b135b5ac2b28c,Finaler Zustand Viertel/_DSC1231_q2.JPG,Finaler Zustand Viertel,train,DSC1231,quarter_suffix_removed,.jpg,1824,1824,3
img_9c12efe820bfda90,Finaler Zustand Viertel/_DSC1234_q1.JPG,Finaler Zustand Viertel,train,DSC1234,quarter_suffix_removed,.jpg,1824,1824,3
img_586186c7f8b085f0,Finaler Zustand Viertel/_DSC1234_q2.JPG,Finaler Zustand Viertel,train,DSC1234,quarter_suffix_removed,.jpg,1824,1824,3
img_215322bd4e785155,Finaler Zustand Viertel/_DSC1234_q3.JPG,Finaler Zustand Viertel,train,DSC1234,quarter_suffix_removed,.jpg,1824,1824,3
img_41d9a1d2ffd9acc7,Finaler Zustand Viertel/_DSC1234_q4.JPG,Finaler Zustand Viertel,train,DSC1234,quarter_suffix_removed,.jpg,1824,1824,3
img_4e4e56266ef83911,Finaler Zustand Viertel/_DSC1235_q1.JPG,Finaler Zustand Viertel,train,DSC1235,quarter_suffix_removed,.jpg,1824,1824,3
img_95a6c123ac49032e,Finaler Zustand Viertel/_DSC1235_q2.JPG,Finaler Zustand Viertel,train,DSC1235,quarter_suffix_removed,.jpg,1824,1824,3
img_5af10a09207e8311,Finaler Zustand Viertel/_DSC1235_q3.JPG,Finaler Zustand Viertel,train,DSC1235,quarter_suffix_removed,.jpg,1824,1824,3
img_7f049643b6f5c356,Finaler Zustand Viertel/_DSC1235_q4.JPG,Finaler Zustand Viertel,train,DSC1235,quarter_suffix_removed,.jpg,1824,1824,3
img_93f3dbbfc5d923b2,Finaler Zustand Viertel/_DSC1236_q2.JPG,Finaler Zustand Viertel,val,DSC1236,quarter_suffix_removed,.jpg,1824,1824,3
img_3dfc7ac142026d09,Finaler Zustand Viertel/_DSC1236_q3.JPG,Finaler Zustand Viertel,val,DSC1236,quarter_suffix_removed,.jpg,1824,1824,3
img_5456bcb8fd53f4a5,Finaler Zustand Viertel/_DSC1236_q4.JPG,Finaler Zustand Viertel,val,DSC1236,quarter_suffix_removed,.jpg,1824,1824,3
img_5cc69ba1ad9e6dc7,Finaler Zustand Viertel/_DSC1237_q1.JPG,Finaler Zustand Viertel,train,DSC1237,quarter_suffix_removed,.jpg,1824,1824,3
img_6d581f0928152caa,Finaler Zustand Viertel/_DSC1237_q2.JPG,Finaler Zustand Viertel,train,DSC1237,quarter_suffix_removed,.jpg,1824,1824,3
img_db81909455014300,Finaler Zustand Viertel/_DSC1237_q3.JPG,Finaler Zustand Viertel,train,DSC1237,quarter_suffix_removed,.jpg,1824,1824,3
img_bf4da23cf7de2c2c,Finaler Zustand Viertel/_DSC1237_q4.JPG,Finaler Zustand Viertel,train,DSC1237,quarter_suffix_removed,.jpg,1824,1824,3
img_edebfbbef2f373e5,Finaler Zustand Viertel/_DSC1238_q1.JPG,Finaler Zustand Viertel,train,DSC1238,quarter_suffix_removed,.jpg,1824,1824,3
img_7d0b0cd422dd3fa2,Finaler Zustand Viertel/_DSC1238_q2.JPG,Finaler Zustand Viertel,train,DSC1238,quarter_suffix_removed,.jpg,1824,1824,3
img_391d3083f42fadbb,Finaler Zustand Viertel/_DSC1238_q3.JPG,Finaler Zustand Viertel,train,DSC1238,quarter_suffix_removed,.jpg,1824,1824,3
img_1f9aceed29917c18,Finaler Zustand Viertel/_DSC1240_q1.JPG,Finaler Zustand Viertel,train,DSC1240,quarter_suffix_removed,.jpg,1824,1824,3
img_823e7110eeb82a6c,Finaler Zustand Viertel/_DSC1240_q2.JPG,Finaler Zustand Viertel,train,DSC1240,quarter_suffix_removed,.jpg,1824,1824,3
img_899bcc01ee10deea,Finaler Zustand Viertel/_DSC1240_q3.JPG,Finaler Zustand Viertel,train,DSC1240,quarter_suffix_removed,.jpg,1824,1824,3
img_51fa9134e5bd099b,Finaler Zustand Viertel/_DSC1240_q4.JPG,Finaler Zustand Viertel,train,DSC1240,quarter_suffix_removed,.jpg,1824,1824,3
img_09d4a4b66dccbfe5,Finaler Zustand Viertel/_DSC1241_q1.JPG,Finaler Zustand Viertel,test,DSC1241,quarter_suffix_removed,.jpg,1824,1824,3
img_08ac4ee551cbf479,Finaler Zustand Viertel/_DSC1241_q2.JPG,Finaler Zustand Viertel,test,DSC1241,quarter_suffix_removed,.jpg,1824,1824,3
img_28da92b7fb3006f4,Finaler Zustand Viertel/_DSC1241_q3.JPG,Finaler Zustand Viertel,test,DSC1241,quarter_suffix_removed,.jpg,1824,1824,3
img_ac8dcf5dfe3d40c8,Finaler Zustand Viertel/_DSC1241_q4.JPG,Finaler Zustand Viertel,test,DSC1241,quarter_suffix_removed,.jpg,1824,1824,3
img_5f798fb71a053e50,Finaler Zustand Viertel/_DSC1242_q1.JPG,Finaler Zustand Viertel,train,DSC1242,quarter_suffix_removed,.jpg,1824,1824,3
img_4535cbb9662d4342,Finaler Zustand Viertel/_DSC1242_q2.JPG,Finaler Zustand Viertel,train,DSC1242,quarter_suffix_removed,.jpg,1824,1824,3
img_b311f13256567d03,Finaler Zustand Viertel/_DSC1242_q3.JPG,Finaler Zustand Viertel,train,DSC1242,quarter_suffix_removed,.jpg,1824,1824,3
img_0b25eccf61ec78df,Finaler Zustand Viertel/_DSC1242_q4.JPG,Finaler Zustand Viertel,train,DSC1242,quarter_suffix_removed,.jpg,1824,1824,3
img_601fe3a06fa784a4,Finaler Zustand Viertel/_DSC1243_q1.JPG,Finaler Zustand Viertel,val,DSC1243,quarter_suffix_removed,.jpg,1824,1824,3
img_457adadb3f6f7565,Finaler Zustand Viertel/_DSC1243_q2.JPG,Finaler Zustand Viertel,val,DSC1243,quarter_suffix_removed,.jpg,1824,1824,3
img_00206c399c664ef8,Finaler Zustand Viertel/_DSC1243_q3.JPG,Finaler Zustand Viertel,val,DSC1243,quarter_suffix_removed,.jpg,1824,1824,3
img_7f3790052cc38c97,Finaler Zustand Viertel/_DSC1243_q4.JPG,Finaler Zustand Viertel,val,DSC1243,quarter_suffix_removed,.jpg,1824,1824,3
img_2c534e3c95ee9fc9,Finaler Zustand Viertel/_DSC1244_q1.JPG,Finaler Zustand Viertel,train,DSC1244,quarter_suffix_removed,.jpg,1824,1824,3
img_5f5abe3bb9bda41b,Finaler Zustand Viertel/_DSC1244_q2.JPG,Finaler Zustand Viertel,train,DSC1244,quarter_suffix_removed,.jpg,1824,1824,3
img_b7be8e661e00a74a,Finaler Zustand Viertel/_DSC1244_q3.JPG,Finaler Zustand Viertel,train,DSC1244,quarter_suffix_removed,.jpg,1824,1824,3
img_f745d27cdab42c38,Finaler Zustand Viertel/_DSC1244_q4.JPG,Finaler Zustand Viertel,train,DSC1244,quarter_suffix_removed,.jpg,1824,1824,3
img_55ed61d144c47494,Finaler Zustand Viertel/_DSC1245_q1.JPG,Finaler Zustand Viertel,test,DSC1245,quarter_suffix_removed,.jpg,1824,1824,3
img_32c75f52723b5bc9,Finaler Zustand Viertel/_DSC1245_q2.JPG,Finaler Zustand Viertel,test,DSC1245,quarter_suffix_removed,.jpg,1824,1824,3
img_29335470fa483258,Finaler Zustand Viertel/_DSC1245_q4.JPG,Finaler Zustand Viertel,test,DSC1245,quarter_suffix_removed,.jpg,1824,1824,3
img_50c356b1ac2f3e03,Finaler Zustand Viertel/_DSC1247_q2.JPG,Finaler Zustand Viertel,test,DSC1247,quarter_suffix_removed,.jpg,1824,1824,3
img_3f31925117347796,Finaler Zustand Viertel/_DSC1249_q1.JPG,Finaler Zustand Viertel,train,DSC1249,quarter_suffix_removed,.jpg,1824,1824,3
img_dfd23517beb87e7e,Finaler Zustand Viertel/_DSC1249_q2.JPG,Finaler Zustand Viertel,train,DSC1249,quarter_suffix_removed,.jpg,1824,1824,3
img_bb4eca9bfd077bfb,Finaler Zustand Viertel/_DSC1249_q3.JPG,Finaler Zustand Viertel,train,DSC1249,quarter_suffix_removed,.jpg,1824,1824,3
img_1691cd7664bc7263,Finaler Zustand Viertel/_DSC1249_q4.JPG,Finaler Zustand Viertel,train,DSC1249,quarter_suffix_removed,.jpg,1824,1824,3
img_a7944d76ac972d25,Finaler Zustand Viertel/_DSC1250_q1.JPG,Finaler Zustand Viertel,train,DSC1250,quarter_suffix_removed,.jpg,1824,1824,3
img_14584fa1f12364c0,Finaler Zustand Viertel/_DSC1250_q2.JPG,Finaler Zustand Viertel,train,DSC1250,quarter_suffix_removed,.jpg,1824,1824,3
img_0d803c842fc98c77,Finaler Zustand Viertel/_DSC1250_q3.JPG,Finaler Zustand Viertel,train,DSC1250,quarter_suffix_removed,.jpg,1824,1824,3
img_fd3462b2343b25e5,Finaler Zustand Viertel/_DSC1250_q4.JPG,Finaler Zustand Viertel,train,DSC1250,quarter_suffix_removed,.jpg,1824,1824,3
img_4ea9a1c29d6b5319,Finaler Zustand Viertel/_DSC1251_q1.JPG,Finaler Zustand Viertel,test,DSC1251,quarter_suffix_removed,.jpg,1824,1824,3
img_65398fad552277d8,Finaler Zustand Viertel/_DSC1251_q2.JPG,Finaler Zustand Viertel,test,DSC1251,quarter_suffix_removed,.jpg,1824,1824,3
img_b573e78e9d96301b,Finaler Zustand Viertel/_DSC1252_q1.JPG,Finaler Zustand Viertel,train,DSC1252,quarter_suffix_removed,.jpg,1824,1824,3
img_406ac1c96b43b0b3,Finaler Zustand Viertel/_DSC1252_q2.JPG,Finaler Zustand Viertel,train,DSC1252,quarter_suffix_removed,.jpg,1824,1824,3
img_0b91fdc587e9fb06,Finaler Zustand Viertel/_DSC1253_q1.JPG,Finaler Zustand Viertel,train,DSC1253,quarter_suffix_removed,.jpg,1824,1824,3
img_0cc0c20b8fd6f4e8,Finaler Zustand Viertel/_DSC1253_q2.JPG,Finaler Zustand Viertel,train,DSC1253,quarter_suffix_removed,.jpg,1824,1824,3
img_7f767cbd875a8d85,Finaler Zustand Viertel/_DSC1253_q3.JPG,Finaler Zustand Viertel,train,DSC1253,quarter_suffix_removed,.jpg,1824,1824,3
img_8e9768a8cc1ca6ae,Finaler Zustand Viertel/_DSC1253_q4.JPG,Finaler Zustand Viertel,train,DSC1253,quarter_suffix_removed,.jpg,1824,1824,3
img_d39a6304d4eec2f9,Finaler Zustand Viertel/_DSC1254_q1.JPG,Finaler Zustand Viertel,test,DSC1254,quarter_suffix_removed,.jpg,1824,1824,3
img_d6df6c261df7fdfd,Finaler Zustand Viertel/_DSC1254_q2.JPG,Finaler Zustand Viertel,test,DSC1254,quarter_suffix_removed,.jpg,1824,1824,3
img_810175506e9a09b6,Finaler Zustand Viertel/_DSC1254_q3.JPG,Finaler Zustand Viertel,test,DSC1254,quarter_suffix_removed,.jpg,1824,1824,3
img_db67b28d48f7284d,Finaler Zustand Viertel/_DSC1254_q4.JPG,Finaler Zustand Viertel,test,DSC1254,quarter_suffix_removed,.jpg,1824,1824,3
img_ec4c87b5ca04eaff,Finaler Zustand Viertel/_DSC1256_q1.JPG,Finaler Zustand Viertel,train,DSC1256,quarter_suffix_removed,.jpg,1824,1824,3
img_b438eeb62759448e,Finaler Zustand Viertel/_DSC1256_q2.JPG,Finaler Zustand Viertel,train,DSC1256,quarter_suffix_removed,.jpg,1824,1824,3
img_70c8ca7685f03f91,Finaler Zustand Viertel/_DSC1256_q4.JPG,Finaler Zustand Viertel,train,DSC1256,quarter_suffix_removed,.jpg,1824,1824,3
img_50fd453d81c9dfa0,Finaler Zustand Viertel/_DSC1257_q2.JPG,Finaler Zustand Viertel,train,DSC1257,quarter_suffix_removed,.jpg,1824,1824,3
img_55da1a989f8cd68e,Finaler Zustand Viertel/_DSC1258_q1.JPG,Finaler Zustand Viertel,train,DSC1258,quarter_suffix_removed,.jpg,1824,1824,3
img_4b18c074ae45ea41,Finaler Zustand Viertel/_DSC1258_q2.JPG,Finaler Zustand Viertel,train,DSC1258,quarter_suffix_removed,.jpg,1824,1824,3
img_dd89c1da674fc82e,Finaler Zustand Viertel/_DSC1258_q3.JPG,Finaler Zustand Viertel,train,DSC1258,quarter_suffix_removed,.jpg,1824,1824,3
img_1979314eebb0d885,Finaler Zustand Viertel/_DSC1259_q1.JPG,Finaler Zustand Viertel,train,DSC1259,quarter_suffix_removed,.jpg,1824,1824,3
img_875262d512ee2f6d,Finaler Zustand Viertel/_DSC1259_q3.JPG,Finaler Zustand Viertel,train,DSC1259,quarter_suffix_removed,.jpg,1824,1824,3
img_87b1ed825b25e230,Finaler Zustand Viertel/_DSC1259_q4.JPG,Finaler Zustand Viertel,train,DSC1259,quarter_suffix_removed,.jpg,1824,1824,3
img_a43af881785eb12e,Finaler Zustand Viertel/_DSC1261_q1.JPG,Finaler Zustand Viertel,val,DSC1261,quarter_suffix_removed,.jpg,1824,1824,3
img_dae136c1291ed512,Finaler Zustand Viertel/_DSC1261_q2.JPG,Finaler Zustand Viertel,val,DSC1261,quarter_suffix_removed,.jpg,1824,1824,3
img_1ea496f4a13d0a37,Finaler Zustand Viertel/_DSC1261_q3.JPG,Finaler Zustand Viertel,val,DSC1261,quarter_suffix_removed,.jpg,1824,1824,3
img_8680f6353dd9842d,Finaler Zustand Viertel/_DSC1261_q4.JPG,Finaler Zustand Viertel,val,DSC1261,quarter_suffix_removed,.jpg,1824,1824,3
img_be380012f58c93d5,Finaler Zustand Viertel/_DSC1262_q1.JPG,Finaler Zustand Viertel,train,DSC1262,quarter_suffix_removed,.jpg,1824,1824,3
img_a5e0114eb30e9d07,Finaler Zustand Viertel/_DSC1262_q2.JPG,Finaler Zustand Viertel,train,DSC1262,quarter_suffix_removed,.jpg,1824,1824,3
img_cc5534ed850a3a82,Finaler Zustand Viertel/_DSC1262_q3.JPG,Finaler Zustand Viertel,train,DSC1262,quarter_suffix_removed,.jpg,1824,1824,3
img_80927b5873df0d49,Finaler Zustand Viertel/_DSC1263_q1.JPG,Finaler Zustand Viertel,train,DSC1263,quarter_suffix_removed,.jpg,1824,1824,3
img_e19b617a7d2f55c6,Finaler Zustand Viertel/_DSC1263_q2.JPG,Finaler Zustand Viertel,train,DSC1263,quarter_suffix_removed,.jpg,1824,1824,3
img_6f395f2852305d91,Finaler Zustand Viertel/_DSC1263_q3.JPG,Finaler Zustand Viertel,train,DSC1263,quarter_suffix_removed,.jpg,1824,1824,3
img_70c6db6392b748e6,Finaler Zustand Viertel/_DSC1263_q4.JPG,Finaler Zustand Viertel,train,DSC1263,quarter_suffix_removed,.jpg,1824,1824,3
img_608ac42b8744bd10,Finaler Zustand Viertel/_DSC1264_q1.JPG,Finaler Zustand Viertel,val,DSC1264,quarter_suffix_removed,.jpg,1824,1824,3
img_59b947eda73a5cca,Finaler Zustand Viertel/_DSC1264_q3.JPG,Finaler Zustand Viertel,val,DSC1264,quarter_suffix_removed,.jpg,1824,1824,3
img_e3f9cd49c7c8a4f5,Finaler Zustand Viertel/_DSC1264_q4.JPG,Finaler Zustand Viertel,val,DSC1264,quarter_suffix_removed,.jpg,1824,1824,3
img_6598cc41460e872f,Finaler Zustand Viertel/_DSC1265_q1.JPG,Finaler Zustand Viertel,train,DSC1265,quarter_suffix_removed,.jpg,1824,1824,3
img_61efe1038973305d,Finaler Zustand Viertel/_DSC1265_q2.JPG,Finaler Zustand Viertel,train,DSC1265,quarter_suffix_removed,.jpg,1824,1824,3
img_ac82c81d719e7c41,Finaler Zustand Viertel/_DSC1265_q3.JPG,Finaler Zustand Viertel,train,DSC1265,quarter_suffix_removed,.jpg,1824,1824,3
img_0e4e04f1c448fed9,Finaler Zustand Viertel/_DSC1265_q4.JPG,Finaler Zustand Viertel,train,DSC1265,quarter_suffix_removed,.jpg,1824,1824,3
img_b9b191be185eb888,Finaler Zustand Viertel/_DSC1266_q1.JPG,Finaler Zustand Viertel,train,DSC1266,quarter_suffix_removed,.jpg,1824,1824,3
img_4880f2d8479262e7,Finaler Zustand Viertel/_DSC1266_q2.JPG,Finaler Zustand Viertel,train,DSC1266,quarter_suffix_removed,.jpg,1824,1824,3
img_321a6ab1d97faf50,Finaler Zustand Viertel/_DSC1266_q3.JPG,Finaler Zustand Viertel,train,DSC1266,quarter_suffix_removed,.jpg,1824,1824,3
img_47d287873bd45aa0,Finaler Zustand Viertel/_DSC1266_q4.JPG,Finaler Zustand Viertel,train,DSC1266,quarter_suffix_removed,.jpg,1824,1824,3
img_01ec3c73b3cf872d,Finaler Zustand Viertel/_DSC1268_q1.JPG,Finaler Zustand Viertel,train,DSC1268,quarter_suffix_removed,.jpg,1824,1824,3
img_24968c82390f8cef,Finaler Zustand Viertel/_DSC1268_q2.JPG,Finaler Zustand Viertel,train,DSC1268,quarter_suffix_removed,.jpg,1824,1824,3
img_5f048405867bdf2f,Finaler Zustand Viertel/_DSC1268_q3.JPG,Finaler Zustand Viertel,train,DSC1268,quarter_suffix_removed,.jpg,1824,1824,3
img_26caf41092edf23d,Finaler Zustand Viertel/_DSC1268_q4.JPG,Finaler Zustand Viertel,train,DSC1268,quarter_suffix_removed,.jpg,1824,1824,3
img_948d03a41096d64a,Finaler Zustand Viertel/_DSC1269_q1.JPG,Finaler Zustand Viertel,train,DSC1269,quarter_suffix_removed,.jpg,1824,1824,3
img_b9dfcb7712965f6a,Finaler Zustand Viertel/_DSC1269_q2.JPG,Finaler Zustand Viertel,train,DSC1269,quarter_suffix_removed,.jpg,1824,1824,3
img_957a5cb219e43469,Finaler Zustand Viertel/_DSC1269_q3.JPG,Finaler Zustand Viertel,train,DSC1269,quarter_suffix_removed,.jpg,1824,1824,3
img_ab389fbb9f958572,Finaler Zustand Viertel/_DSC1269_q4.JPG,Finaler Zustand Viertel,train,DSC1269,quarter_suffix_removed,.jpg,1824,1824,3
img_4d2cca48e1e679b3,Finaler Zustand Viertel/_DSC1271_q1.JPG,Finaler Zustand Viertel,train,DSC1271,quarter_suffix_removed,.jpg,1824,1824,3
img_749c1330f12b0c59,Finaler Zustand Viertel/_DSC1271_q2.JPG,Finaler Zustand Viertel,train,DSC1271,quarter_suffix_removed,.jpg,1824,1824,3
img_9ce86d063939adb8,Finaler Zustand Viertel/_DSC1271_q4.JPG,Finaler Zustand Viertel,train,DSC1271,quarter_suffix_removed,.jpg,1824,1824,3
img_f25315e3c0cc3740,Finaler Zustand Viertel/_DSC1272_q1.JPG,Finaler Zustand Viertel,test,DSC1272,quarter_suffix_removed,.jpg,1824,1824,3
img_e8716410b4632d72,Finaler Zustand Viertel/_DSC1272_q2.JPG,Finaler Zustand Viertel,test,DSC1272,quarter_suffix_removed,.jpg,1824,1824,3
img_d266749cb5e54c5f,Finaler Zustand Viertel/_DSC1272_q3.JPG,Finaler Zustand Viertel,test,DSC1272,quarter_suffix_removed,.jpg,1824,1824,3
img_fadf5db7cfc1e78b,Finaler Zustand Viertel/_DSC1272_q4.JPG,Finaler Zustand Viertel,test,DSC1272,quarter_suffix_removed,.jpg,1824,1824,3
img_4e9166fa97b60ab9,Finaler Zustand Viertel/_DSC1275_q1.JPG,Finaler Zustand Viertel,val,DSC1275,quarter_suffix_removed,.jpg,1824,1824,3
img_361e3f3b9763db14,Finaler Zustand Viertel/_DSC1275_q2.JPG,Finaler Zustand Viertel,val,DSC1275,quarter_suffix_removed,.jpg,1824,1824,3
img_c173204b55ac4719,Finaler Zustand Viertel/_DSC1275_q3.JPG,Finaler Zustand Viertel,val,DSC1275,quarter_suffix_removed,.jpg,1824,1824,3
img_8191572a38dc385a,Finaler Zustand Viertel/_DSC1275_q4.JPG,Finaler Zustand Viertel,val,DSC1275,quarter_suffix_removed,.jpg,1824,1824,3
img_16a3d7b5db03e242,Finaler Zustand Viertel/_DSC1276_q1.JPG,Finaler Zustand Viertel,test,DSC1276,quarter_suffix_removed,.jpg,1824,1824,3
img_fa9182f1d16f5723,Finaler Zustand Viertel/_DSC1276_q2.JPG,Finaler Zustand Viertel,test,DSC1276,quarter_suffix_removed,.jpg,1824,1824,3
img_7195e3e6c0e73e40,Finaler Zustand Viertel/_DSC1276_q3.JPG,Finaler Zustand Viertel,test,DSC1276,quarter_suffix_removed,.jpg,1824,1824,3
img_ce066fab3a8d25e2,Finaler Zustand Viertel/_DSC1277_q2.JPG,Finaler Zustand Viertel,val,DSC1277,quarter_suffix_removed,.jpg,1824,1824,3
img_39ba3448b4300a90,Finaler Zustand Viertel/_DSC1277_q3.JPG,Finaler Zustand Viertel,val,DSC1277,quarter_suffix_removed,.jpg,1824,1824,3
img_f3120ccec4d9816a,Finaler Zustand Viertel/_DSC1279_q1.JPG,Finaler Zustand Viertel,train,DSC1279,quarter_suffix_removed,.jpg,1824,1824,3
img_58b027575487765a,Finaler Zustand Viertel/_DSC1279_q2.JPG,Finaler Zustand Viertel,train,DSC1279,quarter_suffix_removed,.jpg,1824,1824,3
img_401b0f64050826c5,Finaler Zustand Viertel/_DSC1279_q3.JPG,Finaler Zustand Viertel,train,DSC1279,quarter_suffix_removed,.jpg,1824,1824,3
img_44d84e03a4af6603,Finaler Zustand Viertel/_DSC1280_q1.JPG,Finaler Zustand Viertel,train,DSC1280,quarter_suffix_removed,.jpg,1824,1824,3
img_07764ddd6bc7446a,Finaler Zustand Viertel/_DSC1280_q2.JPG,Finaler Zustand Viertel,train,DSC1280,quarter_suffix_removed,.jpg,1824,1824,3
img_3e9acd00ac747ded,Finaler Zustand Viertel/_DSC1280_q3.JPG,Finaler Zustand Viertel,train,DSC1280,quarter_suffix_removed,.jpg,1824,1824,3
img_c2a0b9e2993320bb,Finaler Zustand Viertel/_DSC1280_q4.JPG,Finaler Zustand Viertel,train,DSC1280,quarter_suffix_removed,.jpg,1824,1824,3
img_fbe154ef8eda4720,Finaler Zustand Viertel/_DSC1281_q1.JPG,Finaler Zustand Viertel,train,DSC1281,quarter_suffix_removed,.jpg,1824,1824,3
img_2fcc881859ce0158,Finaler Zustand Viertel/_DSC1281_q2.JPG,Finaler Zustand Viertel,train,DSC1281,quarter_suffix_removed,.jpg,1824,1824,3
img_9a332d43e2ef928c,Finaler Zustand Viertel/_DSC1281_q3.JPG,Finaler Zustand Viertel,train,DSC1281,quarter_suffix_removed,.jpg,1824,1824,3
img_e304f166683c7e6a,Finaler Zustand Viertel/_DSC1283_q1.JPG,Finaler Zustand Viertel,train,DSC1283,quarter_suffix_removed,.jpg,1824,1824,3
img_baa2406368716b7c,Finaler Zustand Viertel/_DSC1283_q3.JPG,Finaler Zustand Viertel,train,DSC1283,quarter_suffix_removed,.jpg,1824,1824,3
img_08aa46ee58886565,Finaler Zustand Viertel/_DSC1284_q3.JPG,Finaler Zustand Viertel,train,DSC1284,quarter_suffix_removed,.jpg,1824,1824,3
img_3c6e24643ff82720,Finaler Zustand Viertel/_DSC1285_q2.JPG,Finaler Zustand Viertel,train,DSC1285,quarter_suffix_removed,.jpg,1824,1824,3
img_9a3494f0d5d4e76a,Finaler Zustand Viertel/_DSC1285_q3.JPG,Finaler Zustand Viertel,train,DSC1285,quarter_suffix_removed,.jpg,1824,1824,3
img_3fc4041121212db2,Finaler Zustand Viertel/_DSC1286_q2.JPG,Finaler Zustand Viertel,train,DSC1286,quarter_suffix_removed,.jpg,1824,1824,3
img_fa523cbcd99e40e0,Finaler Zustand Viertel/_DSC1286_q3.JPG,Finaler Zustand Viertel,train,DSC1286,quarter_suffix_removed,.jpg,1824,1824,3
img_240bb452e6e94725,Finaler Zustand Viertel/_DSC1286_q4.JPG,Finaler Zustand Viertel,train,DSC1286,quarter_suffix_removed,.jpg,1824,1824,3
img_b83d73d5d7e0295d,Finaler Zustand Viertel/_DSC1287_q2.JPG,Finaler Zustand Viertel,val,DSC1287,quarter_suffix_removed,.jpg,1824,1824,3
img_df78b1fd0e62b5d5,Finaler Zustand Viertel/_DSC1287_q4.JPG,Finaler Zustand Viertel,val,DSC1287,quarter_suffix_removed,.jpg,1824,1824,3
img_7cc7160cd675e004,Finaler Zustand Viertel/_DSC1288_q3.JPG,Finaler Zustand Viertel,test,DSC1288,quarter_suffix_removed,.jpg,1824,1824,3
img_e0147cfda3c69d73,Finaler Zustand Viertel/_DSC1289_q2.JPG,Finaler Zustand Viertel,train,DSC1289,quarter_suffix_removed,.jpg,1824,1824,3
img_eafbb804506a3f65,Finaler Zustand Viertel/_DSC1289_q3.JPG,Finaler Zustand Viertel,train,DSC1289,quarter_suffix_removed,.jpg,1824,1824,3
img_775c0413e9300f43,Finaler Zustand Viertel/_DSC1290_q2.JPG,Finaler Zustand Viertel,train,DSC1290,quarter_suffix_removed,.jpg,1824,1824,3
img_7081c0f6ca132172,Finaler Zustand Viertel/_DSC1290_q3.JPG,Finaler Zustand Viertel,train,DSC1290,quarter_suffix_removed,.jpg,1824,1824,3
img_856dbb9285615ae3,Finaler Zustand Viertel/_DSC1292_q1.JPG,Finaler Zustand Viertel,train,DSC1292,quarter_suffix_removed,.jpg,1824,1824,3
img_edc4e09858f02348,Finaler Zustand Viertel/_DSC1292_q2.JPG,Finaler Zustand Viertel,train,DSC1292,quarter_suffix_removed,.jpg,1824,1824,3
img_d2d066c69c31b474,Finaler Zustand Viertel/_DSC1293_q1.JPG,Finaler Zustand Viertel,train,DSC1293,quarter_suffix_removed,.jpg,1824,1824,3
img_18d3c388ae001942,Finaler Zustand Viertel/_DSC1293_q2.JPG,Finaler Zustand Viertel,train,DSC1293,quarter_suffix_removed,.jpg,1824,1824,3
img_98386b01456f872f,Finaler Zustand Viertel/_DSC1293_q3.JPG,Finaler Zustand Viertel,train,DSC1293,quarter_suffix_removed,.jpg,1824,1824,3
img_fe9e13210c0ad5b7,Finaler Zustand Viertel/_DSC1293_q4.JPG,Finaler Zustand Viertel,train,DSC1293,quarter_suffix_removed,.jpg,1824,1824,3
img_55e081d762b1c7e1,Finaler Zustand Viertel/_DSC1294_q1.JPG,Finaler Zustand Viertel,train,DSC1294,quarter_suffix_removed,.jpg,1824,1824,3
img_cbfb77ba5faf3eac,Finaler Zustand Viertel/_DSC1294_q2.JPG,Finaler Zustand Viertel,train,DSC1294,quarter_suffix_removed,.jpg,1824,1824,3
img_e5e3213120ee3f58,Finaler Zustand Viertel/_DSC1294_q3.JPG,Finaler Zustand Viertel,train,DSC1294,quarter_suffix_removed,.jpg,1824,1824,3
img_ae9e71416ddb6768,Finaler Zustand Viertel/_DSC1294_q4.JPG,Finaler Zustand Viertel,train,DSC1294,quarter_suffix_removed,.jpg,1824,1824,3
img_4d79d0dedaee9c17,Finaler Zustand Viertel/_DSC1295_q1.JPG,Finaler Zustand Viertel,train,DSC1295,quarter_suffix_removed,.jpg,1824,1824,3
img_b1fd293b0cf01dec,Finaler Zustand Viertel/_DSC1295_q2.JPG,Finaler Zustand Viertel,train,DSC1295,quarter_suffix_removed,.jpg,1824,1824,3
img_5c80836051e475fd,Finaler Zustand Viertel/_DSC1295_q3.JPG,Finaler Zustand Viertel,train,DSC1295,quarter_suffix_removed,.jpg,1824,1824,3
img_1f4263808669c86c,Finaler Zustand Viertel/_DSC1295_q4.JPG,Finaler Zustand Viertel,train,DSC1295,quarter_suffix_removed,.jpg,1824,1824,3
img_800fdea20eec065c,Finaler Zustand Viertel/_DSC1296_q1.JPG,Finaler Zustand Viertel,test,DSC1296,quarter_suffix_removed,.jpg,1824,1824,3
img_6750c46f26c841fc,Finaler Zustand Viertel/_DSC1296_q2.JPG,Finaler Zustand Viertel,test,DSC1296,quarter_suffix_removed,.jpg,1824,1824,3
img_b4da71f1fb3c3198,Finaler Zustand Viertel/_DSC1296_q3.JPG,Finaler Zustand Viertel,test,DSC1296,quarter_suffix_removed,.jpg,1824,1824,3
img_2623b9d1d40dc515,Finaler Zustand Viertel/_DSC1296_q4.JPG,Finaler Zustand Viertel,test,DSC1296,quarter_suffix_removed,.jpg,1824,1824,3
img_7b007c33d9bb0332,Finaler Zustand Viertel/_DSC1297_q1.JPG,Finaler Zustand Viertel,train,DSC1297,quarter_suffix_removed,.jpg,1824,1824,3
img_e020f66d4e937469,Finaler Zustand Viertel/_DSC1297_q2.JPG,Finaler Zustand Viertel,train,DSC1297,quarter_suffix_removed,.jpg,1824,1824,3
img_33678abe79fcbaa1,Finaler Zustand Viertel/_DSC1297_q3.JPG,Finaler Zustand Viertel,train,DSC1297,quarter_suffix_removed,.jpg,1824,1824,3
img_e514439082ec3734,Finaler Zustand Viertel/_DSC1297_q4.JPG,Finaler Zustand Viertel,train,DSC1297,quarter_suffix_removed,.jpg,1824,1824,3
img_e6f2d1216f76ac98,Finaler Zustand Viertel/_DSC1300_q3.JPG,Finaler Zustand Viertel,train,DSC1300,quarter_suffix_removed,.jpg,1824,1824,3
img_81d091b298e7300b,Finaler Zustand Viertel/_DSC1300_q4.JPG,Finaler Zustand Viertel,train,DSC1300,quarter_suffix_removed,.jpg,1824,1824,3
img_f0bb7bb8c85920f2,Finaler Zustand Viertel/_DSC1301_q3.JPG,Finaler Zustand Viertel,train,DSC1301,quarter_suffix_removed,.jpg,1824,1824,3
img_33569c1dfc1b6b9b,Finaler Zustand Viertel/_DSC1301_q4.JPG,Finaler Zustand Viertel,train,DSC1301,quarter_suffix_removed,.jpg,1824,1824,3
img_7847d4c314bf1ccb,Finaler Zustand Viertel/_DSC1302_q1.JPG,Finaler Zustand Viertel,train,DSC1302,quarter_suffix_removed,.jpg,1824,1824,3
img_9cb65432281676ad,Finaler Zustand Viertel/_DSC1302_q3.JPG,Finaler Zustand Viertel,train,DSC1302,quarter_suffix_removed,.jpg,1824,1824,3
img_0b8c66de084d4742,Finaler Zustand Viertel/_DSC1302_q4.JPG,Finaler Zustand Viertel,train,DSC1302,quarter_suffix_removed,.jpg,1824,1824,3
img_d7ef1873585ed173,Finaler Zustand Viertel/_DSC1303_q3.JPG,Finaler Zustand Viertel,test,DSC1303,quarter_suffix_removed,.jpg,1824,1824,3
img_c1503a3cae237818,Finaler Zustand Viertel/_DSC1303_q4.JPG,Finaler Zustand Viertel,test,DSC1303,quarter_suffix_removed,.jpg,1824,1824,3
img_0e6ee83af52e763b,Finaler Zustand Viertel/_DSC1304_q2.JPG,Finaler Zustand Viertel,val,DSC1304,quarter_suffix_removed,.jpg,1824,1824,3
img_61866677789a97ea,Finaler Zustand Viertel/_DSC1304_q3.JPG,Finaler Zustand Viertel,val,DSC1304,quarter_suffix_removed,.jpg,1824,1824,3
img_c12ec963791a9988,Finaler Zustand Viertel/_DSC1304_q4.JPG,Finaler Zustand Viertel,val,DSC1304,quarter_suffix_removed,.jpg,1824,1824,3
img_a77c1171bc55d70f,Finaler Zustand Viertel/_DSC1305_q1.JPG,Finaler Zustand Viertel,train,DSC1305,quarter_suffix_removed,.jpg,1824,1824,3
img_25bb58e4597255e2,Finaler Zustand Viertel/_DSC1305_q4.JPG,Finaler Zustand Viertel,train,DSC1305,quarter_suffix_removed,.jpg,1824,1824,3
img_0cf41eef722d1c59,Finaler Zustand Viertel/_DSC1306_q3.JPG,Finaler Zustand Viertel,val,DSC1306,quarter_suffix_removed,.jpg,1824,1824,3
img_54273558574cfc59,Finaler Zustand Viertel/_DSC1306_q4.JPG,Finaler Zustand Viertel,val,DSC1306,quarter_suffix_removed,.jpg,1824,1824,3
img_1a740cd124e88222,Finaler Zustand Viertel/_DSC1307_q1.JPG,Finaler Zustand Viertel,train,DSC1307,quarter_suffix_removed,.jpg,1824,1824,3
img_b6f76a2e1e4bc299,Finaler Zustand Viertel/_DSC1307_q3.JPG,Finaler Zustand Viertel,train,DSC1307,quarter_suffix_removed,.jpg,1824,1824,3
img_700aa6af770def5d,Finaler Zustand Viertel/_DSC1307_q4.JPG,Finaler Zustand Viertel,train,DSC1307,quarter_suffix_removed,.jpg,1824,1824,3
img_0ee4d06c91d3df68,Finaler Zustand Viertel/_DSC1308_q1.JPG,Finaler Zustand Viertel,val,DSC1308,quarter_suffix_removed,.jpg,1824,1824,3
img_886e098c8cfb0df7,Finaler Zustand Viertel/_DSC1308_q2.JPG,Finaler Zustand Viertel,val,DSC1308,quarter_suffix_removed,.jpg,1824,1824,3
img_f6a0865c8beacd38,Finaler Zustand Viertel/_DSC1308_q3.JPG,Finaler Zustand Viertel,val,DSC1308,quarter_suffix_removed,.jpg,1824,1824,3
img_1b25ba167f00cd88,Finaler Zustand Viertel/_DSC1308_q4.JPG,Finaler Zustand Viertel,val,DSC1308,quarter_suffix_removed,.jpg,1824,1824,3
img_bbb0dc50ae86395f,Finaler Zustand Viertel/_DSC1309_q2.JPG,Finaler Zustand Viertel,test,DSC1309,quarter_suffix_removed,.jpg,1824,1824,3
img_a84f8da0962e27ec,Finaler Zustand Viertel/_DSC1309_q3.JPG,Finaler Zustand Viertel,test,DSC1309,quarter_suffix_removed,.jpg,1824,1824,3
img_0e68ae823df24b54,Finaler Zustand Viertel/_DSC1309_q4.JPG,Finaler Zustand Viertel,test,DSC1309,quarter_suffix_removed,.jpg,1824,1824,3
img_6f4034fd74c5c472,Finaler Zustand Viertel/_DSC1310_q1.JPG,Finaler Zustand Viertel,train,DSC1310,quarter_suffix_removed,.jpg,1824,1824,3
img_cef8a59e92957ea7,Finaler Zustand Viertel/_DSC1310_q2.JPG,Finaler Zustand Viertel,train,DSC1310,quarter_suffix_removed,.jpg,1824,1824,3
img_a7a7ae9c8f5b6fbb,Finaler Zustand Viertel/_DSC1310_q3.JPG,Finaler Zustand Viertel,train,DSC1310,quarter_suffix_removed,.jpg,1824,1824,3
img_799fcfea057a57ca,Finaler Zustand Viertel/_DSC1310_q4.JPG,Finaler Zustand Viertel,train,DSC1310,quarter_suffix_removed,.jpg,1824,1824,3
img_71797c4cf3e1d7fe,Finaler Zustand Viertel/_DSC1312_q1.JPG,Finaler Zustand Viertel,train,DSC1312,quarter_suffix_removed,.jpg,1824,1824,3
img_3b6ea19f3ba441db,Finaler Zustand Viertel/_DSC1312_q3.JPG,Finaler Zustand Viertel,train,DSC1312,quarter_suffix_removed,.jpg,1824,1824,3
img_c6b98b4e54d7aa6f,Finaler Zustand Viertel/_DSC1312_q4.JPG,Finaler Zustand Viertel,train,DSC1312,quarter_suffix_removed,.jpg,1824,1824,3
img_c77096ab0d540e23,Finaler Zustand Viertel/_DSC1313_q1.JPG,Finaler Zustand Viertel,train,DSC1313,quarter_suffix_removed,.jpg,1824,1824,3
img_3e333a80d3e1d739,Finaler Zustand Viertel/_DSC1313_q3.JPG,Finaler Zustand Viertel,train,DSC1313,quarter_suffix_removed,.jpg,1824,1824,3
img_002a31d5314f3d10,Finaler Zustand Viertel/_DSC1313_q4.JPG,Finaler Zustand Viertel,train,DSC1313,quarter_suffix_removed,.jpg,1824,1824,3
img_3435cca38be38c35,Finaler Zustand Viertel/_DSC1314_q1.JPG,Finaler Zustand Viertel,train,DSC1314,quarter_suffix_removed,.jpg,1824,1824,3
img_e3beb8fefa72a615,Finaler Zustand Viertel/_DSC1314_q2.JPG,Finaler Zustand Viertel,train,DSC1314,quarter_suffix_removed,.jpg,1824,1824,3
img_3772f3600b9a1991,Finaler Zustand Viertel/_DSC1314_q3.JPG,Finaler Zustand Viertel,train,DSC1314,quarter_suffix_removed,.jpg,1824,1824,3
img_9906cab646c2a724,Finaler Zustand Viertel/_DSC1314_q4.JPG,Finaler Zustand Viertel,train,DSC1314,quarter_suffix_removed,.jpg,1824,1824,3
img_7cf60507b1ab0c18,Finaler Zustand Viertel/_DSC1315_q3.JPG,Finaler Zustand Viertel,train,DSC1315,quarter_suffix_removed,.jpg,1824,1824,3
img_7bb39c12783beccb,Finaler Zustand Viertel/_DSC1315_q4.JPG,Finaler Zustand Viertel,train,DSC1315,quarter_suffix_removed,.jpg,1824,1824,3
img_803f2e3e2f30b949,Finaler Zustand Viertel/_DSC1316_q1.JPG,Finaler Zustand Viertel,train,DSC1316,quarter_suffix_removed,.jpg,1824,1824,3
img_9e9fca59a7ba06ef,Finaler Zustand Viertel/_DSC1316_q2.JPG,Finaler Zustand Viertel,train,DSC1316,quarter_suffix_removed,.jpg,1824,1824,3
img_818e56b7231e7d48,Finaler Zustand Viertel/_DSC1316_q4.JPG,Finaler Zustand Viertel,train,DSC1316,quarter_suffix_removed,.jpg,1824,1824,3
img_bdeb8a6154b065bd,Finaler Zustand Viertel/_DSC1545_q1.JPG,Finaler Zustand Viertel,train,DSC1545,quarter_suffix_removed,.jpg,1824,1824,3
img_59879ac350cb86b2,Finaler Zustand Viertel/_DSC1545_q2.JPG,Finaler Zustand Viertel,train,DSC1545,quarter_suffix_removed,.jpg,1824,1824,3
img_9ca5cc1e147f34b3,Finaler Zustand Viertel/_DSC1545_q4.JPG,Finaler Zustand Viertel,train,DSC1545,quarter_suffix_removed,.jpg,1824,1824,3
img_5c68a2d66cd6ee47,Finaler Zustand Viertel/_DSC1546_q1.JPG,Finaler Zustand Viertel,val,DSC1546,quarter_suffix_removed,.jpg,1824,1824,3
img_b9d8abf405528bcc,Finaler Zustand Viertel/_DSC1546_q2.JPG,Finaler Zustand Viertel,val,DSC1546,quarter_suffix_removed,.jpg,1824,1824,3
img_fe89b4581ea93899,Finaler Zustand Viertel/_DSC1546_q4.JPG,Finaler Zustand Viertel,val,DSC1546,quarter_suffix_removed,.jpg,1824,1824,3
img_02ad64dc01b7aa81,Finaler Zustand Viertel/_DSC1551_q2.JPG,Finaler Zustand Viertel,train,DSC1551,quarter_suffix_removed,.jpg,1824,1824,3
img_ff68e2880699564b,Finaler Zustand Viertel/_DSC1551_q4.JPG,Finaler Zustand Viertel,train,DSC1551,quarter_suffix_removed,.jpg,1824,1824,3
img_dc7fbb9a886acb01,Finaler Zustand Viertel/_DSC1557_q1.JPG,Finaler Zustand Viertel,train,DSC1557,quarter_suffix_removed,.jpg,1824,1824,3
img_cfd744084c4dac75,Finaler Zustand Viertel/_DSC1557_q2.JPG,Finaler Zustand Viertel,train,DSC1557,quarter_suffix_removed,.jpg,1824,1824,3
img_4b4426eadf47df28,Finaler Zustand Viertel/_DSC1557_q3.JPG,Finaler Zustand Viertel,train,DSC1557,quarter_suffix_removed,.jpg,1824,1824,3
img_111508296eedf34b,Finaler Zustand Viertel/_DSC1557_q4.JPG,Finaler Zustand Viertel,train,DSC1557,quarter_suffix_removed,.jpg,1824,1824,3
img_449c5f0fa2672bc2,Finaler Zustand Viertel/_DSC1559_q1.JPG,Finaler Zustand Viertel,train,DSC1559,quarter_suffix_removed,.jpg,1824,1824,3
img_d007121628439693,Finaler Zustand Viertel/_DSC1559_q2.JPG,Finaler Zustand Viertel,train,DSC1559,quarter_suffix_removed,.jpg,1824,1824,3
img_392eef32cd7edc93,Finaler Zustand Viertel/_DSC1559_q3.JPG,Finaler Zustand Viertel,train,DSC1559,quarter_suffix_removed,.jpg,1824,1824,3
img_e29c56aacbc9ca7b,Finaler Zustand Viertel/_DSC1559_q4.JPG,Finaler Zustand Viertel,train,DSC1559,quarter_suffix_removed,.jpg,1824,1824,3
img_6c3efbde888a0534,Finaler Zustand Viertel/_DSC1711_q1.JPG,Finaler Zustand Viertel,train,DSC1711,quarter_suffix_removed,.jpg,1824,1824,3
img_f44e07557d6b3caa,Finaler Zustand Viertel/_DSC1711_q3.JPG,Finaler Zustand Viertel,train,DSC1711,quarter_suffix_removed,.jpg,1824,1824,3
img_8ff144a0d3a3c52c,Finaler Zustand Viertel/_DSC1711_q4.JPG,Finaler Zustand Viertel,train,DSC1711,quarter_suffix_removed,.jpg,1824,1824,3
img_a998f55a14853c1b,Finaler Zustand Viertel/_DSC1712_q1.JPG,Finaler Zustand Viertel,train,DSC1712,quarter_suffix_removed,.jpg,1824,1824,3
img_37c8fb0fbeafa006,Finaler Zustand Viertel/_DSC1712_q2.JPG,Finaler Zustand Viertel,train,DSC1712,quarter_suffix_removed,.jpg,1824,1824,3
img_1be834ad1bf38754,Finaler Zustand Viertel/_DSC1712_q3.JPG,Finaler Zustand Viertel,train,DSC1712,quarter_suffix_removed,.jpg,1824,1824,3
img_3248e57d483befb9,Finaler Zustand Viertel/_DSC1712_q4.JPG,Finaler Zustand Viertel,train,DSC1712,quarter_suffix_removed,.jpg,1824,1824,3
img_275cc37f99ce4a6f,Finaler Zustand Viertel/_DSC1713_q2.JPG,Finaler Zustand Viertel,train,DSC1713,quarter_suffix_removed,.jpg,1824,1824,3
img_52494444839e3bc5,Finaler Zustand Viertel/_DSC1713_q3.JPG,Finaler Zustand Viertel,train,DSC1713,quarter_suffix_removed,.jpg,1824,1824,3
img_089439eb0c0bd361,Finaler Zustand Viertel/_DSC1713_q4.JPG,Finaler Zustand Viertel,train,DSC1713,quarter_suffix_removed,.jpg,1824,1824,3
img_a9a483c841b01039,Finaler Zustand Viertel/_DSC1714_q1.JPG,Finaler Zustand Viertel,train,DSC1714,quarter_suffix_removed,.jpg,1824,1824,3
img_a18da3243449bae1,Finaler Zustand Viertel/_DSC1714_q2.JPG,Finaler Zustand Viertel,train,DSC1714,quarter_suffix_removed,.jpg,1824,1824,3
img_f8532da3c2962840,Finaler Zustand Viertel/_DSC1714_q3.JPG,Finaler Zustand Viertel,train,DSC1714,quarter_suffix_removed,.jpg,1824,1824,3
img_f086efde13334c00,Finaler Zustand Viertel/_DSC1714_q4.JPG,Finaler Zustand Viertel,train,DSC1714,quarter_suffix_removed,.jpg,1824,1824,3
img_b4006aab2d355ce1,Finaler Zustand Viertel/_DSC1715_q1.JPG,Finaler Zustand Viertel,test,DSC1715,quarter_suffix_removed,.jpg,1824,1824,3
img_bc5163a9158f85b4,Finaler Zustand Viertel/_DSC1715_q2.JPG,Finaler Zustand Viertel,test,DSC1715,quarter_suffix_removed,.jpg,1824,1824,3
img_bd607c7ab413cb44,Finaler Zustand Viertel/_DSC1715_q3.JPG,Finaler Zustand Viertel,test,DSC1715,quarter_suffix_removed,.jpg,1824,1824,3
img_7510f6325a933880,Finaler Zustand Viertel/_DSC1715_q4.JPG,Finaler Zustand Viertel,test,DSC1715,quarter_suffix_removed,.jpg,1824,1824,3
img_f84436f764a211ff,Finaler Zustand Viertel/_DSC1716_q1.JPG,Finaler Zustand Viertel,val,DSC1716,quarter_suffix_removed,.jpg,1824,1824,3
img_4bb5adbc942d5315,Finaler Zustand Viertel/_DSC1716_q2.JPG,Finaler Zustand Viertel,val,DSC1716,quarter_suffix_removed,.jpg,1824,1824,3
img_5123b488c6d419cc,Finaler Zustand Viertel/_DSC1716_q3.JPG,Finaler Zustand Viertel,val,DSC1716,quarter_suffix_removed,.jpg,1824,1824,3
img_c75f9dd1790249b4,Finaler Zustand Viertel/_DSC1716_q4.JPG,Finaler Zustand Viertel,val,DSC1716,quarter_suffix_removed,.jpg,1824,1824,3
img_7549051ec3178178,Finaler Zustand Viertel/_DSC1717_q1.JPG,Finaler Zustand Viertel,train,DSC1717,quarter_suffix_removed,.jpg,1824,1824,3
img_a2f0a4234e40371c,Finaler Zustand Viertel/_DSC1717_q2.JPG,Finaler Zustand Viertel,train,DSC1717,quarter_suffix_removed,.jpg,1824,1824,3
img_d62d3959145303b7,Finaler Zustand Viertel/_DSC1717_q3.JPG,Finaler Zustand Viertel,train,DSC1717,quarter_suffix_removed,.jpg,1824,1824,3
img_bd81db3f594300b9,Finaler Zustand Viertel/_DSC1717_q4.JPG,Finaler Zustand Viertel,train,DSC1717,quarter_suffix_removed,.jpg,1824,1824,3
img_103dc70d8e170f1f,Finaler Zustand Viertel/_DSC1718_q1.JPG,Finaler Zustand Viertel,train,DSC1718,quarter_suffix_removed,.jpg,1824,1824,3
img_dc5bfba96c1d4d64,Finaler Zustand Viertel/_DSC1718_q2.JPG,Finaler Zustand Viertel,train,DSC1718,quarter_suffix_removed,.jpg,1824,1824,3
img_54def2aff50009c6,Finaler Zustand Viertel/_DSC1718_q3.JPG,Finaler Zustand Viertel,train,DSC1718,quarter_suffix_removed,.jpg,1824,1824,3
img_1b873ec43f72efdc,Finaler Zustand Viertel/_DSC1718_q4.JPG,Finaler Zustand Viertel,train,DSC1718,quarter_suffix_removed,.jpg,1824,1824,3
img_e2d666847e5697fd,Finaler Zustand Viertel/_DSC1719_q1.JPG,Finaler Zustand Viertel,train,DSC1719,quarter_suffix_removed,.jpg,1824,1824,3
img_f88349b5d868bc5f,Finaler Zustand Viertel/_DSC1719_q2.JPG,Finaler Zustand Viertel,train,DSC1719,quarter_suffix_removed,.jpg,1824,1824,3
img_54a8ca73846eb428,Finaler Zustand Viertel/_DSC1719_q3.JPG,Finaler Zustand Viertel,train,DSC1719,quarter_suffix_removed,.jpg,1824,1824,3
img_b42ed4621caa85d5,Finaler Zustand Viertel/_DSC1719_q4.JPG,Finaler Zustand Viertel,train,DSC1719,quarter_suffix_removed,.jpg,1824,1824,3
img_1b7a1b527cd10012,Finaler Zustand Viertel/_DSC1720_q1.JPG,Finaler Zustand Viertel,train,DSC1720,quarter_suffix_removed,.jpg,1824,1824,3
img_641da6f54d1521ce,Finaler Zustand Viertel/_DSC1720_q2.JPG,Finaler Zustand Viertel,train,DSC1720,quarter_suffix_removed,.jpg,1824,1824,3
img_ef25e5c38c0eccd0,Finaler Zustand Viertel/_DSC1720_q3.JPG,Finaler Zustand Viertel,train,DSC1720,quarter_suffix_removed,.jpg,1824,1824,3
img_0cab3e504e4ab86e,Finaler Zustand Viertel/_DSC1720_q4.JPG,Finaler Zustand Viertel,train,DSC1720,quarter_suffix_removed,.jpg,1824,1824,3
img_1ef6d445f375c818,Finaler Zustand Viertel/_DSC1721_q1.JPG,Finaler Zustand Viertel,train,DSC1721,quarter_suffix_removed,.jpg,1824,1824,3
img_db8271d3b1067611,Finaler Zustand Viertel/_DSC1721_q2.JPG,Finaler Zustand Viertel,train,DSC1721,quarter_suffix_removed,.jpg,1824,1824,3
img_ab27ea01e3bd88a9,Finaler Zustand Viertel/_DSC1721_q3.JPG,Finaler Zustand Viertel,train,DSC1721,quarter_suffix_removed,.jpg,1824,1824,3
img_104a0589a9e2aafc,Finaler Zustand Viertel/_DSC1721_q4.JPG,Finaler Zustand Viertel,train,DSC1721,quarter_suffix_removed,.jpg,1824,1824,3
img_51e5a3d431badff2,Finaler Zustand Viertel/_DSC1722_q1.JPG,Finaler Zustand Viertel,test,DSC1722,quarter_suffix_removed,.jpg,1824,1824,3
img_c014b0dcbc32ffa5,Finaler Zustand Viertel/_DSC1722_q2.JPG,Finaler Zustand Viertel,test,DSC1722,quarter_suffix_removed,.jpg,1824,1824,3
img_61d63135db86ee59,Finaler Zustand Viertel/_DSC1722_q3.JPG,Finaler Zustand Viertel,test,DSC1722,quarter_suffix_removed,.jpg,1824,1824,3
img_882659dc6a12f6bd,Finaler Zustand Viertel/_DSC1722_q4.JPG,Finaler Zustand Viertel,test,DSC1722,quarter_suffix_removed,.jpg,1824,1824,3
img_537390b3ae7e4e1a,Finaler Zustand Viertel/_DSC1723_q1.JPG,Finaler Zustand Viertel,val,DSC1723,quarter_suffix_removed,.jpg,1824,1824,3
img_c806d94770e3d849,Finaler Zustand Viertel/_DSC1723_q2.JPG,Finaler Zustand Viertel,val,DSC1723,quarter_suffix_removed,.jpg,1824,1824,3
img_564917953cdc1af2,Finaler Zustand Viertel/_DSC1723_q3.JPG,Finaler Zustand Viertel,val,DSC1723,quarter_suffix_removed,.jpg,1824,1824,3
img_18bfbc98a241ce4c,Finaler Zustand Viertel/_DSC1723_q4.JPG,Finaler Zustand Viertel,val,DSC1723,quarter_suffix_removed,.jpg,1824,1824,3
img_38e838992f8bcebf,Finaler Zustand Viertel/_DSC1724_q1.JPG,Finaler Zustand Viertel,train,DSC1724,quarter_suffix_removed,.jpg,1824,1824,3
img_24630f310bcc0db0,Finaler Zustand Viertel/_DSC1724_q2.JPG,Finaler Zustand Viertel,train,DSC1724,quarter_suffix_removed,.jpg,1824,1824,3
img_746ec3e9137fae1c,Finaler Zustand Viertel/_DSC1724_q4.JPG,Finaler Zustand Viertel,train,DSC1724,quarter_suffix_removed,.jpg,1824,1824,3
img_d3fb47a00ab6b74a,Finaler Zustand Viertel/_DSC1725_q1.JPG,Finaler Zustand Viertel,train,DSC1725,quarter_suffix_removed,.jpg,1824,1824,3
img_176679f98620c49c,Finaler Zustand Viertel/_DSC1725_q2.JPG,Finaler Zustand Viertel,train,DSC1725,quarter_suffix_removed,.jpg,1824,1824,3
img_8062b4573876462f,Finaler Zustand Viertel/_DSC1725_q3.JPG,Finaler Zustand Viertel,train,DSC1725,quarter_suffix_removed,.jpg,1824,1824,3
img_6b60d8da3eb33b7e,Finaler Zustand Viertel/_DSC1725_q4.JPG,Finaler Zustand Viertel,train,DSC1725,quarter_suffix_removed,.jpg,1824,1824,3
img_ed492da1c6caf58c,Finaler Zustand Viertel/_DSC1726_q1.JPG,Finaler Zustand Viertel,train,DSC1726,quarter_suffix_removed,.jpg,1824,1824,3
img_63987018c991a322,Finaler Zustand Viertel/_DSC1726_q2.JPG,Finaler Zustand Viertel,train,DSC1726,quarter_suffix_removed,.jpg,1824,1824,3
img_bf1539af30188d1e,Finaler Zustand Viertel/_DSC1726_q3.JPG,Finaler Zustand Viertel,train,DSC1726,quarter_suffix_removed,.jpg,1824,1824,3
img_65a1ccf11fabde90,Finaler Zustand Viertel/_DSC1726_q4.JPG,Finaler Zustand Viertel,train,DSC1726,quarter_suffix_removed,.jpg,1824,1824,3
img_b2b37d0cfeab6203,Finaler Zustand Viertel/_DSC1727_q1.JPG,Finaler Zustand Viertel,train,DSC1727,quarter_suffix_removed,.jpg,1824,1824,3
img_b692cccdaa8daadc,Finaler Zustand Viertel/_DSC1727_q2.JPG,Finaler Zustand Viertel,train,DSC1727,quarter_suffix_removed,.jpg,1824,1824,3
img_3d5f9dcce6907d8b,Finaler Zustand Viertel/_DSC1727_q3.JPG,Finaler Zustand Viertel,train,DSC1727,quarter_suffix_removed,.jpg,1824,1824,3
img_299efb31354e29dd,Finaler Zustand Viertel/_DSC1727_q4.JPG,Finaler Zustand Viertel,train,DSC1727,quarter_suffix_removed,.jpg,1824,1824,3
img_2c6d0cfb2721641b,Finaler Zustand Viertel/_DSC1728_q1.JPG,Finaler Zustand Viertel,train,DSC1728,quarter_suffix_removed,.jpg,1824,1824,3
img_4c62f36078ccd03f,Finaler Zustand Viertel/_DSC1728_q2.JPG,Finaler Zustand Viertel,train,DSC1728,quarter_suffix_removed,.jpg,1824,1824,3
img_3c1dda5d1ea3c35f,Finaler Zustand Viertel/_DSC1728_q3.JPG,Finaler Zustand Viertel,train,DSC1728,quarter_suffix_removed,.jpg,1824,1824,3
img_898a9999f8ebce49,Finaler Zustand Viertel/_DSC1728_q4.JPG,Finaler Zustand Viertel,train,DSC1728,quarter_suffix_removed,.jpg,1824,1824,3
img_0b0c1e1f57d4e52d,Finaler Zustand Viertel/_DSC1729_q1.JPG,Finaler Zustand Viertel,test,DSC1729,quarter_suffix_removed,.jpg,1824,1824,3
img_656ce478ba80217b,Finaler Zustand Viertel/_DSC1729_q2.JPG,Finaler Zustand Viertel,test,DSC1729,quarter_suffix_removed,.jpg,1824,1824,3
img_3de329a5859731b5,Finaler Zustand Viertel/_DSC1729_q3.JPG,Finaler Zustand Viertel,test,DSC1729,quarter_suffix_removed,.jpg,1824,1824,3
img_7489851e26452b95,Finaler Zustand Viertel/_DSC1729_q4.JPG,Finaler Zustand Viertel,test,DSC1729,quarter_suffix_removed,.jpg,1824,1824,3
img_7f83b4e16f6f2249,Finaler Zustand Viertel/_DSC1730_q1.JPG,Finaler Zustand Viertel,test,DSC1730,quarter_suffix_removed,.jpg,1824,1824,3
img_6d61f1ff5cc00029,Finaler Zustand Viertel/_DSC1730_q2.JPG,Finaler Zustand Viertel,test,DSC1730,quarter_suffix_removed,.jpg,1824,1824,3
img_7b3efd34ce24599b,Finaler Zustand Viertel/_DSC1730_q3.JPG,Finaler Zustand Viertel,test,DSC1730,quarter_suffix_removed,.jpg,1824,1824,3
img_35bb6725c8732273,Finaler Zustand Viertel/_DSC1731_q1.JPG,Finaler Zustand Viertel,train,DSC1731,quarter_suffix_removed,.jpg,1824,1824,3
img_704f05c592b0eb00,Finaler Zustand Viertel/_DSC1731_q2.JPG,Finaler Zustand Viertel,train,DSC1731,quarter_suffix_removed,.jpg,1824,1824,3
img_a09841134e345658,Finaler Zustand Viertel/_DSC1731_q3.JPG,Finaler Zustand Viertel,train,DSC1731,quarter_suffix_removed,.jpg,1824,1824,3
img_ef17fe941016ef12,Finaler Zustand Viertel/_DSC1732_q1.JPG,Finaler Zustand Viertel,train,DSC1732,quarter_suffix_removed,.jpg,1824,1824,3
img_193696d55edc3b0c,Finaler Zustand Viertel/_DSC1732_q2.JPG,Finaler Zustand Viertel,train,DSC1732,quarter_suffix_removed,.jpg,1824,1824,3
img_1e9a2f6ee2420a96,Finaler Zustand Viertel/_DSC1732_q3.JPG,Finaler Zustand Viertel,train,DSC1732,quarter_suffix_removed,.jpg,1824,1824,3
img_f6d96fd936c7d49b,Finaler Zustand Viertel/_DSC1732_q4.JPG,Finaler Zustand Viertel,train,DSC1732,quarter_suffix_removed,.jpg,1824,1824,3
img_acfb3d96a51c8650,Finaler Zustand Viertel/_DSC1733_q2.JPG,Finaler Zustand Viertel,train,DSC1733,quarter_suffix_removed,.jpg,1824,1824,3
img_88f65697a4581dfc,Finaler Zustand Viertel/_DSC1733_q4.JPG,Finaler Zustand Viertel,train,DSC1733,quarter_suffix_removed,.jpg,1824,1824,3
img_15f37a919fc892a9,Finaler Zustand Viertel/_DSC1734_q2.JPG,Finaler Zustand Viertel,train,DSC1734,quarter_suffix_removed,.jpg,1824,1824,3
img_ba1592fc2296dceb,Finaler Zustand Viertel/_DSC1735_q1.JPG,Finaler Zustand Viertel,val,DSC1735,quarter_suffix_removed,.jpg,1824,1824,3
img_296ed3145c39cf34,Finaler Zustand Viertel/_DSC1735_q2.JPG,Finaler Zustand Viertel,val,DSC1735,quarter_suffix_removed,.jpg,1824,1824,3
img_bb3f09d6b93c9e43,Finaler Zustand Viertel/_DSC1735_q3.JPG,Finaler Zustand Viertel,val,DSC1735,quarter_suffix_removed,.jpg,1824,1824,3
img_ecb50a2e45aa19b0,Finaler Zustand Viertel/_DSC1735_q4.JPG,Finaler Zustand Viertel,val,DSC1735,quarter_suffix_removed,.jpg,1824,1824,3
img_1d363a195b24b980,Finaler Zustand Viertel/_DSC1736_q2.JPG,Finaler Zustand Viertel,train,DSC1736,quarter_suffix_removed,.jpg,1824,1824,3
img_ba85c3fe0ca67a99,Finaler Zustand Viertel/_DSC1736_q3.JPG,Finaler Zustand Viertel,train,DSC1736,quarter_suffix_removed,.jpg,1824,1824,3
img_922010224585564a,Finaler Zustand Viertel/_DSC1736_q4.JPG,Finaler Zustand Viertel,train,DSC1736,quarter_suffix_removed,.jpg,1824,1824,3
img_40f8d0c4a8089d0b,Finaler Zustand Viertel/_DSC1737_q1.JPG,Finaler Zustand Viertel,test,DSC1737,quarter_suffix_removed,.jpg,1824,1824,3
img_64c6b96d91c28648,Finaler Zustand Viertel/_DSC1737_q3.JPG,Finaler Zustand Viertel,test,DSC1737,quarter_suffix_removed,.jpg,1824,1824,3
img_174df7f753e8a283,Finaler Zustand Viertel/_DSC1738_q1.JPG,Finaler Zustand Viertel,train,DSC1738,quarter_suffix_removed,.jpg,1824,1824,3
img_552db6f03ea81e31,Finaler Zustand Viertel/_DSC1738_q2.JPG,Finaler Zustand Viertel,train,DSC1738,quarter_suffix_removed,.jpg,1824,1824,3
img_f5bb4c08c7b6c362,Finaler Zustand Viertel/_DSC1738_q3.JPG,Finaler Zustand Viertel,train,DSC1738,quarter_suffix_removed,.jpg,1824,1824,3
img_e9727293d33183b8,Finaler Zustand Viertel/_DSC1738_q4.JPG,Finaler Zustand Viertel,train,DSC1738,quarter_suffix_removed,.jpg,1824,1824,3
img_d34ec348e4d43232,Finaler Zustand Viertel/_DSC1739_q1.JPG,Finaler Zustand Viertel,train,DSC1739,quarter_suffix_removed,.jpg,1824,1824,3
img_64798916c4cd4e2b,Finaler Zustand Viertel/_DSC1739_q2.JPG,Finaler Zustand Viertel,train,DSC1739,quarter_suffix_removed,.jpg,1824,1824,3
img_6c24e2a899fe2de2,Finaler Zustand Viertel/_DSC1739_q3.JPG,Finaler Zustand Viertel,train,DSC1739,quarter_suffix_removed,.jpg,1824,1824,3
img_68941e9e307666af,Finaler Zustand Viertel/_DSC1739_q4.JPG,Finaler Zustand Viertel,train,DSC1739,quarter_suffix_removed,.jpg,1824,1824,3
img_c99428fde8e12a09,Finaler Zustand Viertel/_DSC1740_q1.JPG,Finaler Zustand Viertel,val,DSC1740,quarter_suffix_removed,.jpg,1824,1824,3
img_06a36031cb87f5fc,Finaler Zustand Viertel/_DSC1740_q3.JPG,Finaler Zustand Viertel,val,DSC1740,quarter_suffix_removed,.jpg,1824,1824,3
img_253a5995ac045980,Finaler Zustand Viertel/_DSC1740_q4.JPG,Finaler Zustand Viertel,val,DSC1740,quarter_suffix_removed,.jpg,1824,1824,3
img_76b3f553a5d349ae,Finaler Zustand Viertel/_DSC1741_q1.JPG,Finaler Zustand Viertel,train,DSC1741,quarter_suffix_removed,.jpg,1824,1824,3
img_f6683af73be2e8ef,Finaler Zustand Viertel/_DSC1741_q2.JPG,Finaler Zustand Viertel,train,DSC1741,quarter_suffix_removed,.jpg,1824,1824,3
img_aead7a4fe59723b4,Finaler Zustand Viertel/_DSC1741_q3.JPG,Finaler Zustand Viertel,train,DSC1741,quarter_suffix_removed,.jpg,1824,1824,3
img_01a5f39237fdd3a1,Finaler Zustand Viertel/_DSC1741_q4.JPG,Finaler Zustand Viertel,train,DSC1741,quarter_suffix_removed,.jpg,1824,1824,3
img_448d043c8fd9ec48,Finaler Zustand Viertel/_DSC1742_q1.JPG,Finaler Zustand Viertel,train,DSC1742,quarter_suffix_removed,.jpg,1824,1824,3
img_0413e42326bc95eb,Finaler Zustand Viertel/_DSC1742_q2.JPG,Finaler Zustand Viertel,train,DSC1742,quarter_suffix_removed,.jpg,1824,1824,3
img_aa2145b0b7cfed48,Finaler Zustand Viertel/_DSC1742_q3.JPG,Finaler Zustand Viertel,train,DSC1742,quarter_suffix_removed,.jpg,1824,1824,3
img_75dcf5b5ce558b89,Finaler Zustand Viertel/_DSC1742_q4.JPG,Finaler Zustand Viertel,train,DSC1742,quarter_suffix_removed,.jpg,1824,1824,3
img_27e787adacdf33c2,Finaler Zustand Viertel/_DSC1743_q3.JPG,Finaler Zustand Viertel,train,DSC1743,quarter_suffix_removed,.jpg,1824,1824,3
img_6294de49e8e436f3,Finaler Zustand Viertel/_DSC1743_q4.JPG,Finaler Zustand Viertel,train,DSC1743,quarter_suffix_removed,.jpg,1824,1824,3
img_1fa5002bfbd26483,Finaler Zustand Viertel/_DSC1744_q1.JPG,Finaler Zustand Viertel,test,DSC1744,quarter_suffix_removed,.jpg,1824,1824,3
img_a39483367b8bf611,Finaler Zustand Viertel/_DSC1744_q2.JPG,Finaler Zustand Viertel,test,DSC1744,quarter_suffix_removed,.jpg,1824,1824,3
img_7bd02090151988f9,Finaler Zustand Viertel/_DSC1744_q3.JPG,Finaler Zustand Viertel,test,DSC1744,quarter_suffix_removed,.jpg,1824,1824,3
img_b212317021a564f6,Finaler Zustand Viertel/_DSC1744_q4.JPG,Finaler Zustand Viertel,test,DSC1744,quarter_suffix_removed,.jpg,1824,1824,3
img_b3f05021760a83a8,Finaler Zustand Viertel/_DSC1745_q1.JPG,Finaler Zustand Viertel,val,DSC1745,quarter_suffix_removed,.jpg,1824,1824,3
img_3fbb7765fae8a543,Finaler Zustand Viertel/_DSC1745_q2.JPG,Finaler Zustand Viertel,val,DSC1745,quarter_suffix_removed,.jpg,1824,1824,3
img_237eed20a48ebce4,Finaler Zustand Viertel/_DSC1745_q3.JPG,Finaler Zustand Viertel,val,DSC1745,quarter_suffix_removed,.jpg,1824,1824,3
img_5e4d68552ff15bff,Finaler Zustand Viertel/_DSC1745_q4.JPG,Finaler Zustand Viertel,val,DSC1745,quarter_suffix_removed,.jpg,1824,1824,3
img_fa72cd74ae5dcf36,Finaler Zustand Viertel/_DSC1746_q1.JPG,Finaler Zustand Viertel,train,DSC1746,quarter_suffix_removed,.jpg,1824,1824,3
img_5eef15a726a53632,Finaler Zustand Viertel/_DSC1746_q4.JPG,Finaler Zustand Viertel,train,DSC1746,quarter_suffix_removed,.jpg,1824,1824,3
img_60c8e4dcf4d94dab,Finaler Zustand Viertel/_DSC1747_q2.JPG,Finaler Zustand Viertel,train,DSC1747,quarter_suffix_removed,.jpg,1824,1824,3
img_44bdb0d810ee712b,Finaler Zustand Viertel/_DSC1747_q3.JPG,Finaler Zustand Viertel,train,DSC1747,quarter_suffix_removed,.jpg,1824,1824,3
img_f1d1d38b7658a287,Finaler Zustand Viertel/_DSC1747_q4.JPG,Finaler Zustand Viertel,train,DSC1747,quarter_suffix_removed,.jpg,1824,1824,3
img_c260ed7351ad3fb9,Finaler Zustand Viertel/_DSC1748_q1.JPG,Finaler Zustand Viertel,train,DSC1748,quarter_suffix_removed,.jpg,1824,1824,3
img_2a0dce14dba3fd53,Finaler Zustand Viertel/_DSC1748_q2.JPG,Finaler Zustand Viertel,train,DSC1748,quarter_suffix_removed,.jpg,1824,1824,3
img_992c198681092f08,Finaler Zustand Viertel/_DSC1748_q3.JPG,Finaler Zustand Viertel,train,DSC1748,quarter_suffix_removed,.jpg,1824,1824,3
img_5379e95fc9d2e988,Finaler Zustand Viertel/_DSC1748_q4.JPG,Finaler Zustand Viertel,train,DSC1748,quarter_suffix_removed,.jpg,1824,1824,3
img_ac190f9c950333fd,Finaler Zustand Viertel/_DSC1749_q1.JPG,Finaler Zustand Viertel,train,DSC1749,quarter_suffix_removed,.jpg,1824,1824,3
img_7af1301cccf18bd9,Finaler Zustand Viertel/_DSC1749_q2.JPG,Finaler Zustand Viertel,train,DSC1749,quarter_suffix_removed,.jpg,1824,1824,3
img_259fdf40b0ff8dfc,Finaler Zustand Viertel/_DSC1749_q3.JPG,Finaler Zustand Viertel,train,DSC1749,quarter_suffix_removed,.jpg,1824,1824,3
img_6217e0e62e37ba29,Finaler Zustand Viertel/_DSC1749_q4.JPG,Finaler Zustand Viertel,train,DSC1749,quarter_suffix_removed,.jpg,1824,1824,3
img_1f1e79d658255662,Finaler Zustand Viertel/_DSC1750_q1.JPG,Finaler Zustand Viertel,train,DSC1750,quarter_suffix_removed,.jpg,1824,1824,3
img_cc7214f456c55e92,Finaler Zustand Viertel/_DSC1750_q2.JPG,Finaler Zustand Viertel,train,DSC1750,quarter_suffix_removed,.jpg,1824,1824,3
img_5d3c934cfa7a8d24,Finaler Zustand Viertel/_DSC1750_q3.JPG,Finaler Zustand Viertel,train,DSC1750,quarter_suffix_removed,.jpg,1824,1824,3
img_187f70279875089f,Finaler Zustand Viertel/_DSC1750_q4.JPG,Finaler Zustand Viertel,train,DSC1750,quarter_suffix_removed,.jpg,1824,1824,3
img_65ea3dfa61fa52d1,Finaler Zustand Viertel/_DSC1751_q1.JPG,Finaler Zustand Viertel,train,DSC1751,quarter_suffix_removed,.jpg,1824,1824,3
img_a209bd00b7c9c6be,Finaler Zustand Viertel/_DSC1751_q2.JPG,Finaler Zustand Viertel,train,DSC1751,quarter_suffix_removed,.jpg,1824,1824,3
img_e8570f38450da5fe,Finaler Zustand Viertel/_DSC1751_q3.JPG,Finaler Zustand Viertel,train,DSC1751,quarter_suffix_removed,.jpg,1824,1824,3
img_4e29235010ea7e70,Finaler Zustand Viertel/_DSC1751_q4.JPG,Finaler Zustand Viertel,train,DSC1751,quarter_suffix_removed,.jpg,1824,1824,3
img_b37366c31c05c232,Finaler Zustand Viertel/_DSC1752_q1.JPG,Finaler Zustand Viertel,train,DSC1752,quarter_suffix_removed,.jpg,1824,1824,3
img_f3667fef6a03aa76,Finaler Zustand Viertel/_DSC1752_q2.JPG,Finaler Zustand Viertel,train,DSC1752,quarter_suffix_removed,.jpg,1824,1824,3
img_3f2ff624c418821e,Finaler Zustand Viertel/_DSC1752_q3.JPG,Finaler Zustand Viertel,train,DSC1752,quarter_suffix_removed,.jpg,1824,1824,3
img_652141b50d14ff98,Finaler Zustand Viertel/_DSC1753_q1.JPG,Finaler Zustand Viertel,train,DSC1753,quarter_suffix_removed,.jpg,1824,1824,3
img_1a0802f70d2d1390,Finaler Zustand Viertel/_DSC1753_q2.JPG,Finaler Zustand Viertel,train,DSC1753,quarter_suffix_removed,.jpg,1824,1824,3
img_9956a547ab6d6f5b,Finaler Zustand Viertel/_DSC1753_q3.JPG,Finaler Zustand Viertel,train,DSC1753,quarter_suffix_removed,.jpg,1824,1824,3
img_a384878745ee1337,Finaler Zustand Viertel/_DSC1753_q4.JPG,Finaler Zustand Viertel,train,DSC1753,quarter_suffix_removed,.jpg,1824,1824,3
img_64ce48d06ca9263f,Finaler Zustand Viertel/_DSC1754_q1.JPG,Finaler Zustand Viertel,train,DSC1754,quarter_suffix_removed,.jpg,1824,1824,3
img_f92922a3f5257448,Finaler Zustand Viertel/_DSC1754_q2.JPG,Finaler Zustand Viertel,train,DSC1754,quarter_suffix_removed,.jpg,1824,1824,3
img_53ab0e9e2067b9f2,Finaler Zustand Viertel/_DSC1754_q4.JPG,Finaler Zustand Viertel,train,DSC1754,quarter_suffix_removed,.jpg,1824,1824,3
img_db2d5eb562ba1f20,Finaler Zustand Viertel/_DSC1755_q1.JPG,Finaler Zustand Viertel,val,DSC1755,quarter_suffix_removed,.jpg,1824,1824,3
img_7de9de9e9458cb4b,Finaler Zustand Viertel/_DSC1755_q2.JPG,Finaler Zustand Viertel,val,DSC1755,quarter_suffix_removed,.jpg,1824,1824,3
img_870082da7326ec52,Finaler Zustand Viertel/_DSC1756_q2.JPG,Finaler Zustand Viertel,train,DSC1756,quarter_suffix_removed,.jpg,1824,1824,3
img_e2830229ee71986a,Finaler Zustand Viertel/_DSC1756_q3.JPG,Finaler Zustand Viertel,train,DSC1756,quarter_suffix_removed,.jpg,1824,1824,3
img_19168eea96f54f2a,Finaler Zustand Viertel/_DSC1757_q1.JPG,Finaler Zustand Viertel,val,DSC1757,quarter_suffix_removed,.jpg,1824,1824,3
img_551cd8ebc53e917e,Finaler Zustand Viertel/_DSC1759_q1.JPG,Finaler Zustand Viertel,test,DSC1759,quarter_suffix_removed,.jpg,1824,1824,3
img_d2b3489e08b4daac,Finaler Zustand Viertel/_DSC1759_q2.JPG,Finaler Zustand Viertel,test,DSC1759,quarter_suffix_removed,.jpg,1824,1824,3
img_2c3ef1dff7f72300,Finaler Zustand Viertel/_DSC1759_q3.JPG,Finaler Zustand Viertel,test,DSC1759,quarter_suffix_removed,.jpg,1824,1824,3
img_f2743fd3864645e7,Finaler Zustand Viertel/_DSC1759_q4.JPG,Finaler Zustand Viertel,test,DSC1759,quarter_suffix_removed,.jpg,1824,1824,3
img_1074adc75510991c,Finaler Zustand Viertel/_DSC1760_q1.JPG,Finaler Zustand Viertel,val,DSC1760,quarter_suffix_removed,.jpg,1824,1824,3
img_40e89da21dd48160,Finaler Zustand Viertel/_DSC1760_q2.JPG,Finaler Zustand Viertel,val,DSC1760,quarter_suffix_removed,.jpg,1824,1824,3
img_184d0ed38ac775ee,Finaler Zustand Viertel/_DSC1760_q3.JPG,Finaler Zustand Viertel,val,DSC1760,quarter_suffix_removed,.jpg,1824,1824,3
img_8435e7dd7c5c0d26,Finaler Zustand Viertel/_DSC1760_q4.JPG,Finaler Zustand Viertel,val,DSC1760,quarter_suffix_removed,.jpg,1824,1824,3
img_fad09ec4860a815e,Finaler Zustand Viertel/_DSC1761_q1.JPG,Finaler Zustand Viertel,train,DSC1761,quarter_suffix_removed,.jpg,1824,1824,3
img_fc570b0966b9339b,Finaler Zustand Viertel/_DSC1761_q2.JPG,Finaler Zustand Viertel,train,DSC1761,quarter_suffix_removed,.jpg,1824,1824,3
img_f0fd6a2ce03195bf,Finaler Zustand Viertel/_DSC1761_q3.JPG,Finaler Zustand Viertel,train,DSC1761,quarter_suffix_removed,.jpg,1824,1824,3
img_c9584eb83c9b8989,Finaler Zustand Viertel/_DSC1761_q4.JPG,Finaler Zustand Viertel,train,DSC1761,quarter_suffix_removed,.jpg,1824,1824,3
img_6aabb9747e0bfe5f,Finaler Zustand Viertel/_DSC1763_q2.JPG,Finaler Zustand Viertel,train,DSC1763,quarter_suffix_removed,.jpg,1824,1824,3
img_55a1a2a402030df6,Finaler Zustand Viertel/_DSC1763_q3.JPG,Finaler Zustand Viertel,train,DSC1763,quarter_suffix_removed,.jpg,1824,1824,3
img_16b9a7d616a2618c,Finaler Zustand Viertel/_DSC1764_q1.JPG,Finaler Zustand Viertel,train,DSC1764,quarter_suffix_removed,.jpg,1824,1824,3
img_74360bb8ec93cc42,Finaler Zustand Viertel/_DSC1764_q2.JPG,Finaler Zustand Viertel,train,DSC1764,quarter_suffix_removed,.jpg,1824,1824,3
img_a8e8eb15b65512a0,Finaler Zustand Viertel/_DSC1764_q3.JPG,Finaler Zustand Viertel,train,DSC1764,quarter_suffix_removed,.jpg,1824,1824,3
img_e4d7644aceb060a9,Finaler Zustand Viertel/_DSC1764_q4.JPG,Finaler Zustand Viertel,train,DSC1764,quarter_suffix_removed,.jpg,1824,1824,3
img_40c9292f96f6c881,Finaler Zustand Viertel/_DSC1765_q1.JPG,Finaler Zustand Viertel,train,DSC1765,quarter_suffix_removed,.jpg,1824,1824,3
img_27f053e18295cc4a,Finaler Zustand Viertel/_DSC1765_q2.JPG,Finaler Zustand Viertel,train,DSC1765,quarter_suffix_removed,.jpg,1824,1824,3
img_a1608aa4848dc60a,Finaler Zustand Viertel/_DSC1765_q3.JPG,Finaler Zustand Viertel,train,DSC1765,quarter_suffix_removed,.jpg,1824,1824,3
img_b46581c9810ecf55,Finaler Zustand Viertel/_DSC1765_q4.JPG,Finaler Zustand Viertel,train,DSC1765,quarter_suffix_removed,.jpg,1824,1824,3
img_c771c8467e124395,Finaler Zustand Viertel/_DSC1766_q1.JPG,Finaler Zustand Viertel,train,DSC1766,quarter_suffix_removed,.jpg,1824,1824,3
img_20a2e10d67ee7ba8,Finaler Zustand Viertel/_DSC1766_q2.JPG,Finaler Zustand Viertel,train,DSC1766,quarter_suffix_removed,.jpg,1824,1824,3
img_2a5f21e6a8997ccf,Finaler Zustand Viertel/_DSC1766_q3.JPG,Finaler Zustand Viertel,train,DSC1766,quarter_suffix_removed,.jpg,1824,1824,3
img_32176c30a04342b3,Finaler Zustand Viertel/_DSC1766_q4.JPG,Finaler Zustand Viertel,train,DSC1766,quarter_suffix_removed,.jpg,1824,1824,3
img_2ec5687be6ffdca8,Finaler Zustand Viertel/_DSC1767_q1.JPG,Finaler Zustand Viertel,test,DSC1767,quarter_suffix_removed,.jpg,1824,1824,3
img_c61bba122bee9347,Finaler Zustand Viertel/_DSC1767_q2.JPG,Finaler Zustand Viertel,test,DSC1767,quarter_suffix_removed,.jpg,1824,1824,3
img_a7ab39b0da84ff4f,Finaler Zustand Viertel/_DSC1767_q3.JPG,Finaler Zustand Viertel,test,DSC1767,quarter_suffix_removed,.jpg,1824,1824,3
img_1a8fb911ea7e3add,Finaler Zustand Viertel/_DSC1768_q2.JPG,Finaler Zustand Viertel,train,DSC1768,quarter_suffix_removed,.jpg,1824,1824,3
img_c8f7872fc0cb2a1a,Finaler Zustand Viertel/_DSC1768_q3.JPG,Finaler Zustand Viertel,train,DSC1768,quarter_suffix_removed,.jpg,1824,1824,3
img_df88fc9330406b02,Finaler Zustand Viertel/_DSC1768_q4.JPG,Finaler Zustand Viertel,train,DSC1768,quarter_suffix_removed,.jpg,1824,1824,3
img_8b321193ecd1e0d4,Finaler Zustand Viertel/_DSC1769_q1.JPG,Finaler Zustand Viertel,test,DSC1769,quarter_suffix_removed,.jpg,1824,1824,3
img_8fcea2b852ed6c18,Finaler Zustand Viertel/_DSC1769_q2.JPG,Finaler Zustand Viertel,test,DSC1769,quarter_suffix_removed,.jpg,1824,1824,3
img_8a98a756d2fca41d,Finaler Zustand Viertel/_DSC1769_q3.JPG,Finaler Zustand Viertel,test,DSC1769,quarter_suffix_removed,.jpg,1824,1824,3
img_a9ca4a0eaf9db52a,Finaler Zustand Viertel/_DSC1769_q4.JPG,Finaler Zustand Viertel,test,DSC1769,quarter_suffix_removed,.jpg,1824,1824,3
img_4b0d03ae817c099f,Finaler Zustand Viertel/_DSC1770_q1.JPG,Finaler Zustand Viertel,val,DSC1770,quarter_suffix_removed,.jpg,1824,1824,3
img_8c421af0d3617006,Finaler Zustand Viertel/_DSC1770_q2.JPG,Finaler Zustand Viertel,val,DSC1770,quarter_suffix_removed,.jpg,1824,1824,3
img_0c64140c5b39be59,Finaler Zustand Viertel/_DSC1770_q3.JPG,Finaler Zustand Viertel,val,DSC1770,quarter_suffix_removed,.jpg,1824,1824,3
img_aae2963f4c9039f8,Finaler Zustand Viertel/_DSC1771_q1.JPG,Finaler Zustand Viertel,train,DSC1771,quarter_suffix_removed,.jpg,1824,1824,3
img_ba3efd8ce6c43fcb,Finaler Zustand Viertel/_DSC1771_q2.JPG,Finaler Zustand Viertel,train,DSC1771,quarter_suffix_removed,.jpg,1824,1824,3
img_d25990d09718284f,Finaler Zustand Viertel/_DSC1771_q3.JPG,Finaler Zustand Viertel,train,DSC1771,quarter_suffix_removed,.jpg,1824,1824,3
img_8cc083ebaeb81b5e,Finaler Zustand Viertel/_DSC1771_q4.JPG,Finaler Zustand Viertel,train,DSC1771,quarter_suffix_removed,.jpg,1824,1824,3
img_b64196fae42ec7f6,Finaler Zustand Viertel/_DSC1772_q1.JPG,Finaler Zustand Viertel,train,DSC1772,quarter_suffix_removed,.jpg,1824,1824,3
img_a0ad1d1bae178110,Finaler Zustand Viertel/_DSC1772_q2.JPG,Finaler Zustand Viertel,train,DSC1772,quarter_suffix_removed,.jpg,1824,1824,3
img_21f65f56989f7f28,Finaler Zustand Viertel/_DSC1772_q3.JPG,Finaler Zustand Viertel,train,DSC1772,quarter_suffix_removed,.jpg,1824,1824,3
img_d650c3adc94adcd1,Finaler Zustand Viertel/_DSC1773_q1.JPG,Finaler Zustand Viertel,val,DSC1773,quarter_suffix_removed,.jpg,1824,1824,3
img_1e5afc110f9e1528,Finaler Zustand Viertel/_DSC1773_q2.JPG,Finaler Zustand Viertel,val,DSC1773,quarter_suffix_removed,.jpg,1824,1824,3
img_9a3ca773c780dc78,Finaler Zustand Viertel/_DSC1773_q3.JPG,Finaler Zustand Viertel,val,DSC1773,quarter_suffix_removed,.jpg,1824,1824,3
img_3c929193f4c3e48e,Finaler Zustand Viertel/_DSC1773_q4.JPG,Finaler Zustand Viertel,val,DSC1773,quarter_suffix_removed,.jpg,1824,1824,3
img_b2dfc8f8b1bdf19e,Finaler Zustand Viertel/_DSC1774_q1.JPG,Finaler Zustand Viertel,train,DSC1774,quarter_suffix_removed,.jpg,1824,1824,3
img_33d80461cc6b2792,Finaler Zustand Viertel/_DSC1774_q2.JPG,Finaler Zustand Viertel,train,DSC1774,quarter_suffix_removed,.jpg,1824,1824,3
img_9e5820d25e469b68,Finaler Zustand Viertel/_DSC1774_q3.JPG,Finaler Zustand Viertel,train,DSC1774,quarter_suffix_removed,.jpg,1824,1824,3
img_b7625dd0b7593cf8,Finaler Zustand Viertel/_DSC1774_q4.JPG,Finaler Zustand Viertel,train,DSC1774,quarter_suffix_removed,.jpg,1824,1824,3
img_6fcea07ed438c76d,Finaler Zustand Viertel/_DSC1775_q1.JPG,Finaler Zustand Viertel,train,DSC1775,quarter_suffix_removed,.jpg,1824,1824,3
img_8e0aa7621c9a2bee,Finaler Zustand Viertel/_DSC1775_q2.JPG,Finaler Zustand Viertel,train,DSC1775,quarter_suffix_removed,.jpg,1824,1824,3
img_dbf4535effe640a3,Finaler Zustand Viertel/_DSC1775_q3.JPG,Finaler Zustand Viertel,train,DSC1775,quarter_suffix_removed,.jpg,1824,1824,3
img_8b949dc6e90c1a5a,Finaler Zustand Viertel/_DSC1775_q4.JPG,Finaler Zustand Viertel,train,DSC1775,quarter_suffix_removed,.jpg,1824,1824,3
img_05c719143724c460,Finaler Zustand Viertel/_DSC1776_q2.JPG,Finaler Zustand Viertel,train,DSC1776,quarter_suffix_removed,.jpg,1824,1824,3
img_293efab900952158,Finaler Zustand Viertel/_DSC1776_q3.JPG,Finaler Zustand Viertel,train,DSC1776,quarter_suffix_removed,.jpg,1824,1824,3
img_d712b66f003635bc,Finaler Zustand Viertel/_DSC1780_q1.JPG,Finaler Zustand Viertel,train,DSC1780,quarter_suffix_removed,.jpg,1824,1824,3
img_5ce95fa93fe08ae5,Finaler Zustand Viertel/_DSC1780_q2.JPG,Finaler Zustand Viertel,train,DSC1780,quarter_suffix_removed,.jpg,1824,1824,3
img_a0155097385248d9,Finaler Zustand Viertel/_DSC1780_q3.JPG,Finaler Zustand Viertel,train,DSC1780,quarter_suffix_removed,.jpg,1824,1824,3
img_39966f1423f0672e,Finaler Zustand Viertel/_DSC1780_q4.JPG,Finaler Zustand Viertel,train,DSC1780,quarter_suffix_removed,.jpg,1824,1824,3
img_de0c7bebeebcc74c,Finaler Zustand Viertel/_DSC1781_q1.JPG,Finaler Zustand Viertel,train,DSC1781,quarter_suffix_removed,.jpg,1824,1824,3
img_131a183bfa383312,Finaler Zustand Viertel/_DSC1781_q2.JPG,Finaler Zustand Viertel,train,DSC1781,quarter_suffix_removed,.jpg,1824,1824,3
img_20c22ce24dbd3ef0,Finaler Zustand Viertel/_DSC1781_q3.JPG,Finaler Zustand Viertel,train,DSC1781,quarter_suffix_removed,.jpg,1824,1824,3
img_968a6ba75c366a1e,Finaler Zustand Viertel/_DSC1781_q4.JPG,Finaler Zustand Viertel,train,DSC1781,quarter_suffix_removed,.jpg,1824,1824,3
img_b72b57158adba09a,Finaler Zustand Viertel/_DSC1782_q1.JPG,Finaler Zustand Viertel,test,DSC1782,quarter_suffix_removed,.jpg,1824,1824,3
img_ec49fe4f24b65cb6,Finaler Zustand Viertel/_DSC1782_q2.JPG,Finaler Zustand Viertel,test,DSC1782,quarter_suffix_removed,.jpg,1824,1824,3
img_f6b2e7a8a8902d49,Finaler Zustand Viertel/_DSC1782_q3.JPG,Finaler Zustand Viertel,test,DSC1782,quarter_suffix_removed,.jpg,1824,1824,3
img_3a1736dc42c0a8ef,Finaler Zustand Viertel/_DSC1782_q4.JPG,Finaler Zustand Viertel,test,DSC1782,quarter_suffix_removed,.jpg,1824,1824,3
img_dbff802e6d4a565c,Finaler Zustand Viertel/_DSC1954_q1.JPG,Finaler Zustand Viertel,train,DSC1954,quarter_suffix_removed,.jpg,1824,1824,3
img_95375125df751978,Finaler Zustand Viertel/_DSC1954_q2.JPG,Finaler Zustand Viertel,train,DSC1954,quarter_suffix_removed,.jpg,1824,1824,3
img_c79c3e56c63e089d,Finaler Zustand Viertel/_DSC1954_q3.JPG,Finaler Zustand Viertel,train,DSC1954,quarter_suffix_removed,.jpg,1824,1824,3
img_b2741428d0cc15af,Finaler Zustand Viertel/_DSC1954_q4.JPG,Finaler Zustand Viertel,train,DSC1954,quarter_suffix_removed,.jpg,1824,1824,3
img_9d04747a408c2691,Finaler Zustand Viertel/_DSC1955_q1.JPG,Finaler Zustand Viertel,val,DSC1955,quarter_suffix_removed,.jpg,1824,1824,3
img_3e1de60e08201f90,Finaler Zustand Viertel/_DSC1955_q2.JPG,Finaler Zustand Viertel,val,DSC1955,quarter_suffix_removed,.jpg,1824,1824,3
img_d3adea83770efc02,Finaler Zustand Viertel/_DSC1955_q3.JPG,Finaler Zustand Viertel,val,DSC1955,quarter_suffix_removed,.jpg,1824,1824,3
img_8c4d3602485da618,Finaler Zustand Viertel/_DSC1955_q4.JPG,Finaler Zustand Viertel,val,DSC1955,quarter_suffix_removed,.jpg,1824,1824,3
img_df03b188c803a12b,Finaler Zustand Viertel/_DSC1956_q1.JPG,Finaler Zustand Viertel,train,DSC1956,quarter_suffix_removed,.jpg,1824,1824,3
img_82f08900970ffac0,Finaler Zustand Viertel/_DSC1956_q2.JPG,Finaler Zustand Viertel,train,DSC1956,quarter_suffix_removed,.jpg,1824,1824,3
img_0a951ab84f976b5c,Finaler Zustand Viertel/_DSC1956_q3.JPG,Finaler Zustand Viertel,train,DSC1956,quarter_suffix_removed,.jpg,1824,1824,3
img_3fd290107b6dece7,Finaler Zustand Viertel/_DSC1956_q4.JPG,Finaler Zustand Viertel,train,DSC1956,quarter_suffix_removed,.jpg,1824,1824,3
img_17a8a2216c1a64bb,Finaler Zustand Viertel/_DSC1960_q1.JPG,Finaler Zustand Viertel,test,DSC1960,quarter_suffix_removed,.jpg,1824,1824,3
img_90b95fdeb1611f9f,Finaler Zustand Viertel/_DSC1960_q2.JPG,Finaler Zustand Viertel,test,DSC1960,quarter_suffix_removed,.jpg,1824,1824,3
img_9e83e91b39a41abc,Finaler Zustand Viertel/_DSC1960_q3.JPG,Finaler Zustand Viertel,test,DSC1960,quarter_suffix_removed,.jpg,1824,1824,3
img_7be05e760cd59247,Finaler Zustand Viertel/_DSC1961_q1.JPG,Finaler Zustand Viertel,train,DSC1961,quarter_suffix_removed,.jpg,1824,1824,3
img_80e2817acd24104b,Finaler Zustand Viertel/_DSC1961_q2.JPG,Finaler Zustand Viertel,train,DSC1961,quarter_suffix_removed,.jpg,1824,1824,3
img_040a52ed74a70bac,Finaler Zustand Viertel/_DSC1961_q3.JPG,Finaler Zustand Viertel,train,DSC1961,quarter_suffix_removed,.jpg,1824,1824,3
img_42fb98971caddf85,Finaler Zustand Viertel/_DSC1962_q1.JPG,Finaler Zustand Viertel,train,DSC1962,quarter_suffix_removed,.jpg,1824,1824,3
img_b9bed571cae6a8bc,Finaler Zustand Viertel/_DSC1962_q3.JPG,Finaler Zustand Viertel,train,DSC1962,quarter_suffix_removed,.jpg,1824,1824,3
img_3b4de165eb132d5e,Finaler Zustand Viertel/_DSC1962_q4.JPG,Finaler Zustand Viertel,train,DSC1962,quarter_suffix_removed,.jpg,1824,1824,3
img_09a87b35d11e5034,Finaler Zustand Viertel/_DSC1963_q1.JPG,Finaler Zustand Viertel,val,DSC1963,quarter_suffix_removed,.jpg,1824,1824,3
img_12d55b8e759723ed,Finaler Zustand Viertel/_DSC1963_q3.JPG,Finaler Zustand Viertel,val,DSC1963,quarter_suffix_removed,.jpg,1824,1824,3
img_2a54fe2c99020a87,Finaler Zustand Viertel/_DSC1963_q4.JPG,Finaler Zustand Viertel,val,DSC1963,quarter_suffix_removed,.jpg,1824,1824,3
img_ed5b2bd89f8cc2cc,Finaler Zustand Viertel/_DSC1964_q1.JPG,Finaler Zustand Viertel,train,DSC1964,quarter_suffix_removed,.jpg,1824,1824,3
img_2160df5e9d249631,Finaler Zustand Viertel/_DSC1965_q2.JPG,Finaler Zustand Viertel,train,DSC1965,quarter_suffix_removed,.jpg,1824,1824,3
img_2d2a73a54d579323,Finaler Zustand Viertel/_DSC1965_q3.JPG,Finaler Zustand Viertel,train,DSC1965,quarter_suffix_removed,.jpg,1824,1824,3
img_538841fc8b7c7f8b,Finaler Zustand Viertel/_DSC1965_q4.JPG,Finaler Zustand Viertel,train,DSC1965,quarter_suffix_removed,.jpg,1824,1824,3
img_94640571f0e755c7,Finaler Zustand Viertel/_DSC1966_q2.JPG,Finaler Zustand Viertel,test,DSC1966,quarter_suffix_removed,.jpg,1824,1824,3
img_1c262d9c65b66438,Finaler Zustand Viertel/_DSC1966_q4.JPG,Finaler Zustand Viertel,test,DSC1966,quarter_suffix_removed,.jpg,1824,1824,3
img_737671504548ac70,Finaler Zustand Viertel/_DSC1967_q1.JPG,Finaler Zustand Viertel,train,DSC1967,quarter_suffix_removed,.jpg,1824,1824,3
img_2c7fc7cedc1e93c9,Finaler Zustand Viertel/_DSC1967_q2.JPG,Finaler Zustand Viertel,train,DSC1967,quarter_suffix_removed,.jpg,1824,1824,3
img_cc6f5c841008e00c,Finaler Zustand Viertel/_DSC1967_q3.JPG,Finaler Zustand Viertel,train,DSC1967,quarter_suffix_removed,.jpg,1824,1824,3
img_ab1123844dd9a861,Finaler Zustand Viertel/_DSC1967_q4.JPG,Finaler Zustand Viertel,train,DSC1967,quarter_suffix_removed,.jpg,1824,1824,3
img_510db34eee0ad0f8,Finaler Zustand Viertel/_DSC1968_q1.JPG,Finaler Zustand Viertel,train,DSC1968,quarter_suffix_removed,.jpg,1824,1824,3
img_7fd7524efa98f70c,Finaler Zustand Viertel/_DSC1968_q2.JPG,Finaler Zustand Viertel,train,DSC1968,quarter_suffix_removed,.jpg,1824,1824,3
img_b9f0608e82a38dba,Finaler Zustand Viertel/_DSC1968_q3.JPG,Finaler Zustand Viertel,train,DSC1968,quarter_suffix_removed,.jpg,1824,1824,3
img_9121553c2ae230c9,Finaler Zustand Viertel/_DSC1968_q4.JPG,Finaler Zustand Viertel,train,DSC1968,quarter_suffix_removed,.jpg,1824,1824,3
img_0acacb050e46fedf,Finaler Zustand Viertel/_DSC1969_q1.JPG,Finaler Zustand Viertel,test,DSC1969,quarter_suffix_removed,.jpg,1824,1824,3
img_be06810b1998a8b1,Finaler Zustand Viertel/_DSC1969_q2.JPG,Finaler Zustand Viertel,test,DSC1969,quarter_suffix_removed,.jpg,1824,1824,3
img_55eab5e372a8d03b,Finaler Zustand Viertel/_DSC1969_q3.JPG,Finaler Zustand Viertel,test,DSC1969,quarter_suffix_removed,.jpg,1824,1824,3
img_bdf1703f0796ca81,Finaler Zustand Viertel/_DSC1969_q4.JPG,Finaler Zustand Viertel,test,DSC1969,quarter_suffix_removed,.jpg,1824,1824,3
img_ed128d434aae1b17,Finaler Zustand Viertel/_DSC1971_q1.JPG,Finaler Zustand Viertel,train,DSC1971,quarter_suffix_removed,.jpg,1824,1824,3
img_00079c084783eb30,Finaler Zustand Viertel/_DSC1971_q2.JPG,Finaler Zustand Viertel,train,DSC1971,quarter_suffix_removed,.jpg,1824,1824,3
img_9b958d52dc8ff535,Finaler Zustand Viertel/_DSC1971_q3.JPG,Finaler Zustand Viertel,train,DSC1971,quarter_suffix_removed,.jpg,1824,1824,3
img_61e7f2ea1cbfadfb,Finaler Zustand Viertel/_DSC1971_q4.JPG,Finaler Zustand Viertel,train,DSC1971,quarter_suffix_removed,.jpg,1824,1824,3
img_8f11eae0fdc2b555,Finaler Zustand Viertel/_DSC1972_q1.JPG,Finaler Zustand Viertel,train,DSC1972,quarter_suffix_removed,.jpg,1824,1824,3
img_530222af562543b3,Finaler Zustand Viertel/_DSC1972_q2.JPG,Finaler Zustand Viertel,train,DSC1972,quarter_suffix_removed,.jpg,1824,1824,3
img_22eb7c31487a0c29,Finaler Zustand Viertel/_DSC1972_q3.JPG,Finaler Zustand Viertel,train,DSC1972,quarter_suffix_removed,.jpg,1824,1824,3
img_d0350497e6da4e94,Finaler Zustand Viertel/_DSC1972_q4.JPG,Finaler Zustand Viertel,train,DSC1972,quarter_suffix_removed,.jpg,1824,1824,3
img_d8c26f1427a83b0b,Finaler Zustand Viertel/_DSC1973_q1.JPG,Finaler Zustand Viertel,val,DSC1973,quarter_suffix_removed,.jpg,1824,1824,3
img_36d4c274a3a1c493,Finaler Zustand Viertel/_DSC1973_q2.JPG,Finaler Zustand Viertel,val,DSC1973,quarter_suffix_removed,.jpg,1824,1824,3
img_7dc59526b0d4abfb,Finaler Zustand Viertel/_DSC1973_q3.JPG,Finaler Zustand Viertel,val,DSC1973,quarter_suffix_removed,.jpg,1824,1824,3
img_405e3de3b1a79b57,Finaler Zustand Viertel/_DSC1973_q4.JPG,Finaler Zustand Viertel,val,DSC1973,quarter_suffix_removed,.jpg,1824,1824,3
img_183b19ba91ef5fed,Finaler Zustand Viertel/_DSC1974_q2.JPG,Finaler Zustand Viertel,train,DSC1974,quarter_suffix_removed,.jpg,1824,1824,3
img_1728f26f4892dc28,Finaler Zustand Viertel/_DSC1974_q3.JPG,Finaler Zustand Viertel,train,DSC1974,quarter_suffix_removed,.jpg,1824,1824,3
img_c6f491c62719d0da,Finaler Zustand Viertel/_DSC1974_q4.JPG,Finaler Zustand Viertel,train,DSC1974,quarter_suffix_removed,.jpg,1824,1824,3
img_0c6c19c8a55618ff,Finaler Zustand Viertel/_DSC1975_q1.JPG,Finaler Zustand Viertel,train,DSC1975,quarter_suffix_removed,.jpg,1824,1824,3
img_7698d258031633a3,Finaler Zustand Viertel/_DSC1976_q1.JPG,Finaler Zustand Viertel,train,DSC1976,quarter_suffix_removed,.jpg,1824,1824,3
img_ead83eef6ebaf5fa,Finaler Zustand Viertel/_DSC1976_q2.JPG,Finaler Zustand Viertel,train,DSC1976,quarter_suffix_removed,.jpg,1824,1824,3
img_503c0b73902534d4,Finaler Zustand Viertel/_DSC1976_q3.JPG,Finaler Zustand Viertel,train,DSC1976,quarter_suffix_removed,.jpg,1824,1824,3
img_4bc2ccf83b4a5503,Finaler Zustand Viertel/_DSC1976_q4.JPG,Finaler Zustand Viertel,train,DSC1976,quarter_suffix_removed,.jpg,1824,1824,3
img_4f27f365f125f76e,Finaler Zustand Viertel/_DSC1977_q2.JPG,Finaler Zustand Viertel,train,DSC1977,quarter_suffix_removed,.jpg,1824,1824,3
img_c3207e4855e76869,Finaler Zustand Viertel/_DSC1977_q3.JPG,Finaler Zustand Viertel,train,DSC1977,quarter_suffix_removed,.jpg,1824,1824,3
img_17b72e5cbd88df98,Finaler Zustand Viertel/_DSC1978_q1.JPG,Finaler Zustand Viertel,train,DSC1978,quarter_suffix_removed,.jpg,1824,1824,3
img_1b372a71218df952,Finaler Zustand Viertel/_DSC1978_q2.JPG,Finaler Zustand Viertel,train,DSC1978,quarter_suffix_removed,.jpg,1824,1824,3
img_3f8da766fc248be0,Finaler Zustand Viertel/_DSC1978_q3.JPG,Finaler Zustand Viertel,train,DSC1978,quarter_suffix_removed,.jpg,1824,1824,3
img_2745065108394ce3,Finaler Zustand Viertel/_DSC1978_q4.JPG,Finaler Zustand Viertel,train,DSC1978,quarter_suffix_removed,.jpg,1824,1824,3
img_7c603ea98e5268cc,Finaler Zustand Viertel/_DSC1979_q1.JPG,Finaler Zustand Viertel,train,DSC1979,quarter_suffix_removed,.jpg,1824,1824,3
img_e4e1307a4daa1477,Finaler Zustand Viertel/_DSC1979_q3.JPG,Finaler Zustand Viertel,train,DSC1979,quarter_suffix_removed,.jpg,1824,1824,3
img_601a7166d2f43aa6,Finaler Zustand Viertel/_DSC1980_q2.JPG,Finaler Zustand Viertel,train,DSC1980,quarter_suffix_removed,.jpg,1824,1824,3
img_f7108a7037959b7b,Finaler Zustand Viertel/_DSC1980_q3.JPG,Finaler Zustand Viertel,train,DSC1980,quarter_suffix_removed,.jpg,1824,1824,3
img_9ea267b3f16699d5,Finaler Zustand Viertel/_DSC1980_q4.JPG,Finaler Zustand Viertel,train,DSC1980,quarter_suffix_removed,.jpg,1824,1824,3
img_72d68af4bfcbd31d,Finaler Zustand Viertel/_DSC1981_q1.JPG,Finaler Zustand Viertel,test,DSC1981,quarter_suffix_removed,.jpg,1824,1824,3
img_d3f5bcbfa06cbd77,Finaler Zustand Viertel/_DSC1981_q2.JPG,Finaler Zustand Viertel,test,DSC1981,quarter_suffix_removed,.jpg,1824,1824,3
img_54cb656b8146759d,Finaler Zustand Viertel/_DSC1981_q3.JPG,Finaler Zustand Viertel,test,DSC1981,quarter_suffix_removed,.jpg,1824,1824,3
img_2a3edea365117c86,Finaler Zustand Viertel/_DSC1981_q4.JPG,Finaler Zustand Viertel,test,DSC1981,quarter_suffix_removed,.jpg,1824,1824,3
img_b8889bd2537afa08,Finaler Zustand Viertel/_DSC1984_q1.JPG,Finaler Zustand Viertel,train,DSC1984,quarter_suffix_removed,.jpg,1824,1824,3
img_6e3a532e9f7e1e9f,Finaler Zustand Viertel/_DSC1984_q2.JPG,Finaler Zustand Viertel,train,DSC1984,quarter_suffix_removed,.jpg,1824,1824,3
img_8f29e883065a3a48,Finaler Zustand Viertel/_DSC1984_q3.JPG,Finaler Zustand Viertel,train,DSC1984,quarter_suffix_removed,.jpg,1824,1824,3
img_4651ed3dcb157d27,Finaler Zustand Viertel/_DSC1984_q4.JPG,Finaler Zustand Viertel,train,DSC1984,quarter_suffix_removed,.jpg,1824,1824,3
img_f57e352f2b07b546,Finaler Zustand Viertel/_DSC1985_q3.JPG,Finaler Zustand Viertel,val,DSC1985,quarter_suffix_removed,.jpg,1824,1824,3
img_cc0ba1802025821d,Finaler Zustand Viertel/_DSC1985_q4.JPG,Finaler Zustand Viertel,val,DSC1985,quarter_suffix_removed,.jpg,1824,1824,3
img_0a5321b2ff2de6b8,Finaler Zustand Viertel/_DSC1986_q2.JPG,Finaler Zustand Viertel,train,DSC1986,quarter_suffix_removed,.jpg,1824,1824,3
img_2f6f4c801686bd56,Finaler Zustand Viertel/_DSC1986_q3.JPG,Finaler Zustand Viertel,train,DSC1986,quarter_suffix_removed,.jpg,1824,1824,3
img_aabfa08bd7157064,Finaler Zustand Viertel/_DSC1987_q1.JPG,Finaler Zustand Viertel,train,DSC1987,quarter_suffix_removed,.jpg,1824,1824,3
img_fb2402ce34f65e5f,Finaler Zustand Viertel/_DSC1987_q2.JPG,Finaler Zustand Viertel,train,DSC1987,quarter_suffix_removed,.jpg,1824,1824,3
img_cfa459330cfa2935,Finaler Zustand Viertel/_DSC1987_q3.JPG,Finaler Zustand Viertel,train,DSC1987,quarter_suffix_removed,.jpg,1824,1824,3
img_603ef4ff9dbca520,Finaler Zustand Viertel/_DSC1987_q4.JPG,Finaler Zustand Viertel,train,DSC1987,quarter_suffix_removed,.jpg,1824,1824,3
img_dfef601bc82021d5,Finaler Zustand Viertel/_DSC1988_q1.JPG,Finaler Zustand Viertel,train,DSC1988,quarter_suffix_removed,.jpg,1824,1824,3
img_4dab7028dd66af02,Finaler Zustand Viertel/_DSC1988_q2.JPG,Finaler Zustand Viertel,train,DSC1988,quarter_suffix_removed,.jpg,1824,1824,3
img_a2d950a82c6ae97b,Finaler Zustand Viertel/_DSC1988_q3.JPG,Finaler Zustand Viertel,train,DSC1988,quarter_suffix_removed,.jpg,1824,1824,3
img_6fe9784630ae5862,Finaler Zustand Viertel/_DSC1988_q4.JPG,Finaler Zustand Viertel,train,DSC1988,quarter_suffix_removed,.jpg,1824,1824,3
img_208d94e89a11611b,Finaler Zustand Viertel/_DSC1989_q1.JPG,Finaler Zustand Viertel,val,DSC1989,quarter_suffix_removed,.jpg,1824,1824,3
img_4334c1e9470c2d28,Finaler Zustand Viertel/_DSC1989_q2.JPG,Finaler Zustand Viertel,val,DSC1989,quarter_suffix_removed,.jpg,1824,1824,3
img_35d0eefbfadf831b,Finaler Zustand Viertel/_DSC1989_q3.JPG,Finaler Zustand Viertel,val,DSC1989,quarter_suffix_removed,.jpg,1824,1824,3
img_aa7647c97b77b719,Finaler Zustand Viertel/_DSC1989_q4.JPG,Finaler Zustand Viertel,val,DSC1989,quarter_suffix_removed,.jpg,1824,1824,3
img_2e9e661c35a3d7e0,Finaler Zustand Viertel/_DSC1990_q1.JPG,Finaler Zustand Viertel,train,DSC1990,quarter_suffix_removed,.jpg,1824,1824,3
img_2789608019d9f087,Finaler Zustand Viertel/_DSC1990_q2.JPG,Finaler Zustand Viertel,train,DSC1990,quarter_suffix_removed,.jpg,1824,1824,3
img_02c6cacc10bb71e9,Finaler Zustand Viertel/_DSC1990_q3.JPG,Finaler Zustand Viertel,train,DSC1990,quarter_suffix_removed,.jpg,1824,1824,3
img_3883728d54c19080,Finaler Zustand Viertel/_DSC1990_q4.JPG,Finaler Zustand Viertel,train,DSC1990,quarter_suffix_removed,.jpg,1824,1824,3
img_c44a11b6eec75b6e,Finaler Zustand Viertel/_DSC1991_q1.JPG,Finaler Zustand Viertel,train,DSC1991,quarter_suffix_removed,.jpg,1824,1824,3
img_a1bf0c5294bdd6f5,Finaler Zustand Viertel/_DSC1991_q2.JPG,Finaler Zustand Viertel,train,DSC1991,quarter_suffix_removed,.jpg,1824,1824,3
img_eb703a112301b450,Finaler Zustand Viertel/_DSC1991_q3.JPG,Finaler Zustand Viertel,train,DSC1991,quarter_suffix_removed,.jpg,1824,1824,3
img_552de71478da5c23,Finaler Zustand Viertel/_DSC1991_q4.JPG,Finaler Zustand Viertel,train,DSC1991,quarter_suffix_removed,.jpg,1824,1824,3
img_c53d4e65b93caa71,Finaler Zustand Viertel/_DSC1992_q1.JPG,Finaler Zustand Viertel,train,DSC1992,quarter_suffix_removed,.jpg,1824,1824,3
img_106c4b78bebed8d8,Finaler Zustand Viertel/_DSC1992_q4.JPG,Finaler Zustand Viertel,train,DSC1992,quarter_suffix_removed,.jpg,1824,1824,3
img_51a352cd86fe6ab8,Finaler Zustand Viertel/_DSC1993_q1.JPG,Finaler Zustand Viertel,test,DSC1993,quarter_suffix_removed,.jpg,1824,1824,3
img_b4a56e81b3f02fee,Finaler Zustand Viertel/_DSC1993_q2.JPG,Finaler Zustand Viertel,test,DSC1993,quarter_suffix_removed,.jpg,1824,1824,3
img_6b72ccc63aba9965,Finaler Zustand Viertel/_DSC1993_q3.JPG,Finaler Zustand Viertel,test,DSC1993,quarter_suffix_removed,.jpg,1824,1824,3
img_f4348a2529f48116,Finaler Zustand Viertel/_DSC1994_q2.JPG,Finaler Zustand Viertel,train,DSC1994,quarter_suffix_removed,.jpg,1824,1824,3
img_3556637102f87c17,Finaler Zustand Viertel/_DSC1994_q3.JPG,Finaler Zustand Viertel,train,DSC1994,quarter_suffix_removed,.jpg,1824,1824,3
img_4f2a4d98088ea78a,Finaler Zustand Viertel/_DSC1994_q4.JPG,Finaler Zustand Viertel,train,DSC1994,quarter_suffix_removed,.jpg,1824,1824,3
img_27e87a9000f89176,Finaler Zustand Viertel/_DSC1995_q2.JPG,Finaler Zustand Viertel,test,DSC1995,quarter_suffix_removed,.jpg,1824,1824,3
img_a82e10f185fde5b2,Finaler Zustand Viertel/_DSC1996_q1.JPG,Finaler Zustand Viertel,test,DSC1996,quarter_suffix_removed,.jpg,1824,1824,3
img_0cddbd1fb3b5972a,Finaler Zustand Viertel/_DSC1996_q2.JPG,Finaler Zustand Viertel,test,DSC1996,quarter_suffix_removed,.jpg,1824,1824,3
img_982f4245d341bf45,Finaler Zustand Viertel/_DSC1996_q3.JPG,Finaler Zustand Viertel,test,DSC1996,quarter_suffix_removed,.jpg,1824,1824,3
img_de8342ef12c14a0d,Finaler Zustand Viertel/_DSC1996_q4.JPG,Finaler Zustand Viertel,test,DSC1996,quarter_suffix_removed,.jpg,1824,1824,3
img_84ae06f09f5259d4,Finaler Zustand Viertel/_DSC1998_q1.JPG,Finaler Zustand Viertel,train,DSC1998,quarter_suffix_removed,.jpg,1824,1824,3
img_822d7721dc4104a0,Finaler Zustand Viertel/_DSC1998_q2.JPG,Finaler Zustand Viertel,train,DSC1998,quarter_suffix_removed,.jpg,1824,1824,3
img_d779199365381adf,Finaler Zustand Viertel/_DSC1998_q4.JPG,Finaler Zustand Viertel,train,DSC1998,quarter_suffix_removed,.jpg,1824,1824,3
img_a88a71fb2cc3d28b,Finaler Zustand Viertel/_DSC1999_q1.JPG,Finaler Zustand Viertel,val,DSC1999,quarter_suffix_removed,.jpg,1824,1824,3
img_86565d858198dd49,Finaler Zustand Viertel/_DSC1999_q2.JPG,Finaler Zustand Viertel,val,DSC1999,quarter_suffix_removed,.jpg,1824,1824,3
img_f5a553e24ca54837,Finaler Zustand Viertel/_DSC1999_q4.JPG,Finaler Zustand Viertel,val,DSC1999,quarter_suffix_removed,.jpg,1824,1824,3
img_3f5c0b859d90b72c,Finaler Zustand Viertel/_DSC2000_q1.JPG,Finaler Zustand Viertel,train,DSC2000,quarter_suffix_removed,.jpg,1824,1824,3
img_5ed191f8b4e42e62,Finaler Zustand Viertel/_DSC2000_q2.JPG,Finaler Zustand Viertel,train,DSC2000,quarter_suffix_removed,.jpg,1824,1824,3
img_ea87e5b3a60a6463,Finaler Zustand Viertel/_DSC2000_q3.JPG,Finaler Zustand Viertel,train,DSC2000,quarter_suffix_removed,.jpg,1824,1824,3
img_abf5c2df45d76daa,Finaler Zustand Viertel/_DSC2000_q4.JPG,Finaler Zustand Viertel,train,DSC2000,quarter_suffix_removed,.jpg,1824,1824,3
img_fd500bed782eef27,Finaler Zustand Viertel/_DSC2001_q1.JPG,Finaler Zustand Viertel,train,DSC2001,quarter_suffix_removed,.jpg,1824,1824,3
img_445363960220ae23,Finaler Zustand Viertel/_DSC2001_q2.JPG,Finaler Zustand Viertel,train,DSC2001,quarter_suffix_removed,.jpg,1824,1824,3
img_f8c654cbf26ab751,Finaler Zustand Viertel/_DSC2001_q3.JPG,Finaler Zustand Viertel,train,DSC2001,quarter_suffix_removed,.jpg,1824,1824,3
img_ef443833a95e30ac,Finaler Zustand Viertel/_DSC2003_q1.JPG,Finaler Zustand Viertel,train,DSC2003,quarter_suffix_removed,.jpg,1824,1824,3
img_0a79f9f21e2021b2,Finaler Zustand Viertel/_DSC2003_q2.JPG,Finaler Zustand Viertel,train,DSC2003,quarter_suffix_removed,.jpg,1824,1824,3
img_883f7086b3e191a0,Finaler Zustand Viertel/_DSC2003_q3.JPG,Finaler Zustand Viertel,train,DSC2003,quarter_suffix_removed,.jpg,1824,1824,3
img_0c57d22b39bab8d9,Finaler Zustand Viertel/_DSC2003_q4.JPG,Finaler Zustand Viertel,train,DSC2003,quarter_suffix_removed,.jpg,1824,1824,3
img_7beacc36dee68175,Finaler Zustand Viertel/_DSC2004_q1.JPG,Finaler Zustand Viertel,train,DSC2004,quarter_suffix_removed,.jpg,1824,1824,3
img_6ff28a2da7d53239,Finaler Zustand Viertel/_DSC2004_q2.JPG,Finaler Zustand Viertel,train,DSC2004,quarter_suffix_removed,.jpg,1824,1824,3
img_e4732ea630280f20,Finaler Zustand Viertel/_DSC2004_q3.JPG,Finaler Zustand Viertel,train,DSC2004,quarter_suffix_removed,.jpg,1824,1824,3
img_6bd722d5301c7984,Finaler Zustand Viertel/_DSC2006_q1.JPG,Finaler Zustand Viertel,train,DSC2006,quarter_suffix_removed,.jpg,1824,1824,3
img_e272bcb9d833061c,Finaler Zustand Viertel/_DSC2006_q2.JPG,Finaler Zustand Viertel,train,DSC2006,quarter_suffix_removed,.jpg,1824,1824,3
img_3c8d37f954bb643d,Finaler Zustand Viertel/_DSC2007_q1.JPG,Finaler Zustand Viertel,val,DSC2007,quarter_suffix_removed,.jpg,1824,1824,3
img_07a011e5ada12f0e,Finaler Zustand Viertel/_DSC2007_q2.JPG,Finaler Zustand Viertel,val,DSC2007,quarter_suffix_removed,.jpg,1824,1824,3
img_b708608e70e0df67,Finaler Zustand Viertel/_DSC2007_q3.JPG,Finaler Zustand Viertel,val,DSC2007,quarter_suffix_removed,.jpg,1824,1824,3
img_252a26e938b4a3cf,Finaler Zustand Viertel/_DSC2007_q4.JPG,Finaler Zustand Viertel,val,DSC2007,quarter_suffix_removed,.jpg,1824,1824,3
img_90138dccf72f5fd2,Finaler Zustand Viertel/_DSC2008_q1.JPG,Finaler Zustand Viertel,train,DSC2008,quarter_suffix_removed,.jpg,1824,1824,3
img_eee95d6d2ff932ff,Finaler Zustand Viertel/_DSC2008_q2.JPG,Finaler Zustand Viertel,train,DSC2008,quarter_suffix_removed,.jpg,1824,1824,3
img_7ea5f153c1939f93,Finaler Zustand Viertel/_DSC2008_q3.JPG,Finaler Zustand Viertel,train,DSC2008,quarter_suffix_removed,.jpg,1824,1824,3
img_ca5821ac3a2e419b,Finaler Zustand Viertel/_DSC2008_q4.JPG,Finaler Zustand Viertel,train,DSC2008,quarter_suffix_removed,.jpg,1824,1824,3
img_81af428da5a24aa0,Finaler Zustand Viertel/_DSC2009_q1.JPG,Finaler Zustand Viertel,train,DSC2009,quarter_suffix_removed,.jpg,1824,1824,3
img_802ea31c055b7a78,Finaler Zustand Viertel/_DSC2009_q2.JPG,Finaler Zustand Viertel,train,DSC2009,quarter_suffix_removed,.jpg,1824,1824,3
img_9f288217bcbbf835,Finaler Zustand Viertel/_DSC2009_q3.JPG,Finaler Zustand Viertel,train,DSC2009,quarter_suffix_removed,.jpg,1824,1824,3
img_54b558c668bdd823,Finaler Zustand Viertel/_DSC2009_q4.JPG,Finaler Zustand Viertel,train,DSC2009,quarter_suffix_removed,.jpg,1824,1824,3
img_ffa85d07db42007d,Finaler Zustand Viertel/_DSC2011_q1.JPG,Finaler Zustand Viertel,train,DSC2011,quarter_suffix_removed,.jpg,1824,1824,3
img_0dee58610a61ba99,Finaler Zustand Viertel/_DSC2011_q2.JPG,Finaler Zustand Viertel,train,DSC2011,quarter_suffix_removed,.jpg,1824,1824,3
img_e5d62588c472871c,Finaler Zustand Viertel/_DSC2011_q3.JPG,Finaler Zustand Viertel,train,DSC2011,quarter_suffix_removed,.jpg,1824,1824,3
img_ab1ff8a12348db9c,Finaler Zustand Viertel/_DSC2012_q1.JPG,Finaler Zustand Viertel,train,DSC2012,quarter_suffix_removed,.jpg,1824,1824,3
img_33263b5aeed0aecd,Finaler Zustand Viertel/_DSC2012_q2.JPG,Finaler Zustand Viertel,train,DSC2012,quarter_suffix_removed,.jpg,1824,1824,3
img_c5a27e273f466060,Finaler Zustand Viertel/_DSC2012_q3.JPG,Finaler Zustand Viertel,train,DSC2012,quarter_suffix_removed,.jpg,1824,1824,3
img_ec80fc821c6d53ac,Finaler Zustand Viertel/_DSC2012_q4.JPG,Finaler Zustand Viertel,train,DSC2012,quarter_suffix_removed,.jpg,1824,1824,3
img_0c76eaf163d93a67,Finaler Zustand Viertel/_DSC2013_q1.JPG,Finaler Zustand Viertel,test,DSC2013,quarter_suffix_removed,.jpg,1824,1824,3
img_40a65977a974729b,Finaler Zustand Viertel/_DSC2013_q2.JPG,Finaler Zustand Viertel,test,DSC2013,quarter_suffix_removed,.jpg,1824,1824,3
img_2ecd2fcaf9b96858,Finaler Zustand Viertel/_DSC2013_q3.JPG,Finaler Zustand Viertel,test,DSC2013,quarter_suffix_removed,.jpg,1824,1824,3
img_428b52ce746127de,Finaler Zustand Viertel/_DSC2013_q4.JPG,Finaler Zustand Viertel,test,DSC2013,quarter_suffix_removed,.jpg,1824,1824,3
img_342ab4303468827d,Finaler Zustand Viertel/_DSC2014_q2.JPG,Finaler Zustand Viertel,test,DSC2014,quarter_suffix_removed,.jpg,1824,1824,3
img_c6a54419c26a65a5,Finaler Zustand Viertel/_DSC2014_q3.JPG,Finaler Zustand Viertel,test,DSC2014,quarter_suffix_removed,.jpg,1824,1824,3
img_482a6c87eb84490d,Finaler Zustand Viertel/_DSC2014_q4.JPG,Finaler Zustand Viertel,test,DSC2014,quarter_suffix_removed,.jpg,1824,1824,3
img_07e1fd1f6960ccfd,Finaler Zustand Viertel/_DSC2015_q1.JPG,Finaler Zustand Viertel,train,DSC2015,quarter_suffix_removed,.jpg,1824,1824,3
img_e713c841c4ba6736,Finaler Zustand Viertel/_DSC2015_q2.JPG,Finaler Zustand Viertel,train,DSC2015,quarter_suffix_removed,.jpg,1824,1824,3
img_3ef3a262aa411342,Finaler Zustand Viertel/_DSC2015_q3.JPG,Finaler Zustand Viertel,train,DSC2015,quarter_suffix_removed,.jpg,1824,1824,3
img_f5133f84f269e8db,Finaler Zustand Viertel/_DSC2015_q4.JPG,Finaler Zustand Viertel,train,DSC2015,quarter_suffix_removed,.jpg,1824,1824,3
img_973e9e513d02d8b6,Finaler Zustand Viertel/_DSC2016_q1.JPG,Finaler Zustand Viertel,train,DSC2016,quarter_suffix_removed,.jpg,1824,1824,3
img_3aaad3b4c9c54564,Finaler Zustand Viertel/_DSC2016_q2.JPG,Finaler Zustand Viertel,train,DSC2016,quarter_suffix_removed,.jpg,1824,1824,3
img_b835cbd69b0afbd5,Finaler Zustand Viertel/_DSC2016_q3.JPG,Finaler Zustand Viertel,train,DSC2016,quarter_suffix_removed,.jpg,1824,1824,3
img_bb62ba6ed16733cc,Finaler Zustand Viertel/_DSC2017_q1.JPG,Finaler Zustand Viertel,train,DSC2017,quarter_suffix_removed,.jpg,1824,1824,3
img_18fe0c4187751f44,Finaler Zustand Viertel/_DSC2017_q2.JPG,Finaler Zustand Viertel,train,DSC2017,quarter_suffix_removed,.jpg,1824,1824,3
img_962ee88897d17cff,Finaler Zustand Viertel/_DSC2017_q3.JPG,Finaler Zustand Viertel,train,DSC2017,quarter_suffix_removed,.jpg,1824,1824,3
img_1594bae5149785ae,Finaler Zustand Viertel/_DSC2017_q4.JPG,Finaler Zustand Viertel,train,DSC2017,quarter_suffix_removed,.jpg,1824,1824,3
img_05e9c8ab67041d5f,Finaler Zustand Viertel/_DSC2018_q1.JPG,Finaler Zustand Viertel,val,DSC2018,quarter_suffix_removed,.jpg,1824,1824,3
img_a207b9ea23ba6bb1,Finaler Zustand Viertel/_DSC2018_q2.JPG,Finaler Zustand Viertel,val,DSC2018,quarter_suffix_removed,.jpg,1824,1824,3
img_2c63862667f236aa,Finaler Zustand Viertel/_DSC2018_q3.JPG,Finaler Zustand Viertel,val,DSC2018,quarter_suffix_removed,.jpg,1824,1824,3
img_aa22df3aa4a359b2,Finaler Zustand Viertel/_DSC2018_q4.JPG,Finaler Zustand Viertel,val,DSC2018,quarter_suffix_removed,.jpg,1824,1824,3
img_8b02f8e155dcefc1,Finaler Zustand Viertel/_DSC2019_q1.JPG,Finaler Zustand Viertel,val,DSC2019,quarter_suffix_removed,.jpg,1824,1824,3
img_0dec8febf50b6b5d,Finaler Zustand Viertel/_DSC2019_q2.JPG,Finaler Zustand Viertel,val,DSC2019,quarter_suffix_removed,.jpg,1824,1824,3
img_d333b27ece363b2d,Finaler Zustand Viertel/_DSC2019_q3.JPG,Finaler Zustand Viertel,val,DSC2019,quarter_suffix_removed,.jpg,1824,1824,3
img_e94041332dcc7ae4,Finaler Zustand Viertel/_DSC2020_q1.JPG,Finaler Zustand Viertel,train,DSC2020,quarter_suffix_removed,.jpg,1824,1824,3
img_26958d732aae1bcb,Finaler Zustand Viertel/_DSC2020_q2.JPG,Finaler Zustand Viertel,train,DSC2020,quarter_suffix_removed,.jpg,1824,1824,3
img_bb209646081ed56e,Finaler Zustand Viertel/_DSC2020_q3.JPG,Finaler Zustand Viertel,train,DSC2020,quarter_suffix_removed,.jpg,1824,1824,3
img_0624c94890832725,Finaler Zustand Viertel/_DSC2020_q4.JPG,Finaler Zustand Viertel,train,DSC2020,quarter_suffix_removed,.jpg,1824,1824,3
img_61183e42d1800f5d,Finaler Zustand Viertel/_DSC2022_q1.JPG,Finaler Zustand Viertel,test,DSC2022,quarter_suffix_removed,.jpg,1824,1824,3
img_5ae8af36e73e26e2,Finaler Zustand Viertel/_DSC2022_q2.JPG,Finaler Zustand Viertel,test,DSC2022,quarter_suffix_removed,.jpg,1824,1824,3
img_cdee41fd98ac03c6,Finaler Zustand Viertel/_DSC2024_q1.JPG,Finaler Zustand Viertel,train,DSC2024,quarter_suffix_removed,.jpg,1824,1824,3
img_c90bf17ef26c2adb,Finaler Zustand Viertel/_DSC2024_q2.JPG,Finaler Zustand Viertel,train,DSC2024,quarter_suffix_removed,.jpg,1824,1824,3
img_8df82aae1f98111d,Finaler Zustand Viertel/_DSC2024_q3.JPG,Finaler Zustand Viertel,train,DSC2024,quarter_suffix_removed,.jpg,1824,1824,3
img_31296a46bf34d996,Finaler Zustand Viertel/_DSC2024_q4.JPG,Finaler Zustand Viertel,train,DSC2024,quarter_suffix_removed,.jpg,1824,1824,3
img_7001f06cd23b8eaa,Finaler Zustand Viertel/_DSC2026_q1.JPG,Finaler Zustand Viertel,test,DSC2026,quarter_suffix_removed,.jpg,1824,1824,3
img_6b2860ad88105f91,Finaler Zustand Viertel/_DSC2026_q2.JPG,Finaler Zustand Viertel,test,DSC2026,quarter_suffix_removed,.jpg,1824,1824,3
img_641df78c4aeedd71,Finaler Zustand Viertel/_DSC2026_q3.JPG,Finaler Zustand Viertel,test,DSC2026,quarter_suffix_removed,.jpg,1824,1824,3
img_28a13b9db1f8112f,Finaler Zustand Viertel/_DSC2026_q4.JPG,Finaler Zustand Viertel,test,DSC2026,quarter_suffix_removed,.jpg,1824,1824,3
img_6da5960988bacdda,Finaler Zustand Viertel/_DSC2027_q1.JPG,Finaler Zustand Viertel,train,DSC2027,quarter_suffix_removed,.jpg,1824,1824,3
img_6a8d7fd9c7262d8e,Finaler Zustand Viertel/_DSC2027_q3.JPG,Finaler Zustand Viertel,train,DSC2027,quarter_suffix_removed,.jpg,1824,1824,3
img_8f8c2868c6a59c73,Finaler Zustand Viertel/_DSC2028_q1.JPG,Finaler Zustand Viertel,train,DSC2028,quarter_suffix_removed,.jpg,1824,1824,3
img_f8fe96a7b5f18415,Finaler Zustand Viertel/_DSC2028_q2.JPG,Finaler Zustand Viertel,train,DSC2028,quarter_suffix_removed,.jpg,1824,1824,3
img_7cb3dc7937db42a9,Finaler Zustand Viertel/_DSC2028_q4.JPG,Finaler Zustand Viertel,train,DSC2028,quarter_suffix_removed,.jpg,1824,1824,3
img_b63ecac8e69ee59f,Finaler Zustand Viertel/_DSC2030_q2.JPG,Finaler Zustand Viertel,train,DSC2030,quarter_suffix_removed,.jpg,1824,1824,3
img_8e992185cad428ad,Finaler Zustand Viertel/_DSC2030_q3.JPG,Finaler Zustand Viertel,train,DSC2030,quarter_suffix_removed,.jpg,1824,1824,3
img_faab8a06a62eeda1,Finaler Zustand Viertel/_DSC2030_q4.JPG,Finaler Zustand Viertel,train,DSC2030,quarter_suffix_removed,.jpg,1824,1824,3
img_6bec9ac154237b84,Finaler Zustand Viertel/_DSC2031_q1.JPG,Finaler Zustand Viertel,train,DSC2031,quarter_suffix_removed,.jpg,1824,1824,3
img_be685e9d49dd21a7,Finaler Zustand Viertel/_DSC2031_q2.JPG,Finaler Zustand Viertel,train,DSC2031,quarter_suffix_removed,.jpg,1824,1824,3
img_b06a81b1e5137d67,Finaler Zustand Viertel/_DSC2031_q3.JPG,Finaler Zustand Viertel,train,DSC2031,quarter_suffix_removed,.jpg,1824,1824,3
img_3fe4f832df49f3cf,Finaler Zustand Viertel/_DSC2031_q4.JPG,Finaler Zustand Viertel,train,DSC2031,quarter_suffix_removed,.jpg,1824,1824,3
img_95c24c090257247d,Finaler Zustand Viertel/_DSC2032_q4.JPG,Finaler Zustand Viertel,train,DSC2032,quarter_suffix_removed,.jpg,1824,1824,3
img_53cbe0e1812594df,Finaler Zustand Viertel/_DSC2156_q2.JPG,Finaler Zustand Viertel,test,DSC2156,quarter_suffix_removed,.jpg,1824,1824,3
img_7a3b1f556fcfad05,Finaler Zustand Viertel/_DSC2156_q3.JPG,Finaler Zustand Viertel,test,DSC2156,quarter_suffix_removed,.jpg,1824,1824,3
img_c985b41d2757fb94,Finaler Zustand Viertel/_DSC2156_q4.JPG,Finaler Zustand Viertel,test,DSC2156,quarter_suffix_removed,.jpg,1824,1824,3
img_76ec7a9b1f7f10d9,Finaler Zustand Viertel/_DSC2157_q4.JPG,Finaler Zustand Viertel,train,DSC2157,quarter_suffix_removed,.jpg,1824,1824,3
img_eae718226d81bf54,Finaler Zustand Viertel/_DSC2158_q2.JPG,Finaler Zustand Viertel,train,DSC2158,quarter_suffix_removed,.jpg,1824,1824,3
img_27eec35acad532ed,Finaler Zustand Viertel/_DSC2158_q3.JPG,Finaler Zustand Viertel,train,DSC2158,quarter_suffix_removed,.jpg,1824,1824,3
img_b848e8bb2dabd998,Finaler Zustand Viertel/_DSC2158_q4.JPG,Finaler Zustand Viertel,train,DSC2158,quarter_suffix_removed,.jpg,1824,1824,3
img_ec65ac32e06a0039,Finaler Zustand Viertel/_DSC2159_q1.JPG,Finaler Zustand Viertel,val,DSC2159,quarter_suffix_removed,.jpg,1824,1824,3
img_d985189ab2d41030,Finaler Zustand Viertel/_DSC2159_q2.JPG,Finaler Zustand Viertel,val,DSC2159,quarter_suffix_removed,.jpg,1824,1824,3
img_4a5c590baf3b6776,Finaler Zustand Viertel/_DSC2159_q3.JPG,Finaler Zustand Viertel,val,DSC2159,quarter_suffix_removed,.jpg,1824,1824,3
img_5161e0910c189b3d,Finaler Zustand Viertel/_DSC2159_q4.JPG,Finaler Zustand Viertel,val,DSC2159,quarter_suffix_removed,.jpg,1824,1824,3
img_214f0deaff169c82,Finaler Zustand Viertel/_DSC2160_q3.JPG,Finaler Zustand Viertel,train,DSC2160,quarter_suffix_removed,.jpg,1824,1824,3
img_90ff27b6d6cf7ce0,Finaler Zustand Viertel/_DSC2160_q4.JPG,Finaler Zustand Viertel,train,DSC2160,quarter_suffix_removed,.jpg,1824,1824,3
img_72dde9c2dfde6c6e,Finaler Zustand Viertel/_DSC2161_q1.JPG,Finaler Zustand Viertel,train,DSC2161,quarter_suffix_removed,.jpg,1824,1824,3
img_065405b7bcd67b57,Finaler Zustand Viertel/_DSC2161_q2.JPG,Finaler Zustand Viertel,train,DSC2161,quarter_suffix_removed,.jpg,1824,1824,3
img_7bfb95063536e554,Finaler Zustand Viertel/_DSC2161_q3.JPG,Finaler Zustand Viertel,train,DSC2161,quarter_suffix_removed,.jpg,1824,1824,3
img_03d4a31bee08444c,Finaler Zustand Viertel/_DSC2162_q1.JPG,Finaler Zustand Viertel,train,DSC2162,quarter_suffix_removed,.jpg,1824,1824,3
img_c8535c64d6cd38e1,Finaler Zustand Viertel/_DSC2162_q2.JPG,Finaler Zustand Viertel,train,DSC2162,quarter_suffix_removed,.jpg,1824,1824,3
img_80e7dbdbe5daf0e2,Finaler Zustand Viertel/_DSC2162_q4.JPG,Finaler Zustand Viertel,train,DSC2162,quarter_suffix_removed,.jpg,1824,1824,3
img_66415a5edc239307,Finaler Zustand Viertel/_DSC2163_q1.JPG,Finaler Zustand Viertel,train,DSC2163,quarter_suffix_removed,.jpg,1824,1824,3
img_01c3bdc268e9df45,Finaler Zustand Viertel/_DSC2163_q2.JPG,Finaler Zustand Viertel,train,DSC2163,quarter_suffix_removed,.jpg,1824,1824,3
img_8d8d365c6bd6a578,Finaler Zustand Viertel/_DSC2163_q3.JPG,Finaler Zustand Viertel,train,DSC2163,quarter_suffix_removed,.jpg,1824,1824,3
img_97f8c3df981c85d7,Finaler Zustand Viertel/_DSC2163_q4.JPG,Finaler Zustand Viertel,train,DSC2163,quarter_suffix_removed,.jpg,1824,1824,3
img_a4c03adf001f9c70,Finaler Zustand Viertel/_DSC2164_q1.JPG,Finaler Zustand Viertel,train,DSC2164,quarter_suffix_removed,.jpg,1824,1824,3
img_ad9671792905fef1,Finaler Zustand Viertel/_DSC2164_q3.JPG,Finaler Zustand Viertel,train,DSC2164,quarter_suffix_removed,.jpg,1824,1824,3
img_e01f8ad86d9f64d5,Finaler Zustand Viertel/_DSC2164_q4.JPG,Finaler Zustand Viertel,train,DSC2164,quarter_suffix_removed,.jpg,1824,1824,3
img_d7c2bd681e58d246,Finaler Zustand Viertel/_DSC2165_q1.JPG,Finaler Zustand Viertel,train,DSC2165,quarter_suffix_removed,.jpg,1824,1824,3
img_46c1496aa6f816a2,Finaler Zustand Viertel/_DSC2165_q2.JPG,Finaler Zustand Viertel,train,DSC2165,quarter_suffix_removed,.jpg,1824,1824,3
img_2054cf04164f4206,Finaler Zustand Viertel/_DSC2165_q3.JPG,Finaler Zustand Viertel,train,DSC2165,quarter_suffix_removed,.jpg,1824,1824,3
img_4049cd4d2d626680,Finaler Zustand Viertel/_DSC2165_q4.JPG,Finaler Zustand Viertel,train,DSC2165,quarter_suffix_removed,.jpg,1824,1824,3
img_21b2ff21575edb8f,Finaler Zustand Viertel/_DSC2166_q1.JPG,Finaler Zustand Viertel,train,DSC2166,quarter_suffix_removed,.jpg,1824,1824,3
img_5bc9497c446dc20b,Finaler Zustand Viertel/_DSC2166_q2.JPG,Finaler Zustand Viertel,train,DSC2166,quarter_suffix_removed,.jpg,1824,1824,3
img_f29c0ca7cbe4de98,Finaler Zustand Viertel/_DSC2167_q1.JPG,Finaler Zustand Viertel,train,DSC2167,quarter_suffix_removed,.jpg,1824,1824,3
img_1ce3c8d4e60055d3,Finaler Zustand Viertel/_DSC2167_q2.JPG,Finaler Zustand Viertel,train,DSC2167,quarter_suffix_removed,.jpg,1824,1824,3
img_76005fb47884e50c,Finaler Zustand Viertel/_DSC2167_q3.JPG,Finaler Zustand Viertel,train,DSC2167,quarter_suffix_removed,.jpg,1824,1824,3
img_cd2179de97c82ff6,Finaler Zustand Viertel/_DSC2167_q4.JPG,Finaler Zustand Viertel,train,DSC2167,quarter_suffix_removed,.jpg,1824,1824,3
img_44e816d15bf61815,Finaler Zustand Viertel/_DSC2168_q1.JPG,Finaler Zustand Viertel,val,DSC2168,quarter_suffix_removed,.jpg,1824,1824,3
img_77844994d69325fc,Finaler Zustand Viertel/_DSC2168_q3.JPG,Finaler Zustand Viertel,val,DSC2168,quarter_suffix_removed,.jpg,1824,1824,3
img_e2164d0e6a467269,Finaler Zustand Viertel/_DSC2168_q4.JPG,Finaler Zustand Viertel,val,DSC2168,quarter_suffix_removed,.jpg,1824,1824,3
img_e0749e5ecadf5442,Finaler Zustand Viertel/_DSC2169_q1.JPG,Finaler Zustand Viertel,train,DSC2169,quarter_suffix_removed,.jpg,1824,1824,3
img_ed35d9529c492f23,Finaler Zustand Viertel/_DSC2169_q2.JPG,Finaler Zustand Viertel,train,DSC2169,quarter_suffix_removed,.jpg,1824,1824,3
img_4cea728fb686bb36,Finaler Zustand Viertel/_DSC2169_q3.JPG,Finaler Zustand Viertel,train,DSC2169,quarter_suffix_removed,.jpg,1824,1824,3
img_11a14a34ba2ae339,Finaler Zustand Viertel/_DSC2169_q4.JPG,Finaler Zustand Viertel,train,DSC2169,quarter_suffix_removed,.jpg,1824,1824,3
img_3714294bf7976629,Finaler Zustand Viertel/_DSC2170_q1.JPG,Finaler Zustand Viertel,test,DSC2170,quarter_suffix_removed,.jpg,1824,1824,3
img_a243843c9b7a5519,Finaler Zustand Viertel/_DSC2170_q2.JPG,Finaler Zustand Viertel,test,DSC2170,quarter_suffix_removed,.jpg,1824,1824,3
img_2447f48438171830,Finaler Zustand Viertel/_DSC2170_q3.JPG,Finaler Zustand Viertel,test,DSC2170,quarter_suffix_removed,.jpg,1824,1824,3
img_ac53eda8dd75f2bf,Finaler Zustand Viertel/_DSC2170_q4.JPG,Finaler Zustand Viertel,test,DSC2170,quarter_suffix_removed,.jpg,1824,1824,3
img_a906af614553b214,Finaler Zustand Viertel/_DSC2171_q1.JPG,Finaler Zustand Viertel,train,DSC2171,quarter_suffix_removed,.jpg,1824,1824,3
img_a728076d615d96b6,Finaler Zustand Viertel/_DSC2171_q2.JPG,Finaler Zustand Viertel,train,DSC2171,quarter_suffix_removed,.jpg,1824,1824,3
img_bd1d41bbdb4f3b1c,Finaler Zustand Viertel/_DSC2171_q3.JPG,Finaler Zustand Viertel,train,DSC2171,quarter_suffix_removed,.jpg,1824,1824,3
img_d45ed0f96a6de4a0,Finaler Zustand Viertel/_DSC2172_q1.JPG,Finaler Zustand Viertel,train,DSC2172,quarter_suffix_removed,.jpg,1824,1824,3
img_d87b6051477f9026,Finaler Zustand Viertel/_DSC2172_q2.JPG,Finaler Zustand Viertel,train,DSC2172,quarter_suffix_removed,.jpg,1824,1824,3
img_ecf5cf3b236426ab,Finaler Zustand Viertel/_DSC2172_q3.JPG,Finaler Zustand Viertel,train,DSC2172,quarter_suffix_removed,.jpg,1824,1824,3
img_39e05706acada55a,Finaler Zustand Viertel/_DSC2172_q4.JPG,Finaler Zustand Viertel,train,DSC2172,quarter_suffix_removed,.jpg,1824,1824,3
img_de7754eb7d3fe370,Finaler Zustand Viertel/_DSC2173_q3.JPG,Finaler Zustand Viertel,train,DSC2173,quarter_suffix_removed,.jpg,1824,1824,3
img_7b526c9b5d159739,Finaler Zustand Viertel/_DSC2174_q1.JPG,Finaler Zustand Viertel,val,DSC2174,quarter_suffix_removed,.jpg,1824,1824,3
img_79fda842f5de737d,Finaler Zustand Viertel/_DSC2175_q1.JPG,Finaler Zustand Viertel,train,DSC2175,quarter_suffix_removed,.jpg,1824,1824,3
img_b489fb682d4bd74e,Finaler Zustand Viertel/_DSC2175_q2.JPG,Finaler Zustand Viertel,train,DSC2175,quarter_suffix_removed,.jpg,1824,1824,3
img_b984d5d902e4cec6,Finaler Zustand Viertel/_DSC2176_q4.JPG,Finaler Zustand Viertel,train,DSC2176,quarter_suffix_removed,.jpg,1824,1824,3
img_1c6ab5322640554c,Finaler Zustand Viertel/_DSC2177_q2.JPG,Finaler Zustand Viertel,val,DSC2177,quarter_suffix_removed,.jpg,1824,1824,3
img_89abc9e02c1256a2,Finaler Zustand Viertel/_DSC2177_q4.JPG,Finaler Zustand Viertel,val,DSC2177,quarter_suffix_removed,.jpg,1824,1824,3
img_a5d5beeabbfd3982,Finaler Zustand Viertel/_DSC2178_q2.JPG,Finaler Zustand Viertel,test,DSC2178,quarter_suffix_removed,.jpg,1824,1824,3
img_29e4264688eccf66,Finaler Zustand Viertel/_DSC2178_q3.JPG,Finaler Zustand Viertel,test,DSC2178,quarter_suffix_removed,.jpg,1824,1824,3
img_d9672c0f90d7520b,Finaler Zustand Viertel/_DSC2178_q4.JPG,Finaler Zustand Viertel,test,DSC2178,quarter_suffix_removed,.jpg,1824,1824,3
img_2c9e94efefb9ba42,Finaler Zustand Viertel/_DSC2179_q1.JPG,Finaler Zustand Viertel,val,DSC2179,quarter_suffix_removed,.jpg,1824,1824,3
img_1a54b50dbb4d8ded,Finaler Zustand Viertel/_DSC2179_q2.JPG,Finaler Zustand Viertel,val,DSC2179,quarter_suffix_removed,.jpg,1824,1824,3
img_0eb638943cc8b3ea,Finaler Zustand Viertel/_DSC2179_q3.JPG,Finaler Zustand Viertel,val,DSC2179,quarter_suffix_removed,.jpg,1824,1824,3
img_eef1ac29dade12ad,Finaler Zustand Viertel/_DSC2179_q4.JPG,Finaler Zustand Viertel,val,DSC2179,quarter_suffix_removed,.jpg,1824,1824,3
img_8df24c265614ada8,Finaler Zustand Viertel/_DSC2180_q1.JPG,Finaler Zustand Viertel,train,DSC2180,quarter_suffix_removed,.jpg,1824,1824,3
img_f91bf39c9aca381f,Finaler Zustand Viertel/_DSC2180_q2.JPG,Finaler Zustand Viertel,train,DSC2180,quarter_suffix_removed,.jpg,1824,1824,3
img_4b28127abf0226bb,Finaler Zustand Viertel/_DSC2180_q3.JPG,Finaler Zustand Viertel,train,DSC2180,quarter_suffix_removed,.jpg,1824,1824,3
img_374833906ffb21af,Finaler Zustand Viertel/_DSC2182_q2.JPG,Finaler Zustand Viertel,train,DSC2182,quarter_suffix_removed,.jpg,1824,1824,3
img_ead484044aee9130,Finaler Zustand Viertel/_DSC2182_q4.JPG,Finaler Zustand Viertel,train,DSC2182,quarter_suffix_removed,.jpg,1824,1824,3
img_587ce8a6e8b5d961,Finaler Zustand Viertel/_DSC2183_q1.JPG,Finaler Zustand Viertel,train,DSC2183,quarter_suffix_removed,.jpg,1824,1824,3
img_1d9dc1cf59b9af37,Finaler Zustand Viertel/_DSC2183_q2.JPG,Finaler Zustand Viertel,train,DSC2183,quarter_suffix_removed,.jpg,1824,1824,3
img_44bf54e38695c0ad,Finaler Zustand Viertel/_DSC2183_q3.JPG,Finaler Zustand Viertel,train,DSC2183,quarter_suffix_removed,.jpg,1824,1824,3
img_675db69a89e95847,Finaler Zustand Viertel/_DSC2183_q4.JPG,Finaler Zustand Viertel,train,DSC2183,quarter_suffix_removed,.jpg,1824,1824,3
img_589b9bc59107fce6,Finaler Zustand Viertel/_DSC2184_q1.JPG,Finaler Zustand Viertel,train,DSC2184,quarter_suffix_removed,.jpg,1824,1824,3
img_368fb252b1aeb7f9,Finaler Zustand Viertel/_DSC2184_q2.JPG,Finaler Zustand Viertel,train,DSC2184,quarter_suffix_removed,.jpg,1824,1824,3
img_dfbb1b272234035a,Finaler Zustand Viertel/_DSC2184_q3.JPG,Finaler Zustand Viertel,train,DSC2184,quarter_suffix_removed,.jpg,1824,1824,3
img_d60fd7d8832f0428,Finaler Zustand Viertel/_DSC2184_q4.JPG,Finaler Zustand Viertel,train,DSC2184,quarter_suffix_removed,.jpg,1824,1824,3
img_be3cb2dc8d69b6fe,Finaler Zustand Viertel/_DSC2185_q1.JPG,Finaler Zustand Viertel,train,DSC2185,quarter_suffix_removed,.jpg,1824,1824,3
img_1064fa4b2f7dc5a1,Finaler Zustand Viertel/_DSC2185_q2.JPG,Finaler Zustand Viertel,train,DSC2185,quarter_suffix_removed,.jpg,1824,1824,3
img_d5f0e08646b65a27,Finaler Zustand Viertel/_DSC2185_q3.JPG,Finaler Zustand Viertel,train,DSC2185,quarter_suffix_removed,.jpg,1824,1824,3
img_630ca10c50ae23bd,Finaler Zustand Viertel/_DSC2185_q4.JPG,Finaler Zustand Viertel,train,DSC2185,quarter_suffix_removed,.jpg,1824,1824,3
img_90faade0d93c6745,Finaler Zustand Viertel/_DSC2186_q1.JPG,Finaler Zustand Viertel,train,DSC2186,quarter_suffix_removed,.jpg,1824,1824,3
img_399b711862eab62c,Finaler Zustand Viertel/_DSC2186_q2.JPG,Finaler Zustand Viertel,train,DSC2186,quarter_suffix_removed,.jpg,1824,1824,3
img_77ff14af750f25f7,Finaler Zustand Viertel/_DSC2186_q3.JPG,Finaler Zustand Viertel,train,DSC2186,quarter_suffix_removed,.jpg,1824,1824,3
img_727c50d2c685404a,Finaler Zustand Viertel/_DSC2186_q4.JPG,Finaler Zustand Viertel,train,DSC2186,quarter_suffix_removed,.jpg,1824,1824,3
img_ae58f34d6531b764,Finaler Zustand Viertel/_DSC2187_q1.JPG,Finaler Zustand Viertel,test,DSC2187,quarter_suffix_removed,.jpg,1824,1824,3
img_4222249d0ea7c881,Finaler Zustand Viertel/_DSC2187_q2.JPG,Finaler Zustand Viertel,test,DSC2187,quarter_suffix_removed,.jpg,1824,1824,3
img_7f0b02ccd4c99086,Finaler Zustand Viertel/_DSC2187_q3.JPG,Finaler Zustand Viertel,test,DSC2187,quarter_suffix_removed,.jpg,1824,1824,3
img_f19b10b1a1a740a2,Finaler Zustand Viertel/_DSC2187_q4.JPG,Finaler Zustand Viertel,test,DSC2187,quarter_suffix_removed,.jpg,1824,1824,3
img_5bfc1cca092d9d21,Finaler Zustand Viertel/_DSC2188_q1.JPG,Finaler Zustand Viertel,val,DSC2188,quarter_suffix_removed,.jpg,1824,1824,3
img_db41a411f1e79523,Finaler Zustand Viertel/_DSC2188_q2.JPG,Finaler Zustand Viertel,val,DSC2188,quarter_suffix_removed,.jpg,1824,1824,3
img_c722d12a9da09c1c,Finaler Zustand Viertel/_DSC2188_q3.JPG,Finaler Zustand Viertel,val,DSC2188,quarter_suffix_removed,.jpg,1824,1824,3
img_c82bc3870d2346f6,Finaler Zustand Viertel/_DSC2188_q4.JPG,Finaler Zustand Viertel,val,DSC2188,quarter_suffix_removed,.jpg,1824,1824,3
img_1066c553c28eed14,Finaler Zustand Viertel/_DSC2189_q1.JPG,Finaler Zustand Viertel,train,DSC2189,quarter_suffix_removed,.jpg,1824,1824,3
img_cf9d4a3a5517b5ba,Finaler Zustand Viertel/_DSC2189_q2.JPG,Finaler Zustand Viertel,train,DSC2189,quarter_suffix_removed,.jpg,1824,1824,3
img_76d630e1ec919f90,Finaler Zustand Viertel/_DSC2189_q3.JPG,Finaler Zustand Viertel,train,DSC2189,quarter_suffix_removed,.jpg,1824,1824,3
img_8de4346e5012dd12,Finaler Zustand Viertel/_DSC2189_q4.JPG,Finaler Zustand Viertel,train,DSC2189,quarter_suffix_removed,.jpg,1824,1824,3
img_747c248c4cdae480,Finaler Zustand Viertel/_DSC2190_q1.JPG,Finaler Zustand Viertel,train,DSC2190,quarter_suffix_removed,.jpg,1824,1824,3
img_e6496441724a9292,Finaler Zustand Viertel/_DSC2190_q2.JPG,Finaler Zustand Viertel,train,DSC2190,quarter_suffix_removed,.jpg,1824,1824,3
img_07a30b30af3aa49d,Finaler Zustand Viertel/_DSC2190_q3.JPG,Finaler Zustand Viertel,train,DSC2190,quarter_suffix_removed,.jpg,1824,1824,3
img_6604f4ac1dc62598,Finaler Zustand Viertel/_DSC2190_q4.JPG,Finaler Zustand Viertel,train,DSC2190,quarter_suffix_removed,.jpg,1824,1824,3
img_7c10981411bce7a8,Finaler Zustand Viertel/_DSC2191_q1.JPG,Finaler Zustand Viertel,train,DSC2191,quarter_suffix_removed,.jpg,1824,1824,3
img_2fa2ef9b38723906,Finaler Zustand Viertel/_DSC2191_q2.JPG,Finaler Zustand Viertel,train,DSC2191,quarter_suffix_removed,.jpg,1824,1824,3
img_04ee200457e2dd97,Finaler Zustand Viertel/_DSC2191_q3.JPG,Finaler Zustand Viertel,train,DSC2191,quarter_suffix_removed,.jpg,1824,1824,3
img_818ecfc9ee73ebeb,Finaler Zustand Viertel/_DSC2191_q4.JPG,Finaler Zustand Viertel,train,DSC2191,quarter_suffix_removed,.jpg,1824,1824,3
img_b5fcd8d8d428458a,Finaler Zustand Viertel/_DSC2192_q1.JPG,Finaler Zustand Viertel,test,DSC2192,quarter_suffix_removed,.jpg,1824,1824,3
img_277eadece1a655d5,Finaler Zustand Viertel/_DSC2192_q3.JPG,Finaler Zustand Viertel,test,DSC2192,quarter_suffix_removed,.jpg,1824,1824,3
img_14cd8879ca40a225,Finaler Zustand Viertel/_DSC2193_q1.JPG,Finaler Zustand Viertel,train,DSC2193,quarter_suffix_removed,.jpg,1824,1824,3
img_dba3c503349c22e1,Finaler Zustand Viertel/_DSC2193_q2.JPG,Finaler Zustand Viertel,train,DSC2193,quarter_suffix_removed,.jpg,1824,1824,3
img_856d44353446271a,Finaler Zustand Viertel/_DSC2193_q4.JPG,Finaler Zustand Viertel,train,DSC2193,quarter_suffix_removed,.jpg,1824,1824,3
img_9390d74171d95d45,Finaler Zustand Viertel/_DSC2194_q1.JPG,Finaler Zustand Viertel,train,DSC2194,quarter_suffix_removed,.jpg,1824,1824,3
img_82863840312b71b8,Finaler Zustand Viertel/_DSC2194_q3.JPG,Finaler Zustand Viertel,train,DSC2194,quarter_suffix_removed,.jpg,1824,1824,3
img_5cf436d5a165e069,Finaler Zustand Viertel/_DSC2194_q4.JPG,Finaler Zustand Viertel,train,DSC2194,quarter_suffix_removed,.jpg,1824,1824,3
img_b414ad3d2a0ee1b4,Finaler Zustand Viertel/_DSC2195_q1.JPG,Finaler Zustand Viertel,train,DSC2195,quarter_suffix_removed,.jpg,1824,1824,3
img_96ef97650a2a4e04,Finaler Zustand Viertel/_DSC2195_q2.JPG,Finaler Zustand Viertel,train,DSC2195,quarter_suffix_removed,.jpg,1824,1824,3
img_e4d9ebf1d74b306d,Finaler Zustand Viertel/_DSC2195_q3.JPG,Finaler Zustand Viertel,train,DSC2195,quarter_suffix_removed,.jpg,1824,1824,3
img_b2bb1335c9aad1df,Finaler Zustand Viertel/_DSC2195_q4.JPG,Finaler Zustand Viertel,train,DSC2195,quarter_suffix_removed,.jpg,1824,1824,3
img_a1a7096123637841,Finaler Zustand Viertel/_DSC2196_q1.JPG,Finaler Zustand Viertel,train,DSC2196,quarter_suffix_removed,.jpg,1824,1824,3
img_d578cbd2faff39f4,Finaler Zustand Viertel/_DSC2196_q2.JPG,Finaler Zustand Viertel,train,DSC2196,quarter_suffix_removed,.jpg,1824,1824,3
img_481791e9a8f40a31,Finaler Zustand Viertel/_DSC2196_q3.JPG,Finaler Zustand Viertel,train,DSC2196,quarter_suffix_removed,.jpg,1824,1824,3
img_7e8ed72dfd37d9d7,Finaler Zustand Viertel/_DSC2197_q1.JPG,Finaler Zustand Viertel,test,DSC2197,quarter_suffix_removed,.jpg,1824,1824,3
img_a7d799b415f057bf,Finaler Zustand Viertel/_DSC2197_q2.JPG,Finaler Zustand Viertel,test,DSC2197,quarter_suffix_removed,.jpg,1824,1824,3
img_f3894b23dfcb929c,Finaler Zustand Viertel/_DSC2197_q3.JPG,Finaler Zustand Viertel,test,DSC2197,quarter_suffix_removed,.jpg,1824,1824,3
img_11d6f95a846dcac2,Finaler Zustand Viertel/_DSC2197_q4.JPG,Finaler Zustand Viertel,test,DSC2197,quarter_suffix_removed,.jpg,1824,1824,3
img_dcb78b6967367b84,Finaler Zustand Viertel/_DSC2198_q2.JPG,Finaler Zustand Viertel,val,DSC2198,quarter_suffix_removed,.jpg,1824,1824,3
img_267ca92d7f49ed81,Finaler Zustand Viertel/_DSC2198_q3.JPG,Finaler Zustand Viertel,val,DSC2198,quarter_suffix_removed,.jpg,1824,1824,3
img_ea14e2dbc2c558b7,Finaler Zustand Viertel/_DSC2198_q4.JPG,Finaler Zustand Viertel,val,DSC2198,quarter_suffix_removed,.jpg,1824,1824,3
img_ad1fabb4a28a303d,Finaler Zustand Viertel/_DSC2199_q1.JPG,Finaler Zustand Viertel,train,DSC2199,quarter_suffix_removed,.jpg,1824,1824,3
img_28a7f18ad9310f62,Finaler Zustand Viertel/_DSC2199_q2.JPG,Finaler Zustand Viertel,train,DSC2199,quarter_suffix_removed,.jpg,1824,1824,3
img_5be6277d37c52143,Finaler Zustand Viertel/_DSC2199_q3.JPG,Finaler Zustand Viertel,train,DSC2199,quarter_suffix_removed,.jpg,1824,1824,3
img_afffd5e115e3b6e7,Finaler Zustand Viertel/_DSC2199_q4.JPG,Finaler Zustand Viertel,train,DSC2199,quarter_suffix_removed,.jpg,1824,1824,3
img_44945dec8478fc11,Finaler Zustand Viertel/_DSC2200_q2.JPG,Finaler Zustand Viertel,train,DSC2200,quarter_suffix_removed,.jpg,1824,1824,3
img_ef4f27f7d77249b0,Finaler Zustand Viertel/_DSC2200_q3.JPG,Finaler Zustand Viertel,train,DSC2200,quarter_suffix_removed,.jpg,1824,1824,3
img_6ca46336a9149f3c,Finaler Zustand Viertel/_DSC2200_q4.JPG,Finaler Zustand Viertel,train,DSC2200,quarter_suffix_removed,.jpg,1824,1824,3
img_e3c1a9cd85360d96,Finaler Zustand Viertel/_DSC2202_q1.JPG,Finaler Zustand Viertel,train,DSC2202,quarter_suffix_removed,.jpg,1824,1824,3
img_2c1e383e058dff5d,Finaler Zustand Viertel/_DSC2202_q2.JPG,Finaler Zustand Viertel,train,DSC2202,quarter_suffix_removed,.jpg,1824,1824,3
img_d9acaf87af4a54ee,Finaler Zustand Viertel/_DSC2203_q2.JPG,Finaler Zustand Viertel,train,DSC2203,quarter_suffix_removed,.jpg,1824,1824,3
img_e3fea50c94040766,Finaler Zustand Viertel/_DSC2203_q4.JPG,Finaler Zustand Viertel,train,DSC2203,quarter_suffix_removed,.jpg,1824,1824,3
img_1bac1658ce34c6cc,Finaler Zustand Viertel/_DSC2205_q1.JPG,Finaler Zustand Viertel,test,DSC2205,quarter_suffix_removed,.jpg,1824,1824,3
img_eef7c283ebbbbe63,Finaler Zustand Viertel/_DSC2205_q3.JPG,Finaler Zustand Viertel,test,DSC2205,quarter_suffix_removed,.jpg,1824,1824,3
img_0d7ddd0e930665b1,Finaler Zustand Viertel/_DSC2205_q4.JPG,Finaler Zustand Viertel,test,DSC2205,quarter_suffix_removed,.jpg,1824,1824,3
img_21268541e5b0437b,Finaler Zustand Viertel/_DSC2206_q1.JPG,Finaler Zustand Viertel,train,DSC2206,quarter_suffix_removed,.jpg,1824,1824,3
img_d1da2f84fe555299,Finaler Zustand Viertel/_DSC2206_q3.JPG,Finaler Zustand Viertel,train,DSC2206,quarter_suffix_removed,.jpg,1824,1824,3
img_dd4ae11e47a4b89d,Finaler Zustand Viertel/_DSC2206_q4.JPG,Finaler Zustand Viertel,train,DSC2206,quarter_suffix_removed,.jpg,1824,1824,3
img_060f5477315bc354,Finaler Zustand Viertel/_DSC2207_q2.JPG,Finaler Zustand Viertel,train,DSC2207,quarter_suffix_removed,.jpg,1824,1824,3
img_91306da7c1f5a4f5,Finaler Zustand Viertel/_DSC2207_q3.JPG,Finaler Zustand Viertel,train,DSC2207,quarter_suffix_removed,.jpg,1824,1824,3
img_62677dbe8851c0db,Finaler Zustand Viertel/_DSC2207_q4.JPG,Finaler Zustand Viertel,train,DSC2207,quarter_suffix_removed,.jpg,1824,1824,3
img_d9a6c6b771eaf744,Finaler Zustand Viertel/_DSC2208_q1.JPG,Finaler Zustand Viertel,val,DSC2208,quarter_suffix_removed,.jpg,1824,1824,3
img_dbecfc9d53fdaae3,Finaler Zustand Viertel/_DSC2208_q2.JPG,Finaler Zustand Viertel,val,DSC2208,quarter_suffix_removed,.jpg,1824,1824,3
img_9e8634592aa0687e,Finaler Zustand Viertel/_DSC2208_q3.JPG,Finaler Zustand Viertel,val,DSC2208,quarter_suffix_removed,.jpg,1824,1824,3
img_82598ec95130b539,Finaler Zustand Viertel/_DSC2208_q4.JPG,Finaler Zustand Viertel,val,DSC2208,quarter_suffix_removed,.jpg,1824,1824,3
img_3d3b65895b6ac6b7,Finaler Zustand Viertel/_DSC2209_q1.JPG,Finaler Zustand Viertel,train,DSC2209,quarter_suffix_removed,.jpg,1824,1824,3
img_4856101a2d7095df,Finaler Zustand Viertel/_DSC2209_q2.JPG,Finaler Zustand Viertel,train,DSC2209,quarter_suffix_removed,.jpg,1824,1824,3
img_35f36318bc521fbc,Finaler Zustand Viertel/_DSC2209_q3.JPG,Finaler Zustand Viertel,train,DSC2209,quarter_suffix_removed,.jpg,1824,1824,3
img_9efa3f014bb86119,Finaler Zustand Viertel/_DSC2209_q4.JPG,Finaler Zustand Viertel,train,DSC2209,quarter_suffix_removed,.jpg,1824,1824,3
img_74d0e616e378b0ea,Finaler Zustand Viertel/_DSC2210_q1.JPG,Finaler Zustand Viertel,train,DSC2210,quarter_suffix_removed,.jpg,1824,1824,3
img_38df35a330a27c64,Finaler Zustand Viertel/_DSC2210_q2.JPG,Finaler Zustand Viertel,train,DSC2210,quarter_suffix_removed,.jpg,1824,1824,3
img_e17e03f2bc0a68d1,Finaler Zustand Viertel/_DSC2210_q3.JPG,Finaler Zustand Viertel,train,DSC2210,quarter_suffix_removed,.jpg,1824,1824,3
img_595264027e4f8cf6,Finaler Zustand Viertel/_DSC2210_q4.JPG,Finaler Zustand Viertel,train,DSC2210,quarter_suffix_removed,.jpg,1824,1824,3
img_947c97088fbcd447,Finaler Zustand Viertel/_DSC2211_q1.JPG,Finaler Zustand Viertel,train,DSC2211,quarter_suffix_removed,.jpg,1824,1824,3
img_6fd8612b10f08c31,Finaler Zustand Viertel/_DSC2211_q2.JPG,Finaler Zustand Viertel,train,DSC2211,quarter_suffix_removed,.jpg,1824,1824,3
img_4cb2145e28104220,Finaler Zustand Viertel/_DSC2211_q3.JPG,Finaler Zustand Viertel,train,DSC2211,quarter_suffix_removed,.jpg,1824,1824,3
img_0809117ec1b5edbc,Finaler Zustand Viertel/_DSC2211_q4.JPG,Finaler Zustand Viertel,train,DSC2211,quarter_suffix_removed,.jpg,1824,1824,3
img_cb28fb24ca0090ce,Finaler Zustand Viertel/_DSC2212_q1.JPG,Finaler Zustand Viertel,train,DSC2212,quarter_suffix_removed,.jpg,1824,1824,3
img_5577ab74072ec486,Finaler Zustand Viertel/_DSC2212_q2.JPG,Finaler Zustand Viertel,train,DSC2212,quarter_suffix_removed,.jpg,1824,1824,3
img_4601d5afc4f5882c,Finaler Zustand Viertel/_DSC2212_q3.JPG,Finaler Zustand Viertel,train,DSC2212,quarter_suffix_removed,.jpg,1824,1824,3
img_b7297aa6cbf9d87d,Finaler Zustand Viertel/_DSC2212_q4.JPG,Finaler Zustand Viertel,train,DSC2212,quarter_suffix_removed,.jpg,1824,1824,3
img_5669a48158ed0853,Finaler Zustand Viertel/_DSC2213_q1.JPG,Finaler Zustand Viertel,test,DSC2213,quarter_suffix_removed,.jpg,1824,1824,3
img_de039ac1bb3d4084,Finaler Zustand Viertel/_DSC2213_q2.JPG,Finaler Zustand Viertel,test,DSC2213,quarter_suffix_removed,.jpg,1824,1824,3
img_6716f2ac58e458d0,Finaler Zustand Viertel/_DSC2213_q3.JPG,Finaler Zustand Viertel,test,DSC2213,quarter_suffix_removed,.jpg,1824,1824,3
img_bdb4edadefabdd9e,Finaler Zustand Viertel/_DSC2213_q4.JPG,Finaler Zustand Viertel,test,DSC2213,quarter_suffix_removed,.jpg,1824,1824,3
img_650aae812f13bdf0,Finaler Zustand Viertel/_DSC2329_q3.JPG,Finaler Zustand Viertel,train,DSC2329,quarter_suffix_removed,.jpg,1824,1824,3
img_599b28b02cc00f13,Finaler Zustand Viertel/_DSC2329_q4.JPG,Finaler Zustand Viertel,train,DSC2329,quarter_suffix_removed,.jpg,1824,1824,3
img_86c84303dad94b4d,Finaler Zustand Viertel/_DSC2330_q3.JPG,Finaler Zustand Viertel,test,DSC2330,quarter_suffix_removed,.jpg,1824,1824,3
img_8388e61043b17e2a,Finaler Zustand Viertel/_DSC2330_q4.JPG,Finaler Zustand Viertel,test,DSC2330,quarter_suffix_removed,.jpg,1824,1824,3
img_eb92169bacc369ca,Finaler Zustand Viertel/_DSC2331_q1.JPG,Finaler Zustand Viertel,val,DSC2331,quarter_suffix_removed,.jpg,1824,1824,3
img_9ce99dd2a35138e7,Finaler Zustand Viertel/_DSC2331_q2.JPG,Finaler Zustand Viertel,val,DSC2331,quarter_suffix_removed,.jpg,1824,1824,3
img_ee93e4c2cea2ba31,Finaler Zustand Viertel/_DSC2331_q3.JPG,Finaler Zustand Viertel,val,DSC2331,quarter_suffix_removed,.jpg,1824,1824,3
img_8661cb13bae3438b,Finaler Zustand Viertel/_DSC2331_q4.JPG,Finaler Zustand Viertel,val,DSC2331,quarter_suffix_removed,.jpg,1824,1824,3
img_a66afd682e542b7e,Finaler Zustand Viertel/_DSC2332_q1.JPG,Finaler Zustand Viertel,train,DSC2332,quarter_suffix_removed,.jpg,1824,1824,3
img_80fa735b7841b220,Finaler Zustand Viertel/_DSC2332_q2.JPG,Finaler Zustand Viertel,train,DSC2332,quarter_suffix_removed,.jpg,1824,1824,3
img_c256136fb1556c70,Finaler Zustand Viertel/_DSC2332_q3.JPG,Finaler Zustand Viertel,train,DSC2332,quarter_suffix_removed,.jpg,1824,1824,3
img_9d77f4f1e4490096,Finaler Zustand Viertel/_DSC2332_q4.JPG,Finaler Zustand Viertel,train,DSC2332,quarter_suffix_removed,.jpg,1824,1824,3
img_8b35d005d03631f5,Finaler Zustand Viertel/_DSC2333_q1.JPG,Finaler Zustand Viertel,train,DSC2333,quarter_suffix_removed,.jpg,1824,1824,3
img_a2710c348dceda53,Finaler Zustand Viertel/_DSC2333_q2.JPG,Finaler Zustand Viertel,train,DSC2333,quarter_suffix_removed,.jpg,1824,1824,3
img_490d7b0ba5ed27e0,Finaler Zustand Viertel/_DSC2334_q1.JPG,Finaler Zustand Viertel,train,DSC2334,quarter_suffix_removed,.jpg,1824,1824,3
img_7f056ffb3af8d36d,Finaler Zustand Viertel/_DSC2334_q2.JPG,Finaler Zustand Viertel,train,DSC2334,quarter_suffix_removed,.jpg,1824,1824,3
img_c4c0b2c19c5a752b,Finaler Zustand Viertel/_DSC2334_q3.JPG,Finaler Zustand Viertel,train,DSC2334,quarter_suffix_removed,.jpg,1824,1824,3
img_d223071aae55f347,Finaler Zustand Viertel/_DSC2334_q4.JPG,Finaler Zustand Viertel,train,DSC2334,quarter_suffix_removed,.jpg,1824,1824,3
img_9746368d3cd0a822,Finaler Zustand Viertel/_DSC2335_q1.JPG,Finaler Zustand Viertel,train,DSC2335,quarter_suffix_removed,.jpg,1824,1824,3
img_7515f46c58e2771b,Finaler Zustand Viertel/_DSC2335_q2.JPG,Finaler Zustand Viertel,train,DSC2335,quarter_suffix_removed,.jpg,1824,1824,3
img_3728f48231895a54,Finaler Zustand Viertel/_DSC2335_q3.JPG,Finaler Zustand Viertel,train,DSC2335,quarter_suffix_removed,.jpg,1824,1824,3
img_f0c6cdb44b11222a,Finaler Zustand Viertel/_DSC2335_q4.JPG,Finaler Zustand Viertel,train,DSC2335,quarter_suffix_removed,.jpg,1824,1824,3
img_4e8711161b9e5ae3,Finaler Zustand Viertel/_DSC2336_q1.JPG,Finaler Zustand Viertel,train,DSC2336,quarter_suffix_removed,.jpg,1824,1824,3
img_9422342091f69293,Finaler Zustand Viertel/_DSC2336_q2.JPG,Finaler Zustand Viertel,train,DSC2336,quarter_suffix_removed,.jpg,1824,1824,3
img_4521daa0fca8ae90,Finaler Zustand Viertel/_DSC2336_q3.JPG,Finaler Zustand Viertel,train,DSC2336,quarter_suffix_removed,.jpg,1824,1824,3
img_7b6a8f0e2f8d1eb1,Finaler Zustand Viertel/_DSC2336_q4.JPG,Finaler Zustand Viertel,train,DSC2336,quarter_suffix_removed,.jpg,1824,1824,3
img_6a90fd7d6d80d258,Finaler Zustand Viertel/_DSC2337_q1.JPG,Finaler Zustand Viertel,train,DSC2337,quarter_suffix_removed,.jpg,1824,1824,3
img_fb25ab546ce1524f,Finaler Zustand Viertel/_DSC2337_q3.JPG,Finaler Zustand Viertel,train,DSC2337,quarter_suffix_removed,.jpg,1824,1824,3
img_5b3834ff0d989084,Finaler Zustand Viertel/_DSC2337_q4.JPG,Finaler Zustand Viertel,train,DSC2337,quarter_suffix_removed,.jpg,1824,1824,3
img_6df6fc37d2d9b35b,Finaler Zustand Viertel/_DSC2338_q4.JPG,Finaler Zustand Viertel,train,DSC2338,quarter_suffix_removed,.jpg,1824,1824,3
img_a1a93e464fdbc4cc,Finaler Zustand Viertel/_DSC2339_q1.JPG,Finaler Zustand Viertel,train,DSC2339,quarter_suffix_removed,.jpg,1824,1824,3
img_1972c8193e5dc055,Finaler Zustand Viertel/_DSC2339_q2.JPG,Finaler Zustand Viertel,train,DSC2339,quarter_suffix_removed,.jpg,1824,1824,3
img_1ea780bffbe88895,Finaler Zustand Viertel/_DSC2339_q4.JPG,Finaler Zustand Viertel,train,DSC2339,quarter_suffix_removed,.jpg,1824,1824,3
img_2a9aa5ddc3a62808,Finaler Zustand Viertel/_DSC2340_q1.JPG,Finaler Zustand Viertel,train,DSC2340,quarter_suffix_removed,.jpg,1824,1824,3
img_86ce6e1dbcc858f9,Finaler Zustand Viertel/_DSC2340_q2.JPG,Finaler Zustand Viertel,train,DSC2340,quarter_suffix_removed,.jpg,1824,1824,3
img_315db3c813a00e68,Finaler Zustand Viertel/_DSC2340_q3.JPG,Finaler Zustand Viertel,train,DSC2340,quarter_suffix_removed,.jpg,1824,1824,3
img_7d5854194656c66c,Finaler Zustand Viertel/_DSC2340_q4.JPG,Finaler Zustand Viertel,train,DSC2340,quarter_suffix_removed,.jpg,1824,1824,3
img_d59bdd8d6a41ecd1,Finaler Zustand Viertel/_DSC2341_q1.JPG,Finaler Zustand Viertel,test,DSC2341,quarter_suffix_removed,.jpg,1824,1824,3
img_dbafe325e1689297,Finaler Zustand Viertel/_DSC2341_q2.JPG,Finaler Zustand Viertel,test,DSC2341,quarter_suffix_removed,.jpg,1824,1824,3
img_45ac78c7792597f5,Finaler Zustand Viertel/_DSC2341_q3.JPG,Finaler Zustand Viertel,test,DSC2341,quarter_suffix_removed,.jpg,1824,1824,3
img_621673235dfa3471,Finaler Zustand Viertel/_DSC2341_q4.JPG,Finaler Zustand Viertel,test,DSC2341,quarter_suffix_removed,.jpg,1824,1824,3
img_6c44de07aaebbec7,Finaler Zustand Viertel/_DSC2342_q1.JPG,Finaler Zustand Viertel,val,DSC2342,quarter_suffix_removed,.jpg,1824,1824,3
img_f56eedfd66aa78b3,Finaler Zustand Viertel/_DSC2342_q2.JPG,Finaler Zustand Viertel,val,DSC2342,quarter_suffix_removed,.jpg,1824,1824,3
img_6d69c2d5de81250f,Finaler Zustand Viertel/_DSC2342_q3.JPG,Finaler Zustand Viertel,val,DSC2342,quarter_suffix_removed,.jpg,1824,1824,3
img_5f6283ba6ad3a64f,Finaler Zustand Viertel/_DSC2342_q4.JPG,Finaler Zustand Viertel,val,DSC2342,quarter_suffix_removed,.jpg,1824,1824,3
img_da60dbf617b49409,Finaler Zustand Viertel/_DSC2343_q1.JPG,Finaler Zustand Viertel,train,DSC2343,quarter_suffix_removed,.jpg,1824,1824,3
img_d0a389dc15fd3672,Finaler Zustand Viertel/_DSC2343_q2.JPG,Finaler Zustand Viertel,train,DSC2343,quarter_suffix_removed,.jpg,1824,1824,3
img_52227b66a604b86f,Finaler Zustand Viertel/_DSC2343_q3.JPG,Finaler Zustand Viertel,train,DSC2343,quarter_suffix_removed,.jpg,1824,1824,3
img_7488bfc495c6f72c,Finaler Zustand Viertel/_DSC2344_q1.JPG,Finaler Zustand Viertel,val,DSC2344,quarter_suffix_removed,.jpg,1824,1824,3
img_2d088a9cc05b3697,Finaler Zustand Viertel/_DSC2344_q2.JPG,Finaler Zustand Viertel,val,DSC2344,quarter_suffix_removed,.jpg,1824,1824,3
img_b9d83509c9c397db,Finaler Zustand Viertel/_DSC2344_q3.JPG,Finaler Zustand Viertel,val,DSC2344,quarter_suffix_removed,.jpg,1824,1824,3
img_43e415b255d1f951,Finaler Zustand Viertel/_DSC2345_q2.JPG,Finaler Zustand Viertel,train,DSC2345,quarter_suffix_removed,.jpg,1824,1824,3
img_09d05338f73c8aec,Finaler Zustand Viertel/_DSC2345_q3.JPG,Finaler Zustand Viertel,train,DSC2345,quarter_suffix_removed,.jpg,1824,1824,3
img_741efb63f8ebed60,Finaler Zustand Viertel/_DSC2345_q4.JPG,Finaler Zustand Viertel,train,DSC2345,quarter_suffix_removed,.jpg,1824,1824,3
img_eb5cd36ad00739b4,Finaler Zustand Viertel/_DSC2346_q2.JPG,Finaler Zustand Viertel,test,DSC2346,quarter_suffix_removed,.jpg,1824,1824,3
img_372e7c43afda2d6e,Finaler Zustand Viertel/_DSC2346_q3.JPG,Finaler Zustand Viertel,test,DSC2346,quarter_suffix_removed,.jpg,1824,1824,3
img_59944aec11253516,Finaler Zustand Viertel/_DSC2346_q4.JPG,Finaler Zustand Viertel,test,DSC2346,quarter_suffix_removed,.jpg,1824,1824,3
img_03bafccbb77b7073,Finaler Zustand Viertel/_DSC2347_q2.JPG,Finaler Zustand Viertel,train,DSC2347,quarter_suffix_removed,.jpg,1824,1824,3
img_9dc226659b1639e3,Finaler Zustand Viertel/_DSC2347_q3.JPG,Finaler Zustand Viertel,train,DSC2347,quarter_suffix_removed,.jpg,1824,1824,3
img_48df85d6d197842e,Finaler Zustand Viertel/_DSC2347_q4.JPG,Finaler Zustand Viertel,train,DSC2347,quarter_suffix_removed,.jpg,1824,1824,3
img_edf4e3b7cddb4369,Finaler Zustand Viertel/_DSC2373_q1.JPG,Finaler Zustand Viertel,train,DSC2373,quarter_suffix_removed,.jpg,1824,1824,3
img_99841643f15fce54,Finaler Zustand Viertel/_DSC2373_q2.JPG,Finaler Zustand Viertel,train,DSC2373,quarter_suffix_removed,.jpg,1824,1824,3
img_46370a6f22c2c7f9,Finaler Zustand Viertel/_DSC2373_q3.JPG,Finaler Zustand Viertel,train,DSC2373,quarter_suffix_removed,.jpg,1824,1824,3
img_47fcdad77da2f79b,Finaler Zustand Viertel/_DSC2373_q4.JPG,Finaler Zustand Viertel,train,DSC2373,quarter_suffix_removed,.jpg,1824,1824,3
img_b0fad38f25311d6b,Finaler Zustand Viertel/_DSC2374_q3.JPG,Finaler Zustand Viertel,val,DSC2374,quarter_suffix_removed,.jpg,1824,1824,3
img_d8bb8a3f23952dfe,Finaler Zustand Viertel/_DSC2374_q4.JPG,Finaler Zustand Viertel,val,DSC2374,quarter_suffix_removed,.jpg,1824,1824,3
img_8fb3300659bdebfe,Finaler Zustand Viertel/_DSC2375_q1.JPG,Finaler Zustand Viertel,train,DSC2375,quarter_suffix_removed,.jpg,1824,1824,3
img_f090ac7bf968ffa1,Finaler Zustand Viertel/_DSC2375_q2.JPG,Finaler Zustand Viertel,train,DSC2375,quarter_suffix_removed,.jpg,1824,1824,3
img_26354257c3bab17d,Finaler Zustand Viertel/_DSC2375_q3.JPG,Finaler Zustand Viertel,train,DSC2375,quarter_suffix_removed,.jpg,1824,1824,3
img_3943ae386ca5db61,Finaler Zustand Viertel/_DSC2376_q1.JPG,Finaler Zustand Viertel,train,DSC2376,quarter_suffix_removed,.jpg,1824,1824,3
img_7b1667d6029962aa,Finaler Zustand Viertel/_DSC2376_q2.JPG,Finaler Zustand Viertel,train,DSC2376,quarter_suffix_removed,.jpg,1824,1824,3
img_e29e68d61f1cbce3,Finaler Zustand Viertel/_DSC2377_q1.JPG,Finaler Zustand Viertel,train,DSC2377,quarter_suffix_removed,.jpg,1824,1824,3
img_2c773cbe5050364d,Finaler Zustand Viertel/_DSC2377_q2.JPG,Finaler Zustand Viertel,train,DSC2377,quarter_suffix_removed,.jpg,1824,1824,3
img_1075c10cdc163e19,Finaler Zustand Viertel/_DSC2377_q3.JPG,Finaler Zustand Viertel,train,DSC2377,quarter_suffix_removed,.jpg,1824,1824,3
img_69869314e66a3fd9,Finaler Zustand Viertel/_DSC2377_q4.JPG,Finaler Zustand Viertel,train,DSC2377,quarter_suffix_removed,.jpg,1824,1824,3
img_eb04eaf0e81ebc1c,Finaler Zustand Viertel/_DSC2378_q1.JPG,Finaler Zustand Viertel,train,DSC2378,quarter_suffix_removed,.jpg,1824,1824,3
img_0c2614d24e5f346f,Finaler Zustand Viertel/_DSC2378_q2.JPG,Finaler Zustand Viertel,train,DSC2378,quarter_suffix_removed,.jpg,1824,1824,3
img_f84403c001ea7996,Finaler Zustand Viertel/_DSC2378_q3.JPG,Finaler Zustand Viertel,train,DSC2378,quarter_suffix_removed,.jpg,1824,1824,3
img_5cd702723306b07e,Finaler Zustand Viertel/_DSC2378_q4.JPG,Finaler Zustand Viertel,train,DSC2378,quarter_suffix_removed,.jpg,1824,1824,3
img_6f4802731d645c69,Finaler Zustand Viertel/_DSC2379_q1.JPG,Finaler Zustand Viertel,train,DSC2379,quarter_suffix_removed,.jpg,1824,1824,3
img_32f0fef5fcbfdaa8,Finaler Zustand Viertel/_DSC2379_q2.JPG,Finaler Zustand Viertel,train,DSC2379,quarter_suffix_removed,.jpg,1824,1824,3
img_e618b9f46549dac3,Finaler Zustand Viertel/_DSC2379_q3.JPG,Finaler Zustand Viertel,train,DSC2379,quarter_suffix_removed,.jpg,1824,1824,3
img_4c21132db004132c,Finaler Zustand Viertel/_DSC2379_q4.JPG,Finaler Zustand Viertel,train,DSC2379,quarter_suffix_removed,.jpg,1824,1824,3
img_9888acff7b619825,Finaler Zustand Viertel/_DSC2380_q1.JPG,Finaler Zustand Viertel,test,DSC2380,quarter_suffix_removed,.jpg,1824,1824,3
img_c7f0f875ab55429c,Finaler Zustand Viertel/_DSC2380_q2.JPG,Finaler Zustand Viertel,test,DSC2380,quarter_suffix_removed,.jpg,1824,1824,3
img_1c56f8e0c9744f91,Finaler Zustand Viertel/_DSC2380_q3.JPG,Finaler Zustand Viertel,test,DSC2380,quarter_suffix_removed,.jpg,1824,1824,3
img_bc71ce33b7ab0d17,Finaler Zustand Viertel/_DSC2380_q4.JPG,Finaler Zustand Viertel,test,DSC2380,quarter_suffix_removed,.jpg,1824,1824,3
img_97dbbf764064f7a1,Finaler Zustand Viertel/_DSC2381_q1.JPG,Finaler Zustand Viertel,val,DSC2381,quarter_suffix_removed,.jpg,1824,1824,3
img_9992645dbea22e8e,Finaler Zustand Viertel/_DSC2381_q2.JPG,Finaler Zustand Viertel,val,DSC2381,quarter_suffix_removed,.jpg,1824,1824,3
img_3c2debcb967b1bad,Finaler Zustand Viertel/_DSC2381_q3.JPG,Finaler Zustand Viertel,val,DSC2381,quarter_suffix_removed,.jpg,1824,1824,3
img_f09cc41bd92d3f21,Finaler Zustand Viertel/_DSC2381_q4.JPG,Finaler Zustand Viertel,val,DSC2381,quarter_suffix_removed,.jpg,1824,1824,3
img_5bfb47478193b3ec,Finaler Zustand Viertel/_DSC2382_q1.JPG,Finaler Zustand Viertel,train,DSC2382,quarter_suffix_removed,.jpg,1824,1824,3
img_510ade2ede33e18d,Finaler Zustand Viertel/_DSC2382_q2.JPG,Finaler Zustand Viertel,train,DSC2382,quarter_suffix_removed,.jpg,1824,1824,3
img_64c14b5a8c7e4fb4,Finaler Zustand Viertel/_DSC2382_q3.JPG,Finaler Zustand Viertel,train,DSC2382,quarter_suffix_removed,.jpg,1824,1824,3
img_9476d756d08cc769,Finaler Zustand Viertel/_DSC2382_q4.JPG,Finaler Zustand Viertel,train,DSC2382,quarter_suffix_removed,.jpg,1824,1824,3
img_6a4532340de8cebc,Finaler Zustand Viertel/_DSC2383_q1.JPG,Finaler Zustand Viertel,train,DSC2383,quarter_suffix_removed,.jpg,1824,1824,3
img_6e32338e9246e0cb,Finaler Zustand Viertel/_DSC2383_q2.JPG,Finaler Zustand Viertel,train,DSC2383,quarter_suffix_removed,.jpg,1824,1824,3
img_9b30083321e9ec44,Finaler Zustand Viertel/_DSC2383_q4.JPG,Finaler Zustand Viertel,train,DSC2383,quarter_suffix_removed,.jpg,1824,1824,3
img_0662824e9bb2c1b2,Finaler Zustand Viertel/_DSC2384_q2.JPG,Finaler Zustand Viertel,train,DSC2384,quarter_suffix_removed,.jpg,1824,1824,3
img_9e5338c2fa32177f,Finaler Zustand Viertel/_DSC2385_q1.JPG,Finaler Zustand Viertel,train,DSC2385,quarter_suffix_removed,.jpg,1824,1824,3
img_9dd48251a330bf23,Finaler Zustand Viertel/_DSC2385_q2.JPG,Finaler Zustand Viertel,train,DSC2385,quarter_suffix_removed,.jpg,1824,1824,3
img_487af44ca7d0a88a,Finaler Zustand Viertel/_DSC2385_q3.JPG,Finaler Zustand Viertel,train,DSC2385,quarter_suffix_removed,.jpg,1824,1824,3
img_33c7014eb37621b4,Finaler Zustand Viertel/_DSC2385_q4.JPG,Finaler Zustand Viertel,train,DSC2385,quarter_suffix_removed,.jpg,1824,1824,3
img_6b77d3cf48404ca0,Finaler Zustand Viertel/_DSC2386_q3.JPG,Finaler Zustand Viertel,train,DSC2386,quarter_suffix_removed,.jpg,1824,1824,3
img_0d546515c6f741e2,Finaler Zustand Viertel/_DSC2386_q4.JPG,Finaler Zustand Viertel,train,DSC2386,quarter_suffix_removed,.jpg,1824,1824,3
img_32a0e4460f6d607c,Finaler Zustand Viertel/_DSC2387_q1.JPG,Finaler Zustand Viertel,train,DSC2387,quarter_suffix_removed,.jpg,1824,1824,3
img_56c2414c8938d835,Finaler Zustand Viertel/_DSC2387_q2.JPG,Finaler Zustand Viertel,train,DSC2387,quarter_suffix_removed,.jpg,1824,1824,3
img_a4739c955037ffae,Finaler Zustand Viertel/_DSC2387_q3.JPG,Finaler Zustand Viertel,train,DSC2387,quarter_suffix_removed,.jpg,1824,1824,3
img_2d28d927f2e42e76,Finaler Zustand Viertel/_DSC2387_q4.JPG,Finaler Zustand Viertel,train,DSC2387,quarter_suffix_removed,.jpg,1824,1824,3
img_9093da2ad8e3f458,Finaler Zustand Viertel/_DSC2388_q1.JPG,Finaler Zustand Viertel,train,DSC2388,quarter_suffix_removed,.jpg,1824,1824,3
img_e8ac6026df08a650,Finaler Zustand Viertel/_DSC2388_q2.JPG,Finaler Zustand Viertel,train,DSC2388,quarter_suffix_removed,.jpg,1824,1824,3
img_fdb8bce1da520ba2,Finaler Zustand Viertel/_DSC2388_q3.JPG,Finaler Zustand Viertel,train,DSC2388,quarter_suffix_removed,.jpg,1824,1824,3
img_5a3b8714bf7e92bc,Finaler Zustand Viertel/_DSC2388_q4.JPG,Finaler Zustand Viertel,train,DSC2388,quarter_suffix_removed,.jpg,1824,1824,3
img_89aa43bf2b6a6365,Finaler Zustand Viertel/_DSC2389_q1.JPG,Finaler Zustand Viertel,train,DSC2389,quarter_suffix_removed,.jpg,1824,1824,3
img_42a367235a4f99f4,Finaler Zustand Viertel/_DSC2389_q2.JPG,Finaler Zustand Viertel,train,DSC2389,quarter_suffix_removed,.jpg,1824,1824,3
img_532e157238e848b5,Finaler Zustand Viertel/_DSC2389_q3.JPG,Finaler Zustand Viertel,train,DSC2389,quarter_suffix_removed,.jpg,1824,1824,3
img_1c31ebfb2fb86ec8,Finaler Zustand Viertel/_DSC2389_q4.JPG,Finaler Zustand Viertel,train,DSC2389,quarter_suffix_removed,.jpg,1824,1824,3
img_e98236868dda1b97,Finaler Zustand Viertel/_DSC2390_q1.JPG,Finaler Zustand Viertel,test,DSC2390,quarter_suffix_removed,.jpg,1824,1824,3
img_47f39e548296eea6,Finaler Zustand Viertel/_DSC2390_q2.JPG,Finaler Zustand Viertel,test,DSC2390,quarter_suffix_removed,.jpg,1824,1824,3
img_7a5ed7e5c356d308,Finaler Zustand Viertel/_DSC2390_q3.JPG,Finaler Zustand Viertel,test,DSC2390,quarter_suffix_removed,.jpg,1824,1824,3
img_05640291c7d6246f,Finaler Zustand Viertel/_DSC2390_q4.JPG,Finaler Zustand Viertel,test,DSC2390,quarter_suffix_removed,.jpg,1824,1824,3
img_81c724911828b1e5,Finaler Zustand Viertel/_DSC2391_q1.JPG,Finaler Zustand Viertel,val,DSC2391,quarter_suffix_removed,.jpg,1824,1824,3
img_3356d6a6892714a7,Finaler Zustand Viertel/_DSC2391_q2.JPG,Finaler Zustand Viertel,val,DSC2391,quarter_suffix_removed,.jpg,1824,1824,3
img_bd03debf60e7b5b3,Finaler Zustand Viertel/_DSC2391_q3.JPG,Finaler Zustand Viertel,val,DSC2391,quarter_suffix_removed,.jpg,1824,1824,3
img_9190ca1e792f324f,Finaler Zustand Viertel/_DSC2391_q4.JPG,Finaler Zustand Viertel,val,DSC2391,quarter_suffix_removed,.jpg,1824,1824,3
img_ef490dfcc7e62f8e,Finaler Zustand Viertel/_DSC2392_q1.JPG,Finaler Zustand Viertel,train,DSC2392,quarter_suffix_removed,.jpg,1824,1824,3
img_03ae4b77e29eb678,Finaler Zustand Viertel/_DSC2392_q3.JPG,Finaler Zustand Viertel,train,DSC2392,quarter_suffix_removed,.jpg,1824,1824,3
img_d3f966789b1ebf31,Finaler Zustand Viertel/_DSC2393_q1.JPG,Finaler Zustand Viertel,train,DSC2393,quarter_suffix_removed,.jpg,1824,1824,3
img_5d1437318b4e9797,Finaler Zustand Viertel/_DSC2393_q2.JPG,Finaler Zustand Viertel,train,DSC2393,quarter_suffix_removed,.jpg,1824,1824,3
img_7cb254d9a0f1c2bc,Finaler Zustand Viertel/_DSC2393_q3.JPG,Finaler Zustand Viertel,train,DSC2393,quarter_suffix_removed,.jpg,1824,1824,3
img_2ef7dea1676fcfc3,Finaler Zustand Viertel/_DSC2393_q4.JPG,Finaler Zustand Viertel,train,DSC2393,quarter_suffix_removed,.jpg,1824,1824,3
img_639fddcb5ffa4644,Finaler Zustand Viertel/_DSC2394_q1.JPG,Finaler Zustand Viertel,train,DSC2394,quarter_suffix_removed,.jpg,1824,1824,3
img_fdf3c1e0d7d85e86,Finaler Zustand Viertel/_DSC2394_q2.JPG,Finaler Zustand Viertel,train,DSC2394,quarter_suffix_removed,.jpg,1824,1824,3
img_5769134000dc5876,Finaler Zustand Viertel/_DSC2394_q3.JPG,Finaler Zustand Viertel,train,DSC2394,quarter_suffix_removed,.jpg,1824,1824,3
img_237fa011914b388d,Finaler Zustand Viertel/_DSC2394_q4.JPG,Finaler Zustand Viertel,train,DSC2394,quarter_suffix_removed,.jpg,1824,1824,3
img_d6d900f140442ee8,Finaler Zustand Viertel/_DSC2395_q1.JPG,Finaler Zustand Viertel,train,DSC2395,quarter_suffix_removed,.jpg,1824,1824,3
img_76e12f367178c226,Finaler Zustand Viertel/_DSC2395_q2.JPG,Finaler Zustand Viertel,train,DSC2395,quarter_suffix_removed,.jpg,1824,1824,3
img_c745df0504e4f61f,Finaler Zustand Viertel/_DSC2395_q3.JPG,Finaler Zustand Viertel,train,DSC2395,quarter_suffix_removed,.jpg,1824,1824,3
img_dfb2323c4c47f4e1,Finaler Zustand Viertel/_DSC2395_q4.JPG,Finaler Zustand Viertel,train,DSC2395,quarter_suffix_removed,.jpg,1824,1824,3
img_5ab92b38a0363bf3,Finaler Zustand Viertel/_DSC2396_q1.JPG,Finaler Zustand Viertel,val,DSC2396,quarter_suffix_removed,.jpg,1824,1824,3
img_90af6685a68dd72a,Finaler Zustand Viertel/_DSC2396_q2.JPG,Finaler Zustand Viertel,val,DSC2396,quarter_suffix_removed,.jpg,1824,1824,3
img_8597caaadd6f1ef9,Finaler Zustand Viertel/_DSC2396_q3.JPG,Finaler Zustand Viertel,val,DSC2396,quarter_suffix_removed,.jpg,1824,1824,3
img_fea3416b7a41f3b0,Finaler Zustand Viertel/_DSC2397_q1.JPG,Finaler Zustand Viertel,train,DSC2397,quarter_suffix_removed,.jpg,1824,1824,3
img_03a7103e203c06d5,Finaler Zustand Viertel/_DSC2397_q2.JPG,Finaler Zustand Viertel,train,DSC2397,quarter_suffix_removed,.jpg,1824,1824,3
img_aa3d90f97abab545,Finaler Zustand Viertel/_DSC2397_q3.JPG,Finaler Zustand Viertel,train,DSC2397,quarter_suffix_removed,.jpg,1824,1824,3
img_091a32fb865cd5d9,Finaler Zustand Viertel/_DSC2397_q4.JPG,Finaler Zustand Viertel,train,DSC2397,quarter_suffix_removed,.jpg,1824,1824,3
img_73aa31bbb498937f,Finaler Zustand Viertel/_DSC2398_q1.JPG,Finaler Zustand Viertel,test,DSC2398,quarter_suffix_removed,.jpg,1824,1824,3
img_d0d948c45c49a0a0,Finaler Zustand Viertel/_DSC2398_q2.JPG,Finaler Zustand Viertel,test,DSC2398,quarter_suffix_removed,.jpg,1824,1824,3
img_c85f20e6f9e6958d,Finaler Zustand Viertel/_DSC2398_q3.JPG,Finaler Zustand Viertel,test,DSC2398,quarter_suffix_removed,.jpg,1824,1824,3
img_ff4f0ab8d3031e77,Finaler Zustand Viertel/_DSC2398_q4.JPG,Finaler Zustand Viertel,test,DSC2398,quarter_suffix_removed,.jpg,1824,1824,3
img_ff70bcaae4fba6b1,Finaler Zustand Viertel/_DSC2399_q1.JPG,Finaler Zustand Viertel,train,DSC2399,quarter_suffix_removed,.jpg,1824,1824,3
img_e2ec8df5af4372d2,Finaler Zustand Viertel/_DSC2399_q2.JPG,Finaler Zustand Viertel,train,DSC2399,quarter_suffix_removed,.jpg,1824,1824,3
img_ad77a7f1d3bf2949,Finaler Zustand Viertel/_DSC2399_q3.JPG,Finaler Zustand Viertel,train,DSC2399,quarter_suffix_removed,.jpg,1824,1824,3
img_3479541437a84057,Finaler Zustand Viertel/_DSC2399_q4.JPG,Finaler Zustand Viertel,train,DSC2399,quarter_suffix_removed,.jpg,1824,1824,3
img_a33a0d48c535ff9a,Finaler Zustand Viertel/_DSC2400_q1.JPG,Finaler Zustand Viertel,val,DSC2400,quarter_suffix_removed,.jpg,1824,1824,3
img_e4248a7fc056acdc,Finaler Zustand Viertel/_DSC2400_q2.JPG,Finaler Zustand Viertel,val,DSC2400,quarter_suffix_removed,.jpg,1824,1824,3
img_3f3f8f40cd146743,Finaler Zustand Viertel/_DSC2400_q3.JPG,Finaler Zustand Viertel,val,DSC2400,quarter_suffix_removed,.jpg,1824,1824,3
img_c4cf84d8f6e743ca,Finaler Zustand Viertel/_DSC2400_q4.JPG,Finaler Zustand Viertel,val,DSC2400,quarter_suffix_removed,.jpg,1824,1824,3
img_62780cca07dbba4b,Finaler Zustand Viertel/_DSC2401_q1.JPG,Finaler Zustand Viertel,train,DSC2401,quarter_suffix_removed,.jpg,1824,1824,3
img_f85aa85b9111c7a7,Finaler Zustand Viertel/_DSC2401_q2.JPG,Finaler Zustand Viertel,train,DSC2401,quarter_suffix_removed,.jpg,1824,1824,3
img_6921ccd6a35c36f3,Finaler Zustand Viertel/_DSC2401_q3.JPG,Finaler Zustand Viertel,train,DSC2401,quarter_suffix_removed,.jpg,1824,1824,3
img_6cc248e638c83569,Finaler Zustand Viertel/_DSC2401_q4.JPG,Finaler Zustand Viertel,train,DSC2401,quarter_suffix_removed,.jpg,1824,1824,3
img_ca76e9025724ea98,Finaler Zustand Viertel/_DSC2402_q1.JPG,Finaler Zustand Viertel,train,DSC2402,quarter_suffix_removed,.jpg,1824,1824,3
img_b52ee3b5f12e8605,Finaler Zustand Viertel/_DSC2402_q2.JPG,Finaler Zustand Viertel,train,DSC2402,quarter_suffix_removed,.jpg,1824,1824,3
img_0d11b91d1a611ab6,Finaler Zustand Viertel/_DSC2402_q3.JPG,Finaler Zustand Viertel,train,DSC2402,quarter_suffix_removed,.jpg,1824,1824,3
img_bd67b00c330c0090,Finaler Zustand Viertel/_DSC2402_q4.JPG,Finaler Zustand Viertel,train,DSC2402,quarter_suffix_removed,.jpg,1824,1824,3
img_c8790d0f4b1daf62,Finaler Zustand Viertel/_DSC2403_q1.JPG,Finaler Zustand Viertel,train,DSC2403,quarter_suffix_removed,.jpg,1824,1824,3
img_c75376f52059d3d0,Finaler Zustand Viertel/_DSC2403_q2.JPG,Finaler Zustand Viertel,train,DSC2403,quarter_suffix_removed,.jpg,1824,1824,3
img_d9ec6a2514757ace,Finaler Zustand Viertel/_DSC2403_q3.JPG,Finaler Zustand Viertel,train,DSC2403,quarter_suffix_removed,.jpg,1824,1824,3
img_44b66a9f08d94b4b,Finaler Zustand Viertel/_DSC2403_q4.JPG,Finaler Zustand Viertel,train,DSC2403,quarter_suffix_removed,.jpg,1824,1824,3
img_9040b53914b32a38,Finaler Zustand Viertel/_DSC2404_q1.JPG,Finaler Zustand Viertel,train,DSC2404,quarter_suffix_removed,.jpg,1824,1824,3
img_d385885ca820ae91,Finaler Zustand Viertel/_DSC2404_q2.JPG,Finaler Zustand Viertel,train,DSC2404,quarter_suffix_removed,.jpg,1824,1824,3
img_969d20931687c0de,Finaler Zustand Viertel/_DSC2404_q3.JPG,Finaler Zustand Viertel,train,DSC2404,quarter_suffix_removed,.jpg,1824,1824,3
img_f7eb7bca8f764412,Finaler Zustand Viertel/_DSC2404_q4.JPG,Finaler Zustand Viertel,train,DSC2404,quarter_suffix_removed,.jpg,1824,1824,3
img_713bfe37395af07c,Finaler Zustand Viertel/_DSC2405_q1.JPG,Finaler Zustand Viertel,test,DSC2405,quarter_suffix_removed,.jpg,1824,1824,3
img_c23c783990b10df4,Finaler Zustand Viertel/_DSC2405_q2.JPG,Finaler Zustand Viertel,test,DSC2405,quarter_suffix_removed,.jpg,1824,1824,3
img_3cf3259a2c3dc10d,Finaler Zustand Viertel/_DSC2405_q3.JPG,Finaler Zustand Viertel,test,DSC2405,quarter_suffix_removed,.jpg,1824,1824,3
img_9da7483d245aa231,Finaler Zustand Viertel/_DSC2405_q4.JPG,Finaler Zustand Viertel,test,DSC2405,quarter_suffix_removed,.jpg,1824,1824,3
img_87df4f742c04efbc,Finaler Zustand Viertel/_DSC2406_q1.JPG,Finaler Zustand Viertel,val,DSC2406,quarter_suffix_removed,.jpg,1824,1824,3
img_87d28f2a5811db1f,Finaler Zustand Viertel/_DSC2406_q2.JPG,Finaler Zustand Viertel,val,DSC2406,quarter_suffix_removed,.jpg,1824,1824,3
img_8d34f3810302cb1e,Finaler Zustand Viertel/_DSC2406_q3.JPG,Finaler Zustand Viertel,val,DSC2406,quarter_suffix_removed,.jpg,1824,1824,3
img_330be0c875ad0592,Finaler Zustand Viertel/_DSC2406_q4.JPG,Finaler Zustand Viertel,val,DSC2406,quarter_suffix_removed,.jpg,1824,1824,3
img_9eba244a9a7da640,Finaler Zustand Viertel/_DSC2407_q3.JPG,Finaler Zustand Viertel,val,DSC2407,quarter_suffix_removed,.jpg,1824,1824,3
img_d21338a45765758f,Finaler Zustand Viertel/_DSC2407_q4.JPG,Finaler Zustand Viertel,val,DSC2407,quarter_suffix_removed,.jpg,1824,1824,3
img_ba121f708d6dc87a,Finaler Zustand Viertel/_DSC2408_q2.JPG,Finaler Zustand Viertel,train,DSC2408,quarter_suffix_removed,.jpg,1824,1824,3
img_4089624ec8913c9a,Finaler Zustand Viertel/_DSC2409_q2.JPG,Finaler Zustand Viertel,train,DSC2409,quarter_suffix_removed,.jpg,1824,1824,3
img_080e96d2bad648ff,Finaler Zustand Viertel/_DSC2409_q4.JPG,Finaler Zustand Viertel,train,DSC2409,quarter_suffix_removed,.jpg,1824,1824,3
img_9c4d87de37896271,Finaler Zustand Viertel/_DSC2410_q3.JPG,Finaler Zustand Viertel,train,DSC2410,quarter_suffix_removed,.jpg,1824,1824,3
img_80dee26b456ee34a,Finaler Zustand Viertel/_DSC2410_q4.JPG,Finaler Zustand Viertel,train,DSC2410,quarter_suffix_removed,.jpg,1824,1824,3
img_5b1bf2931647ff6b,Finaler Zustand Viertel/_DSC2411_q2.JPG,Finaler Zustand Viertel,val,DSC2411,quarter_suffix_removed,.jpg,1824,1824,3
img_53d185d0111d3d85,Finaler Zustand Viertel/_DSC2412_q2.JPG,Finaler Zustand Viertel,test,DSC2412,quarter_suffix_removed,.jpg,1824,1824,3
img_781b187ad0fcd70b,Finaler Zustand Viertel/_DSC2412_q4.JPG,Finaler Zustand Viertel,test,DSC2412,quarter_suffix_removed,.jpg,1824,1824,3
img_78434adb6f8e04de,Finaler Zustand Viertel/_DSC2413_q2.JPG,Finaler Zustand Viertel,train,DSC2413,quarter_suffix_removed,.jpg,1824,1824,3
img_282a934d93416335,Finaler Zustand Viertel/_DSC2413_q3.JPG,Finaler Zustand Viertel,train,DSC2413,quarter_suffix_removed,.jpg,1824,1824,3
img_9646031828d9d997,Finaler Zustand Viertel/_DSC2413_q4.JPG,Finaler Zustand Viertel,train,DSC2413,quarter_suffix_removed,.jpg,1824,1824,3
img_a7453ceb472fb19b,Finaler Zustand Viertel/_DSC2414_q2.JPG,Finaler Zustand Viertel,train,DSC2414,quarter_suffix_removed,.jpg,1824,1824,3
img_4ff616ad7308259d,Finaler Zustand Viertel/_DSC2414_q3.JPG,Finaler Zustand Viertel,train,DSC2414,quarter_suffix_removed,.jpg,1824,1824,3
img_c9c238a64892349e,Finaler Zustand Viertel/_DSC2415_q1.JPG,Finaler Zustand Viertel,test,DSC2415,quarter_suffix_removed,.jpg,1824,1824,3
img_6a596ed55706ab89,Finaler Zustand Viertel/_DSC2415_q2.JPG,Finaler Zustand Viertel,test,DSC2415,quarter_suffix_removed,.jpg,1824,1824,3
img_3a40757be62999f5,Finaler Zustand Viertel/_DSC2415_q3.JPG,Finaler Zustand Viertel,test,DSC2415,quarter_suffix_removed,.jpg,1824,1824,3
img_02d336802e265752,Finaler Zustand Viertel/_DSC2416_q1.JPG,Finaler Zustand Viertel,train,DSC2416,quarter_suffix_removed,.jpg,1824,1824,3
img_9d41581c70f4a3d6,Finaler Zustand Viertel/_DSC2416_q2.JPG,Finaler Zustand Viertel,train,DSC2416,quarter_suffix_removed,.jpg,1824,1824,3
img_793a6e80455292b0,Finaler Zustand Viertel/_DSC2416_q3.JPG,Finaler Zustand Viertel,train,DSC2416,quarter_suffix_removed,.jpg,1824,1824,3
img_453751ea3de5adc0,Finaler Zustand Viertel/_DSC2417_q1.JPG,Finaler Zustand Viertel,train,DSC2417,quarter_suffix_removed,.jpg,1824,1824,3
img_ff9649c1256e8ca5,Finaler Zustand Viertel/_DSC2417_q2.JPG,Finaler Zustand Viertel,train,DSC2417,quarter_suffix_removed,.jpg,1824,1824,3
img_dc459802d1a2acb0,Finaler Zustand Viertel/_DSC2417_q3.JPG,Finaler Zustand Viertel,train,DSC2417,quarter_suffix_removed,.jpg,1824,1824,3
img_bc5e1a08b41f0922,Finaler Zustand Viertel/_DSC2417_q4.JPG,Finaler Zustand Viertel,train,DSC2417,quarter_suffix_removed,.jpg,1824,1824,3
img_cadf035cad9f2de6,Finaler Zustand Viertel/_DSC2418_q3.JPG,Finaler Zustand Viertel,test,DSC2418,quarter_suffix_removed,.jpg,1824,1824,3
img_fda9bf6e00929af3,Finaler Zustand Viertel/_DSC2419_q4.JPG,Finaler Zustand Viertel,train,DSC2419,quarter_suffix_removed,.jpg,1824,1824,3
img_98adcaec6261da78,Finaler Zustand Viertel/_DSC2420_q1.JPG,Finaler Zustand Viertel,train,DSC2420,quarter_suffix_removed,.jpg,1824,1824,3
img_93774955975b6c6a,Finaler Zustand Viertel/_DSC2421_q3.JPG,Finaler Zustand Viertel,train,DSC2421,quarter_suffix_removed,.jpg,1824,1824,3
img_6d9fcea638dc6dda,Finaler Zustand Viertel/_DSC2422_q1.JPG,Finaler Zustand Viertel,train,DSC2422,quarter_suffix_removed,.jpg,1824,1824,3
img_61ae2ee30ebdd8d1,Finaler Zustand Viertel/_DSC2422_q2.JPG,Finaler Zustand Viertel,train,DSC2422,quarter_suffix_removed,.jpg,1824,1824,3
img_ad34f3fc64bd8e9b,Finaler Zustand Viertel/_DSC2422_q3.JPG,Finaler Zustand Viertel,train,DSC2422,quarter_suffix_removed,.jpg,1824,1824,3
img_501cda28d87fec1d,Finaler Zustand Viertel/_DSC2422_q4.JPG,Finaler Zustand Viertel,train,DSC2422,quarter_suffix_removed,.jpg,1824,1824,3
img_d65b0cd824625afc,Finaler Zustand Viertel/_DSC2423_q1.JPG,Finaler Zustand Viertel,train,DSC2423,quarter_suffix_removed,.jpg,1824,1824,3
img_d6dc21d83a02a132,Finaler Zustand Viertel/_DSC2423_q2.JPG,Finaler Zustand Viertel,train,DSC2423,quarter_suffix_removed,.jpg,1824,1824,3
img_2f746dd93d43ae23,Finaler Zustand Viertel/_DSC2423_q3.JPG,Finaler Zustand Viertel,train,DSC2423,quarter_suffix_removed,.jpg,1824,1824,3
img_b8ac0b6ff3de1b07,Finaler Zustand Viertel/_DSC2423_q4.JPG,Finaler Zustand Viertel,train,DSC2423,quarter_suffix_removed,.jpg,1824,1824,3
img_ef1745c1ac29d7a2,Finaler Zustand Viertel/_DSC2424_q1.JPG,Finaler Zustand Viertel,train,DSC2424,quarter_suffix_removed,.jpg,1824,1824,3
img_5cacfbd3304eef60,Finaler Zustand Viertel/_DSC2424_q2.JPG,Finaler Zustand Viertel,train,DSC2424,quarter_suffix_removed,.jpg,1824,1824,3
img_f95ad5c9012c15fa,Finaler Zustand Viertel/_DSC2424_q3.JPG,Finaler Zustand Viertel,train,DSC2424,quarter_suffix_removed,.jpg,1824,1824,3
img_141f47dc16f67859,Finaler Zustand Viertel/_DSC2424_q4.JPG,Finaler Zustand Viertel,train,DSC2424,quarter_suffix_removed,.jpg,1824,1824,3
img_d10f77fcdd76e072,Finaler Zustand Viertel/_DSC2425_q1.JPG,Finaler Zustand Viertel,train,DSC2425,quarter_suffix_removed,.jpg,1824,1824,3
img_fc580858530885b0,Finaler Zustand Viertel/_DSC2425_q2.JPG,Finaler Zustand Viertel,train,DSC2425,quarter_suffix_removed,.jpg,1824,1824,3
img_b1c71cbd3c84c8cf,Finaler Zustand Viertel/_DSC2425_q3.JPG,Finaler Zustand Viertel,train,DSC2425,quarter_suffix_removed,.jpg,1824,1824,3
img_667985c42cb1a893,Finaler Zustand Viertel/_DSC2426_q1.JPG,Finaler Zustand Viertel,train,DSC2426,quarter_suffix_removed,.jpg,1824,1824,3
img_ddfa452346ad0b64,Finaler Zustand Viertel/_DSC2426_q2.JPG,Finaler Zustand Viertel,train,DSC2426,quarter_suffix_removed,.jpg,1824,1824,3
img_a9ca57d10ff0964d,Finaler Zustand Viertel/_DSC2426_q3.JPG,Finaler Zustand Viertel,train,DSC2426,quarter_suffix_removed,.jpg,1824,1824,3
img_0896e272f45b95e3,Finaler Zustand Viertel/_DSC2426_q4.JPG,Finaler Zustand Viertel,train,DSC2426,quarter_suffix_removed,.jpg,1824,1824,3
img_ec8a617f361f0a19,Finaler Zustand Viertel/_DSC2427_q1.JPG,Finaler Zustand Viertel,train,DSC2427,quarter_suffix_removed,.jpg,1824,1824,3
img_c53dcec94680bde6,Finaler Zustand Viertel/_DSC2427_q3.JPG,Finaler Zustand Viertel,train,DSC2427,quarter_suffix_removed,.jpg,1824,1824,3
img_b23a9b132b56b970,Finaler Zustand Viertel/_DSC2427_q4.JPG,Finaler Zustand Viertel,train,DSC2427,quarter_suffix_removed,.jpg,1824,1824,3
img_3445b5c99f829d71,Finaler Zustand Viertel/_DSC2428_q1.JPG,Finaler Zustand Viertel,train,DSC2428,quarter_suffix_removed,.jpg,1824,1824,3
img_9fc2731f6b2a45c7,Finaler Zustand Viertel/_DSC2428_q3.JPG,Finaler Zustand Viertel,train,DSC2428,quarter_suffix_removed,.jpg,1824,1824,3
img_78cd479b2b6ec812,Finaler Zustand Viertel/_DSC2428_q4.JPG,Finaler Zustand Viertel,train,DSC2428,quarter_suffix_removed,.jpg,1824,1824,3
img_b98bf94b4235d488,Finaler Zustand Viertel/_DSC2429_q1.JPG,Finaler Zustand Viertel,test,DSC2429,quarter_suffix_removed,.jpg,1824,1824,3
img_46cf94ed8508f223,Finaler Zustand Viertel/_DSC2429_q2.JPG,Finaler Zustand Viertel,test,DSC2429,quarter_suffix_removed,.jpg,1824,1824,3
img_5567a9948f5a42f2,Finaler Zustand Viertel/_DSC2429_q3.JPG,Finaler Zustand Viertel,test,DSC2429,quarter_suffix_removed,.jpg,1824,1824,3
img_bc4478c52f95e0fd,Finaler Zustand Viertel/_DSC2429_q4.JPG,Finaler Zustand Viertel,test,DSC2429,quarter_suffix_removed,.jpg,1824,1824,3
img_a28a2df8d4922270,Fräszustand Viertel/100_q4.bmp,Fräszustand Viertel,train,100,quarter_suffix_removed,.bmp,1332,1152,1
img_68a4663722ac4609,Fräszustand Viertel/110_q1.bmp,Fräszustand Viertel,train,110,quarter_suffix_removed,.bmp,1332,1152,1
img_7f8cebcb61295229,Fräszustand Viertel/110_q2.bmp,Fräszustand Viertel,train,110,quarter_suffix_removed,.bmp,1332,1152,1
img_6f1594d98174fefe,Fräszustand Viertel/110_q3.bmp,Fräszustand Viertel,train,110,quarter_suffix_removed,.bmp,1332,1152,1
img_b9b71f48a89161c5,Fräszustand Viertel/110_q4.bmp,Fräszustand Viertel,train,110,quarter_suffix_removed,.bmp,1332,1152,1
img_592c84d9bf9b48c3,Fräszustand Viertel/111_q1.bmp,Fräszustand Viertel,train,111,quarter_suffix_removed,.bmp,1332,1152,1
img_1933a9ed2e98126a,Fräszustand Viertel/111_q2.bmp,Fräszustand Viertel,train,111,quarter_suffix_removed,.bmp,1332,1152,1
img_f276a0a03846be73,Fräszustand Viertel/111_q3.bmp,Fräszustand Viertel,train,111,quarter_suffix_removed,.bmp,1332,1152,1
img_69389e5449c8ec83,Fräszustand Viertel/111_q4.bmp,Fräszustand Viertel,train,111,quarter_suffix_removed,.bmp,1332,1152,1
img_2fbacfce97de1c1f,Fräszustand Viertel/112_q2.bmp,Fräszustand Viertel,train,112,quarter_suffix_removed,.bmp,1332,1152,1
img_35f5a88717983276,Fräszustand Viertel/112_q3.bmp,Fräszustand Viertel,train,112,quarter_suffix_removed,.bmp,1332,1152,1
img_9800de3fbb318adc,Fräszustand Viertel/112_q4.bmp,Fräszustand Viertel,train,112,quarter_suffix_removed,.bmp,1332,1152,1
img_5761abac3103232a,Fräszustand Viertel/130_q1.bmp,Fräszustand Viertel,test,130,quarter_suffix_removed,.bmp,1332,1152,1
img_103b3fd1c029437a,Fräszustand Viertel/130_q2.bmp,Fräszustand Viertel,test,130,quarter_suffix_removed,.bmp,1332,1152,1
img_6be207dbbe0b97ef,Fräszustand Viertel/130_q3.bmp,Fräszustand Viertel,test,130,quarter_suffix_removed,.bmp,1332,1152,1
img_43a32b352b099d20,Fräszustand Viertel/130_q4.bmp,Fräszustand Viertel,test,130,quarter_suffix_removed,.bmp,1332,1152,1
img_dc9c49b9b5fc15d1,Fräszustand Viertel/131_q1.bmp,Fräszustand Viertel,train,131,quarter_suffix_removed,.bmp,1332,1152,1
img_27fc28220ce97d9d,Fräszustand Viertel/131_q2.bmp,Fräszustand Viertel,train,131,quarter_suffix_removed,.bmp,1332,1152,1
img_2ef95c471b910a08,Fräszustand Viertel/131_q3.bmp,Fräszustand Viertel,train,131,quarter_suffix_removed,.bmp,1332,1152,1
img_60ff0fb8432fe4a3,Fräszustand Viertel/131_q4.bmp,Fräszustand Viertel,train,131,quarter_suffix_removed,.bmp,1332,1152,1
img_c1224de1b1d1734b,Fräszustand Viertel/132_q1.bmp,Fräszustand Viertel,train,132,quarter_suffix_removed,.bmp,1332,1152,1
img_6f1735ab3d2c7e4a,Fräszustand Viertel/132_q3.bmp,Fräszustand Viertel,train,132,quarter_suffix_removed,.bmp,1332,1152,1
img_284ea36979d8ac00,Fräszustand Viertel/132_q4.bmp,Fräszustand Viertel,train,132,quarter_suffix_removed,.bmp,1332,1152,1
img_4db127dfe855b893,Fräszustand Viertel/133_q1.bmp,Fräszustand Viertel,test,133,quarter_suffix_removed,.bmp,1332,1152,1
img_b4b4e1eaf319a8c3,Fräszustand Viertel/135_q1.bmp,Fräszustand Viertel,val,135,quarter_suffix_removed,.bmp,1332,1152,1
img_399c72a53b3d205c,Fräszustand Viertel/135_q2.bmp,Fräszustand Viertel,val,135,quarter_suffix_removed,.bmp,1332,1152,1
img_81b8de7bf29e8622,Fräszustand Viertel/135_q3.bmp,Fräszustand Viertel,val,135,quarter_suffix_removed,.bmp,1332,1152,1
img_9c896b317fca4191,Fräszustand Viertel/135_q4.bmp,Fräszustand Viertel,val,135,quarter_suffix_removed,.bmp,1332,1152,1
img_9ace61a1764af655,Fräszustand Viertel/136_q1.bmp,Fräszustand Viertel,train,136,quarter_suffix_removed,.bmp,1332,1152,1
img_cd153a476fcb12d6,Fräszustand Viertel/136_q2.bmp,Fräszustand Viertel,train,136,quarter_suffix_removed,.bmp,1332,1152,1
img_9051b0adbf7216e2,Fräszustand Viertel/136_q3.bmp,Fräszustand Viertel,train,136,quarter_suffix_removed,.bmp,1332,1152,1
img_52181f2b4f820d63,Fräszustand Viertel/136_q4.bmp,Fräszustand Viertel,train,136,quarter_suffix_removed,.bmp,1332,1152,1
img_69aa965e22922e87,Fräszustand Viertel/16_q3.bmp,Fräszustand Viertel,train,16,quarter_suffix_removed,.bmp,1332,1152,1
img_3519d035586e7066,Fräszustand Viertel/19_q1.bmp,Fräszustand Viertel,train,19,quarter_suffix_removed,.bmp,1332,1152,1
img_0bf86cf3edf4b976,Fräszustand Viertel/19_q2.bmp,Fräszustand Viertel,train,19,quarter_suffix_removed,.bmp,1332,1152,1
img_c31807aaee1d5c6c,Fräszustand Viertel/19_q3.bmp,Fräszustand Viertel,train,19,quarter_suffix_removed,.bmp,1332,1152,1
img_15d70a67aae8996b,Fräszustand Viertel/19_q4.bmp,Fräszustand Viertel,train,19,quarter_suffix_removed,.bmp,1332,1152,1
img_d94c3c1b0f5b908e,Fräszustand Viertel/22_q2.bmp,Fräszustand Viertel,train,22,quarter_suffix_removed,.bmp,1332,1152,1
img_b69a2e700109e7df,Fräszustand Viertel/22_q3.bmp,Fräszustand Viertel,train,22,quarter_suffix_removed,.bmp,1332,1152,1
img_6272a60ca6d7c9f0,Fräszustand Viertel/22_q4.bmp,Fräszustand Viertel,train,22,quarter_suffix_removed,.bmp,1332,1152,1
img_d2551db0adb926be,Fräszustand Viertel/25_q2.bmp,Fräszustand Viertel,train,25,quarter_suffix_removed,.bmp,1332,1152,1
img_bc0863bf6211ff55,Fräszustand Viertel/25_q4.bmp,Fräszustand Viertel,train,25,quarter_suffix_removed,.bmp,1332,1152,1
img_5e2e16ab6f9d3346,Fräszustand Viertel/26_q1.bmp,Fräszustand Viertel,train,26,quarter_suffix_removed,.bmp,1332,1152,1
img_64ac357f69a06200,Fräszustand Viertel/26_q2.bmp,Fräszustand Viertel,train,26,quarter_suffix_removed,.bmp,1332,1152,1
img_0fcf8b49aa3ba57d,Fräszustand Viertel/26_q3.bmp,Fräszustand Viertel,train,26,quarter_suffix_removed,.bmp,1332,1152,1
img_75f704909fb6b662,Fräszustand Viertel/26_q4.bmp,Fräszustand Viertel,train,26,quarter_suffix_removed,.bmp,1332,1152,1
img_80d99af284bf5d0b,Fräszustand Viertel/27_q1.bmp,Fräszustand Viertel,train,27,quarter_suffix_removed,.bmp,1332,1152,1
img_88f9f05b91b6daa9,Fräszustand Viertel/27_q2.bmp,Fräszustand Viertel,train,27,quarter_suffix_removed,.bmp,1332,1152,1
img_5a64f3fb01aa761b,Fräszustand Viertel/27_q3.bmp,Fräszustand Viertel,train,27,quarter_suffix_removed,.bmp,1332,1152,1
img_795eaa9e4da653e3,Fräszustand Viertel/27_q4.bmp,Fräszustand Viertel,train,27,quarter_suffix_removed,.bmp,1332,1152,1
img_0a220ea858def7d9,Fräszustand Viertel/29_q1.bmp,Fräszustand Viertel,train,29,quarter_suffix_removed,.bmp,1332,1152,1
img_44dcf2a1a9b133ce,Fräszustand Viertel/29_q2.bmp,Fräszustand Viertel,train,29,quarter_suffix_removed,.bmp,1332,1152,1
img_43b93fd7afed73da,Fräszustand Viertel/2_q1.bmp,Fräszustand Viertel,train,2,quarter_suffix_removed,.bmp,1332,1152,1
img_8631c7fe56576082,Fräszustand Viertel/31_q1.bmp,Fräszustand Viertel,val,31,quarter_suffix_removed,.bmp,1332,1152,1
img_8b2c06fc0825e264,Fräszustand Viertel/31_q3.bmp,Fräszustand Viertel,val,31,quarter_suffix_removed,.bmp,1332,1152,1
img_e0f1dfe66b521db4,Fräszustand Viertel/32_q1.bmp,Fräszustand Viertel,test,32,quarter_suffix_removed,.bmp,1332,1152,1
img_0d300ef23281528d,Fräszustand Viertel/32_q2.bmp,Fräszustand Viertel,test,32,quarter_suffix_removed,.bmp,1332,1152,1
img_89d40bb703fc4d01,Fräszustand Viertel/33_q1.bmp,Fräszustand Viertel,train,33,quarter_suffix_removed,.bmp,1332,1152,1
img_803be1b74ccaf183,Fräszustand Viertel/38_q2.bmp,Fräszustand Viertel,train,38,quarter_suffix_removed,.bmp,1332,1152,1
img_8542bbfbebde002a,Fräszustand Viertel/38_q4.bmp,Fräszustand Viertel,train,38,quarter_suffix_removed,.bmp,1332,1152,1
img_f314ed3ceb55e387,Fräszustand Viertel/39_q2.bmp,Fräszustand Viertel,val,39,quarter_suffix_removed,.bmp,1332,1152,1
img_9b37379ac58425f3,Fräszustand Viertel/39_q3.bmp,Fräszustand Viertel,val,39,quarter_suffix_removed,.bmp,1332,1152,1
img_2ae780d7952835e0,Fräszustand Viertel/39_q4.bmp,Fräszustand Viertel,val,39,quarter_suffix_removed,.bmp,1332,1152,1
img_335d5544298e2f0c,Fräszustand Viertel/3_q1.bmp,Fräszustand Viertel,train,3,quarter_suffix_removed,.bmp,1332,1152,1
img_3de67976c2faed62,Fräszustand Viertel/3_q3.bmp,Fräszustand Viertel,train,3,quarter_suffix_removed,.bmp,1332,1152,1
img_b2b2f22abd6288d3,Fräszustand Viertel/41_q3.bmp,Fräszustand Viertel,train,41,quarter_suffix_removed,.bmp,1332,1152,1
img_6388ea51796c914a,Fräszustand Viertel/43_q2.bmp,Fräszustand Viertel,train,43,quarter_suffix_removed,.bmp,1332,1152,1
img_a922a4e9bc9ba171,Fräszustand Viertel/43_q3.bmp,Fräszustand Viertel,train,43,quarter_suffix_removed,.bmp,1332,1152,1
img_7abf97f104a6ae95,Fräszustand Viertel/43_q4.bmp,Fräszustand Viertel,train,43,quarter_suffix_removed,.bmp,1332,1152,1
img_0d3d1509620f157f,Fräszustand Viertel/45_q1.bmp,Fräszustand Viertel,train,45,quarter_suffix_removed,.bmp,1332,1152,1
img_3c8a9236e65bcf04,Fräszustand Viertel/45_q4.bmp,Fräszustand Viertel,train,45,quarter_suffix_removed,.bmp,1332,1152,1
img_ddb39db556ecdabf,Fräszustand Viertel/46_q1.bmp,Fräszustand Viertel,train,46,quarter_suffix_removed,.bmp,1332,1152,1
img_d7a293eac17a4542,Fräszustand Viertel/46_q4.bmp,Fräszustand Viertel,train,46,quarter_suffix_removed,.bmp,1332,1152,1
img_96dbac03bfcf868f,Fräszustand Viertel/47_q4.bmp,Fräszustand Viertel,test,47,quarter_suffix_removed,.bmp,1332,1152,1
img_cafa8a1df98437fb,Fräszustand Viertel/48_q4.bmp,Fräszustand Viertel,val,48,quarter_suffix_removed,.bmp,1332,1152,1
img_4717368f8ca6049d,Fräszustand Viertel/49_q4.bmp,Fräszustand Viertel,train,49,quarter_suffix_removed,.bmp,1332,1152,1
img_94721f5439a843a1,Fräszustand Viertel/55_q1.bmp,Fräszustand Viertel,train,55,quarter_suffix_removed,.bmp,1332,1152,1
img_d90f7d79d7fa3221,Fräszustand Viertel/56_q1.bmp,Fräszustand Viertel,train,56,quarter_suffix_removed,.bmp,1332,1152,1
img_dee4674d503398da,Fräszustand Viertel/56_q3.bmp,Fräszustand Viertel,train,56,quarter_suffix_removed,.bmp,1332,1152,1
img_733f3abb75cd6985,Fräszustand Viertel/56_q4.bmp,Fräszustand Viertel,train,56,quarter_suffix_removed,.bmp,1332,1152,1
img_3d370308984d5137,Fräszustand Viertel/57_q1.bmp,Fräszustand Viertel,test,57,quarter_suffix_removed,.bmp,1332,1152,1
img_b4a6d816975d6c01,Fräszustand Viertel/57_q2.bmp,Fräszustand Viertel,test,57,quarter_suffix_removed,.bmp,1332,1152,1
img_b4dd4650e25a042e,Fräszustand Viertel/57_q3.bmp,Fräszustand Viertel,test,57,quarter_suffix_removed,.bmp,1332,1152,1
img_18d69b3137f84d65,Fräszustand Viertel/57_q4.bmp,Fräszustand Viertel,test,57,quarter_suffix_removed,.bmp,1332,1152,1
img_bbcd9b1d6a835614,Fräszustand Viertel/58_q1.bmp,Fräszustand Viertel,val,58,quarter_suffix_removed,.bmp,1332,1152,1
img_5ef390da143e7173,Fräszustand Viertel/58_q2.bmp,Fräszustand Viertel,val,58,quarter_suffix_removed,.bmp,1332,1152,1
img_652ee535ca4d0dd0,Fräszustand Viertel/58_q3.bmp,Fräszustand Viertel,val,58,quarter_suffix_removed,.bmp,1332,1152,1
img_41fb078ebb34f312,Fräszustand Viertel/58_q4.bmp,Fräszustand Viertel,val,58,quarter_suffix_removed,.bmp,1332,1152,1
img_d081bb33eba30db9,Fräszustand Viertel/59_q1.bmp,Fräszustand Viertel,test,59,quarter_suffix_removed,.bmp,1332,1152,1
img_80bf8a04441cc450,Fräszustand Viertel/59_q2.bmp,Fräszustand Viertel,test,59,quarter_suffix_removed,.bmp,1332,1152,1
img_4df7f1cc079e467e,Fräszustand Viertel/59_q3.bmp,Fräszustand Viertel,test,59,quarter_suffix_removed,.bmp,1332,1152,1
img_0cb8a664f7c6dfd8,Fräszustand Viertel/5_q3.bmp,Fräszustand Viertel,train,5,quarter_suffix_removed,.bmp,1332,1152,1
img_655294a536a6d171,Fräszustand Viertel/60_q1.bmp,Fräszustand Viertel,train,60,quarter_suffix_removed,.bmp,1332,1152,1
img_fd75c301f1cfe0b4,Fräszustand Viertel/60_q3.bmp,Fräszustand Viertel,train,60,quarter_suffix_removed,.bmp,1332,1152,1
img_2b72e6505c439450,Fräszustand Viertel/61_q1.bmp,Fräszustand Viertel,train,61,quarter_suffix_removed,.bmp,1332,1152,1
img_3fd4c2eb51c50dad,Fräszustand Viertel/61_q3.bmp,Fräszustand Viertel,train,61,quarter_suffix_removed,.bmp,1332,1152,1
img_db134ea39e730716,Fräszustand Viertel/62_q1.bmp,Fräszustand Viertel,train,62,quarter_suffix_removed,.bmp,1332,1152,1
img_c3718854247c8f35,Fräszustand Viertel/63_q1.bmp,Fräszustand Viertel,val,63,quarter_suffix_removed,.bmp,1332,1152,1
img_dd4e82c7b9633f22,Fräszustand Viertel/63_q3.bmp,Fräszustand Viertel,val,63,quarter_suffix_removed,.bmp,1332,1152,1
img_79f8f1bde667d1d6,Fräszustand Viertel/64_q1.bmp,Fräszustand Viertel,train,64,quarter_suffix_removed,.bmp,1332,1152,1
img_a9396ac75a74e786,Fräszustand Viertel/64_q2.bmp,Fräszustand Viertel,train,64,quarter_suffix_removed,.bmp,1332,1152,1
img_6451399eb624df40,Fräszustand Viertel/64_q3.bmp,Fräszustand Viertel,train,64,quarter_suffix_removed,.bmp,1332,1152,1
img_a52bfd380154675c,Fräszustand Viertel/66_q1.bmp,Fräszustand Viertel,train,66,quarter_suffix_removed,.bmp,1332,1152,1
img_03454a3ac7004474,Fräszustand Viertel/66_q2.bmp,Fräszustand Viertel,train,66,quarter_suffix_removed,.bmp,1332,1152,1
img_89ce53292fb56282,Fräszustand Viertel/66_q3.bmp,Fräszustand Viertel,train,66,quarter_suffix_removed,.bmp,1332,1152,1
img_57e058bb7527499e,Fräszustand Viertel/66_q4.bmp,Fräszustand Viertel,train,66,quarter_suffix_removed,.bmp,1332,1152,1
img_d675a50ce050079f,Fräszustand Viertel/67_q2.bmp,Fräszustand Viertel,test,67,quarter_suffix_removed,.bmp,1332,1152,1
img_af062379e0dfc293,Fräszustand Viertel/67_q3.bmp,Fräszustand Viertel,test,67,quarter_suffix_removed,.bmp,1332,1152,1
img_a464761273ef4e57,Fräszustand Viertel/69_q1.bmp,Fräszustand Viertel,train,69,quarter_suffix_removed,.bmp,1332,1152,1
img_ae69caa7827c3ac6,Fräszustand Viertel/69_q2.bmp,Fräszustand Viertel,train,69,quarter_suffix_removed,.bmp,1332,1152,1
img_a80eb52ce324f33d,Fräszustand Viertel/69_q3.bmp,Fräszustand Viertel,train,69,quarter_suffix_removed,.bmp,1332,1152,1
img_6c4dbfb8a40dd66e,Fräszustand Viertel/6_q3.bmp,Fräszustand Viertel,train,6,quarter_suffix_removed,.bmp,1332,1152,1
img_aea089acaf046305,Fräszustand Viertel/77_q1.bmp,Fräszustand Viertel,test,77,quarter_suffix_removed,.bmp,1332,1152,1
img_b159372f09cffa41,Fräszustand Viertel/79_q1.bmp,Fräszustand Viertel,train,79,quarter_suffix_removed,.bmp,1332,1152,1
img_d2a5f5f678361a4a,Fräszustand Viertel/79_q2.bmp,Fräszustand Viertel,train,79,quarter_suffix_removed,.bmp,1332,1152,1
img_bfa41d3b3d0d13f9,Fräszustand Viertel/79_q3.bmp,Fräszustand Viertel,train,79,quarter_suffix_removed,.bmp,1332,1152,1
img_227c47640ba3d60a,Fräszustand Viertel/79_q4.bmp,Fräszustand Viertel,train,79,quarter_suffix_removed,.bmp,1332,1152,1
img_6ad1e7fbc9b1c1a7,Fräszustand Viertel/7_q2.bmp,Fräszustand Viertel,train,7,quarter_suffix_removed,.bmp,1332,1152,1
img_2a911bcc37c4eb36,Fräszustand Viertel/7_q3.bmp,Fräszustand Viertel,train,7,quarter_suffix_removed,.bmp,1332,1152,1
img_98e16990d38fc75e,Fräszustand Viertel/84_q2.bmp,Fräszustand Viertel,train,84,quarter_suffix_removed,.bmp,1332,1152,1
img_0ed26f0bbb1407b8,Fräszustand Viertel/84_q3.bmp,Fräszustand Viertel,train,84,quarter_suffix_removed,.bmp,1332,1152,1
img_fe77150c9183029e,Fräszustand Viertel/84_q4.bmp,Fräszustand Viertel,train,84,quarter_suffix_removed,.bmp,1332,1152,1
img_d6a96ee891d470b4,Fräszustand Viertel/85_q2.bmp,Fräszustand Viertel,val,85,quarter_suffix_removed,.bmp,1332,1152,1
img_b3630ae083409d07,Fräszustand Viertel/85_q3.bmp,Fräszustand Viertel,val,85,quarter_suffix_removed,.bmp,1332,1152,1
img_1d5cefcde16f4323,Fräszustand Viertel/85_q4.bmp,Fräszustand Viertel,val,85,quarter_suffix_removed,.bmp,1332,1152,1
img_f4037e8590b57ec3,Fräszustand Viertel/86_q2.bmp,Fräszustand Viertel,train,86,quarter_suffix_removed,.bmp,1332,1152,1
img_3900b62027eb33f8,Fräszustand Viertel/86_q3.bmp,Fräszustand Viertel,train,86,quarter_suffix_removed,.bmp,1332,1152,1
img_7e2348d9d3675eb7,Fräszustand Viertel/86_q4.bmp,Fräszustand Viertel,train,86,quarter_suffix_removed,.bmp,1332,1152,1
img_eeb466ac5dc2f85d,Fräszustand Viertel/8_q3.bmp,Fräszustand Viertel,val,8,quarter_suffix_removed,.bmp,1332,1152,1
img_f0f77929e3006b6a,Fräszustand Viertel/92_q1.bmp,Fräszustand Viertel,train,92,quarter_suffix_removed,.bmp,1332,1152,1
img_d7dd3f58fb4a12c4,Fräszustand Viertel/92_q4.bmp,Fräszustand Viertel,train,92,quarter_suffix_removed,.bmp,1332,1152,1
img_580406ce9c16beb3,Fräszustand Viertel/93_q1.bmp,Fräszustand Viertel,train,93,quarter_suffix_removed,.bmp,1332,1152,1
img_ce91efaaa6d85325,Fräszustand Viertel/95_q3.bmp,Fräszustand Viertel,train,95,quarter_suffix_removed,.bmp,1332,1152,1
img_51b271b468f9d1cc,Fräszustand Viertel/95_q4.bmp,Fräszustand Viertel,train,95,quarter_suffix_removed,.bmp,1332,1152,1
img_0dd585cbe595c4f5,Fräszustand Viertel/98_q4.bmp,Fräszustand Viertel,train,98,quarter_suffix_removed,.bmp,1332,1152,1
img_e165142128594b8c,Fräszustand Viertel/99_q4.bmp,Fräszustand Viertel,train,99,quarter_suffix_removed,.bmp,1332,1152,1
img_40c06db1c4b50a9d,Fräszustand Viertel/9_q1.bmp,Fräszustand Viertel,train,9,quarter_suffix_removed,.bmp,1332,1152,1
img_c6b7d62e37276aa9,Fräszustand Viertel/9_q4.bmp,Fräszustand Viertel,train,9,quarter_suffix_removed,.bmp,1332,1152,1
img_3a538d5b97ae59f7,Fräszustand Viertel/_DSC0272_q1.JPG,Fräszustand Viertel,train,DSC0272,quarter_suffix_removed,.jpg,1824,1824,3
img_79446a41d5de579d,Fräszustand Viertel/_DSC0272_q2.JPG,Fräszustand Viertel,train,DSC0272,quarter_suffix_removed,.jpg,1824,1824,3
img_50475e8cfbd72a2f,Fräszustand Viertel/_DSC0272_q4.JPG,Fräszustand Viertel,train,DSC0272,quarter_suffix_removed,.jpg,1824,1824,3
img_67dd43230bf60e2f,Fräszustand Viertel/_DSC0273_q1.JPG,Fräszustand Viertel,train,DSC0273,quarter_suffix_removed,.jpg,1824,1824,3
img_94640375069bf052,Fräszustand Viertel/_DSC0273_q2.JPG,Fräszustand Viertel,train,DSC0273,quarter_suffix_removed,.jpg,1824,1824,3
img_131c4e83d9790e5e,Fräszustand Viertel/_DSC0273_q3.JPG,Fräszustand Viertel,train,DSC0273,quarter_suffix_removed,.jpg,1824,1824,3
img_c0e5b1b7adf9bd2c,Fräszustand Viertel/_DSC0273_q4.JPG,Fräszustand Viertel,train,DSC0273,quarter_suffix_removed,.jpg,1824,1824,3
img_81d14bab0a9ee07f,Fräszustand Viertel/_DSC0274_q1.JPG,Fräszustand Viertel,test,DSC0274,quarter_suffix_removed,.jpg,1824,1824,3
img_103e7adffe269008,Fräszustand Viertel/_DSC0274_q2.JPG,Fräszustand Viertel,test,DSC0274,quarter_suffix_removed,.jpg,1824,1824,3
img_ca58d1a6e96e025a,Fräszustand Viertel/_DSC0274_q4.JPG,Fräszustand Viertel,test,DSC0274,quarter_suffix_removed,.jpg,1824,1824,3
img_5d9ca1f128530ad7,Fräszustand Viertel/_DSC0275_q1.JPG,Fräszustand Viertel,train,DSC0275,quarter_suffix_removed,.jpg,1824,1824,3
img_9968281d5c3c700c,Fräszustand Viertel/_DSC0275_q2.JPG,Fräszustand Viertel,train,DSC0275,quarter_suffix_removed,.jpg,1824,1824,3
img_3abb3ea07059d7c0,Fräszustand Viertel/_DSC0275_q3.JPG,Fräszustand Viertel,train,DSC0275,quarter_suffix_removed,.jpg,1824,1824,3
img_d161f4e705b791ad,Fräszustand Viertel/_DSC0275_q4.JPG,Fräszustand Viertel,train,DSC0275,quarter_suffix_removed,.jpg,1824,1824,3
img_8624ff7ff6c96ac9,Fräszustand Viertel/_DSC0276_q1.JPG,Fräszustand Viertel,train,DSC0276,quarter_suffix_removed,.jpg,1824,1824,3
img_a9975ee2c67ff85d,Fräszustand Viertel/_DSC0276_q2.JPG,Fräszustand Viertel,train,DSC0276,quarter_suffix_removed,.jpg,1824,1824,3
img_9aaa0422f037c421,Fräszustand Viertel/_DSC0276_q3.JPG,Fräszustand Viertel,train,DSC0276,quarter_suffix_removed,.jpg,1824,1824,3
img_a3dba95589d7c224,Fräszustand Viertel/_DSC0276_q4.JPG,Fräszustand Viertel,train,DSC0276,quarter_suffix_removed,.jpg,1824,1824,3
img_54796462216aec2b,Fräszustand Viertel/_DSC0277_q3.JPG,Fräszustand Viertel,train,DSC0277,quarter_suffix_removed,.jpg,1824,1824,3
img_d1f48c144bc8dcf9,Fräszustand Viertel/_DSC0277_q4.JPG,Fräszustand Viertel,train,DSC0277,quarter_suffix_removed,.jpg,1824,1824,3
img_570233ca2c296169,Fräszustand Viertel/_DSC0278_q1.JPG,Fräszustand Viertel,test,DSC0278,quarter_suffix_removed,.jpg,1824,1824,3
img_b95d6646dd18e616,Fräszustand Viertel/_DSC0278_q2.JPG,Fräszustand Viertel,test,DSC0278,quarter_suffix_removed,.jpg,1824,1824,3
img_cc86e025bcdab2f0,Fräszustand Viertel/_DSC0278_q3.JPG,Fräszustand Viertel,test,DSC0278,quarter_suffix_removed,.jpg,1824,1824,3
img_59216417039a5b1d,Fräszustand Viertel/_DSC0278_q4.JPG,Fräszustand Viertel,test,DSC0278,quarter_suffix_removed,.jpg,1824,1824,3
img_c3a582b6dd114d5a,Fräszustand Viertel/_DSC0279_q1.JPG,Fräszustand Viertel,val,DSC0279,quarter_suffix_removed,.jpg,1824,1824,3
img_27e166e69d12c5b8,Fräszustand Viertel/_DSC0279_q2.JPG,Fräszustand Viertel,val,DSC0279,quarter_suffix_removed,.jpg,1824,1824,3
img_a46441bb1f12fb7b,Fräszustand Viertel/_DSC0279_q3.JPG,Fräszustand Viertel,val,DSC0279,quarter_suffix_removed,.jpg,1824,1824,3
img_c3c961d9b10f4c78,Fräszustand Viertel/_DSC0279_q4.JPG,Fräszustand Viertel,val,DSC0279,quarter_suffix_removed,.jpg,1824,1824,3
img_56863ab3488c4229,Fräszustand Viertel/_DSC0280_q1.JPG,Fräszustand Viertel,train,DSC0280,quarter_suffix_removed,.jpg,1824,1824,3
img_4ea163f6dbe7b61e,Fräszustand Viertel/_DSC0280_q2.JPG,Fräszustand Viertel,train,DSC0280,quarter_suffix_removed,.jpg,1824,1824,3
img_769743c790602ba1,Fräszustand Viertel/_DSC0280_q3.JPG,Fräszustand Viertel,train,DSC0280,quarter_suffix_removed,.jpg,1824,1824,3
img_ed68e4c40617cc62,Fräszustand Viertel/_DSC0280_q4.JPG,Fräszustand Viertel,train,DSC0280,quarter_suffix_removed,.jpg,1824,1824,3
img_0bc8248e58c4e182,Fräszustand Viertel/_DSC0281_q1.JPG,Fräszustand Viertel,train,DSC0281,quarter_suffix_removed,.jpg,1824,1824,3
img_4deb4fe94eec8532,Fräszustand Viertel/_DSC0281_q2.JPG,Fräszustand Viertel,train,DSC0281,quarter_suffix_removed,.jpg,1824,1824,3
img_9e31b0419d51bb38,Fräszustand Viertel/_DSC0281_q3.JPG,Fräszustand Viertel,train,DSC0281,quarter_suffix_removed,.jpg,1824,1824,3
img_8c02836c5b1edcb5,Fräszustand Viertel/_DSC0281_q4.JPG,Fräszustand Viertel,train,DSC0281,quarter_suffix_removed,.jpg,1824,1824,3
img_2b942cac243c4fc2,Fräszustand Viertel/_DSC0282_q1.JPG,Fräszustand Viertel,train,DSC0282,quarter_suffix_removed,.jpg,1824,1824,3
img_bae6e54e498e1776,Fräszustand Viertel/_DSC0282_q3.JPG,Fräszustand Viertel,train,DSC0282,quarter_suffix_removed,.jpg,1824,1824,3
img_6f05f1665414b778,Fräszustand Viertel/_DSC0282_q4.JPG,Fräszustand Viertel,train,DSC0282,quarter_suffix_removed,.jpg,1824,1824,3
img_392c2ed99a388b44,Fräszustand Viertel/_DSC0283_q1.JPG,Fräszustand Viertel,train,DSC0283,quarter_suffix_removed,.jpg,1824,1824,3
img_4f021c4c95b03584,Fräszustand Viertel/_DSC0283_q2.JPG,Fräszustand Viertel,train,DSC0283,quarter_suffix_removed,.jpg,1824,1824,3
img_e2daab8c3153d5ae,Fräszustand Viertel/_DSC0283_q3.JPG,Fräszustand Viertel,train,DSC0283,quarter_suffix_removed,.jpg,1824,1824,3
img_0f16a2011a157503,Fräszustand Viertel/_DSC0283_q4.JPG,Fräszustand Viertel,train,DSC0283,quarter_suffix_removed,.jpg,1824,1824,3
img_ea3a9b82743f0b68,Fräszustand Viertel/_DSC0284_q2.JPG,Fräszustand Viertel,train,DSC0284,quarter_suffix_removed,.jpg,1824,1824,3
img_86c630f981e4b4a9,Fräszustand Viertel/_DSC0284_q3.JPG,Fräszustand Viertel,train,DSC0284,quarter_suffix_removed,.jpg,1824,1824,3
img_0d984ff37846c88d,Fräszustand Viertel/_DSC0284_q4.JPG,Fräszustand Viertel,train,DSC0284,quarter_suffix_removed,.jpg,1824,1824,3
img_c0cb84c0e87e475e,Fräszustand Viertel/_DSC0285_q1.JPG,Fräszustand Viertel,train,DSC0285,quarter_suffix_removed,.jpg,1824,1824,3
img_4f59684ce97fdddd,Fräszustand Viertel/_DSC0285_q3.JPG,Fräszustand Viertel,train,DSC0285,quarter_suffix_removed,.jpg,1824,1824,3
img_6317fe8cab19d1d2,Fräszustand Viertel/_DSC0285_q4.JPG,Fräszustand Viertel,train,DSC0285,quarter_suffix_removed,.jpg,1824,1824,3
img_247709991b1bb5e2,Fräszustand Viertel/_DSC0286_q1.JPG,Fräszustand Viertel,train,DSC0286,quarter_suffix_removed,.jpg,1824,1824,3
img_dcb05f00e361307b,Fräszustand Viertel/_DSC0286_q2.JPG,Fräszustand Viertel,train,DSC0286,quarter_suffix_removed,.jpg,1824,1824,3
img_05833b80f9bbe8d8,Fräszustand Viertel/_DSC0286_q3.JPG,Fräszustand Viertel,train,DSC0286,quarter_suffix_removed,.jpg,1824,1824,3
img_e180648c466bf19d,Fräszustand Viertel/_DSC0286_q4.JPG,Fräszustand Viertel,train,DSC0286,quarter_suffix_removed,.jpg,1824,1824,3
img_71328ad097bfe9d1,Fräszustand Viertel/_DSC0287_q1.JPG,Fräszustand Viertel,train,DSC0287,quarter_suffix_removed,.jpg,1824,1824,3
img_42c0e1a6a3e5df98,Fräszustand Viertel/_DSC0287_q2.JPG,Fräszustand Viertel,train,DSC0287,quarter_suffix_removed,.jpg,1824,1824,3
img_16ce4a4a3423c1fe,Fräszustand Viertel/_DSC0287_q3.JPG,Fräszustand Viertel,train,DSC0287,quarter_suffix_removed,.jpg,1824,1824,3
img_a2c97f7c161eb134,Fräszustand Viertel/_DSC0287_q4.JPG,Fräszustand Viertel,train,DSC0287,quarter_suffix_removed,.jpg,1824,1824,3
img_aaf4799adcc91921,Fräszustand Viertel/_DSC0288_q1.JPG,Fräszustand Viertel,test,DSC0288,quarter_suffix_removed,.jpg,1824,1824,3
img_2d05b75ec7053154,Fräszustand Viertel/_DSC0288_q2.JPG,Fräszustand Viertel,test,DSC0288,quarter_suffix_removed,.jpg,1824,1824,3
img_c62a4545be3655c0,Fräszustand Viertel/_DSC0288_q3.JPG,Fräszustand Viertel,test,DSC0288,quarter_suffix_removed,.jpg,1824,1824,3
img_02bf4184d22c0060,Fräszustand Viertel/_DSC0288_q4.JPG,Fräszustand Viertel,test,DSC0288,quarter_suffix_removed,.jpg,1824,1824,3
img_da3c3f130142547f,Fräszustand Viertel/_DSC0289_q1.JPG,Fräszustand Viertel,val,DSC0289,quarter_suffix_removed,.jpg,1824,1824,3
img_805075d33285effc,Fräszustand Viertel/_DSC0289_q2.JPG,Fräszustand Viertel,val,DSC0289,quarter_suffix_removed,.jpg,1824,1824,3
img_9ff266e17685d230,Fräszustand Viertel/_DSC0289_q3.JPG,Fräszustand Viertel,val,DSC0289,quarter_suffix_removed,.jpg,1824,1824,3
img_0a75a6bada362a02,Fräszustand Viertel/_DSC0289_q4.JPG,Fräszustand Viertel,val,DSC0289,quarter_suffix_removed,.jpg,1824,1824,3
img_61579919d050e3e1,Fräszustand Viertel/_DSC0290_q1.JPG,Fräszustand Viertel,train,DSC0290,quarter_suffix_removed,.jpg,1824,1824,3
img_2cfa5b37ce4dea70,Fräszustand Viertel/_DSC0290_q2.JPG,Fräszustand Viertel,train,DSC0290,quarter_suffix_removed,.jpg,1824,1824,3
img_8f4296486c942550,Fräszustand Viertel/_DSC0290_q3.JPG,Fräszustand Viertel,train,DSC0290,quarter_suffix_removed,.jpg,1824,1824,3
img_9db34cc1d957dc91,Fräszustand Viertel/_DSC0290_q4.JPG,Fräszustand Viertel,train,DSC0290,quarter_suffix_removed,.jpg,1824,1824,3
img_ca513f62f7a22ac9,Fräszustand Viertel/_DSC0291_q1.JPG,Fräszustand Viertel,train,DSC0291,quarter_suffix_removed,.jpg,1824,1824,3
img_4ac66904d62403aa,Fräszustand Viertel/_DSC0291_q2.JPG,Fräszustand Viertel,train,DSC0291,quarter_suffix_removed,.jpg,1824,1824,3
img_e9e7fa4965525f5a,Fräszustand Viertel/_DSC0291_q3.JPG,Fräszustand Viertel,train,DSC0291,quarter_suffix_removed,.jpg,1824,1824,3
img_2cbda2526cecad52,Fräszustand Viertel/_DSC0291_q4.JPG,Fräszustand Viertel,train,DSC0291,quarter_suffix_removed,.jpg,1824,1824,3
img_0ed85e45dea832d6,Fräszustand Viertel/_DSC0292_q1.JPG,Fräszustand Viertel,test,DSC0292,quarter_suffix_removed,.jpg,1824,1824,3
img_7204f389435f4f5c,Fräszustand Viertel/_DSC0292_q2.JPG,Fräszustand Viertel,test,DSC0292,quarter_suffix_removed,.jpg,1824,1824,3
img_551761da4a2b082f,Fräszustand Viertel/_DSC0293_q2.JPG,Fräszustand Viertel,train,DSC0293,quarter_suffix_removed,.jpg,1824,1824,3
img_93426b3e10c51e86,Fräszustand Viertel/_DSC0293_q4.JPG,Fräszustand Viertel,train,DSC0293,quarter_suffix_removed,.jpg,1824,1824,3
img_1517c75fc721d9fe,Fräszustand Viertel/_DSC0294_q2.JPG,Fräszustand Viertel,train,DSC0294,quarter_suffix_removed,.jpg,1824,1824,3
img_7f78cc985c3a6caf,Fräszustand Viertel/_DSC0294_q4.JPG,Fräszustand Viertel,train,DSC0294,quarter_suffix_removed,.jpg,1824,1824,3
img_54545b0f18036850,Fräszustand Viertel/_DSC0295_q1.JPG,Fräszustand Viertel,val,DSC0295,quarter_suffix_removed,.jpg,1824,1824,3
img_f167b264934c172a,Fräszustand Viertel/_DSC0295_q2.JPG,Fräszustand Viertel,val,DSC0295,quarter_suffix_removed,.jpg,1824,1824,3
img_3c7dbd0876beda55,Fräszustand Viertel/_DSC0296_q1.JPG,Fräszustand Viertel,train,DSC0296,quarter_suffix_removed,.jpg,1824,1824,3
img_463373d65252d848,Fräszustand Viertel/_DSC0296_q2.JPG,Fräszustand Viertel,train,DSC0296,quarter_suffix_removed,.jpg,1824,1824,3
img_98c2920498b6944f,Fräszustand Viertel/_DSC0296_q3.JPG,Fräszustand Viertel,train,DSC0296,quarter_suffix_removed,.jpg,1824,1824,3
img_002aac53bbcce486,Fräszustand Viertel/_DSC0296_q4.JPG,Fräszustand Viertel,train,DSC0296,quarter_suffix_removed,.jpg,1824,1824,3
img_4e4755339c46729e,Fräszustand Viertel/_DSC0298_q1.JPG,Fräszustand Viertel,val,DSC0298,quarter_suffix_removed,.jpg,1824,1824,3
img_c72cc38650ebb66d,Fräszustand Viertel/_DSC0298_q2.JPG,Fräszustand Viertel,val,DSC0298,quarter_suffix_removed,.jpg,1824,1824,3
img_2702b2b5887c86ed,Fräszustand Viertel/_DSC0298_q4.JPG,Fräszustand Viertel,val,DSC0298,quarter_suffix_removed,.jpg,1824,1824,3
img_6e1b8c536a3391d7,Fräszustand Viertel/_DSC0299_q1.JPG,Fräszustand Viertel,train,DSC0299,quarter_suffix_removed,.jpg,1824,1824,3
img_530477222c733fc0,Fräszustand Viertel/_DSC0299_q2.JPG,Fräszustand Viertel,train,DSC0299,quarter_suffix_removed,.jpg,1824,1824,3
img_f7edfbfc83f6bc4c,Fräszustand Viertel/_DSC0299_q3.JPG,Fräszustand Viertel,train,DSC0299,quarter_suffix_removed,.jpg,1824,1824,3
img_6d544ed6d230dcbf,Fräszustand Viertel/_DSC0299_q4.JPG,Fräszustand Viertel,train,DSC0299,quarter_suffix_removed,.jpg,1824,1824,3
img_9e35a2d94f42bb6a,Fräszustand Viertel/_DSC0300_q2.JPG,Fräszustand Viertel,train,DSC0300,quarter_suffix_removed,.jpg,1824,1824,3
img_f56bf7e53fca96ba,Fräszustand Viertel/_DSC0300_q3.JPG,Fräszustand Viertel,train,DSC0300,quarter_suffix_removed,.jpg,1824,1824,3
img_01532c62d402d08a,Fräszustand Viertel/_DSC0300_q4.JPG,Fräszustand Viertel,train,DSC0300,quarter_suffix_removed,.jpg,1824,1824,3
img_71ec1633cc60e740,Fräszustand Viertel/_DSC0301_q1.JPG,Fräszustand Viertel,test,DSC0301,quarter_suffix_removed,.jpg,1824,1824,3
img_0cc5c1a05782c733,Fräszustand Viertel/_DSC0301_q2.JPG,Fräszustand Viertel,test,DSC0301,quarter_suffix_removed,.jpg,1824,1824,3
img_e8960a8314d632c3,Fräszustand Viertel/_DSC0301_q3.JPG,Fräszustand Viertel,test,DSC0301,quarter_suffix_removed,.jpg,1824,1824,3
img_78c6c8fb57bcb9f6,Fräszustand Viertel/_DSC0301_q4.JPG,Fräszustand Viertel,test,DSC0301,quarter_suffix_removed,.jpg,1824,1824,3
img_5b01e53070862da2,Fräszustand Viertel/_DSC0302_q2.JPG,Fräszustand Viertel,test,DSC0302,quarter_suffix_removed,.jpg,1824,1824,3
img_36b3ce9ac5d3a755,Fräszustand Viertel/_DSC0303_q1.JPG,Fräszustand Viertel,train,DSC0303,quarter_suffix_removed,.jpg,1824,1824,3
img_de0b6c88c8712950,Fräszustand Viertel/_DSC0303_q2.JPG,Fräszustand Viertel,train,DSC0303,quarter_suffix_removed,.jpg,1824,1824,3
img_11ab47c2cbbcff87,Fräszustand Viertel/_DSC0303_q3.JPG,Fräszustand Viertel,train,DSC0303,quarter_suffix_removed,.jpg,1824,1824,3
img_00c955cb4da32de9,Fräszustand Viertel/_DSC0303_q4.JPG,Fräszustand Viertel,train,DSC0303,quarter_suffix_removed,.jpg,1824,1824,3
img_ae5cd8fc7f13b6fc,Fräszustand Viertel/_DSC0304_q1.JPG,Fräszustand Viertel,val,DSC0304,quarter_suffix_removed,.jpg,1824,1824,3
img_7cae85b54b78a7b6,Fräszustand Viertel/_DSC0304_q2.JPG,Fräszustand Viertel,val,DSC0304,quarter_suffix_removed,.jpg,1824,1824,3
img_36d8ff5f8e945cbe,Fräszustand Viertel/_DSC0304_q3.JPG,Fräszustand Viertel,val,DSC0304,quarter_suffix_removed,.jpg,1824,1824,3
img_fdf7981bbf8a2964,Fräszustand Viertel/_DSC0304_q4.JPG,Fräszustand Viertel,val,DSC0304,quarter_suffix_removed,.jpg,1824,1824,3
img_692a68e2f697d3bc,Fräszustand Viertel/_DSC0305_q1.JPG,Fräszustand Viertel,train,DSC0305,quarter_suffix_removed,.jpg,1824,1824,3
img_35ed58215bdd50a7,Fräszustand Viertel/_DSC0305_q2.JPG,Fräszustand Viertel,train,DSC0305,quarter_suffix_removed,.jpg,1824,1824,3
img_471f0412d328a633,Fräszustand Viertel/_DSC0305_q3.JPG,Fräszustand Viertel,train,DSC0305,quarter_suffix_removed,.jpg,1824,1824,3
img_ea29658fbf4522e4,Fräszustand Viertel/_DSC0306_q1.JPG,Fräszustand Viertel,test,DSC0306,quarter_suffix_removed,.jpg,1824,1824,3
img_bd671cdfb7f9c54c,Fräszustand Viertel/_DSC0306_q2.JPG,Fräszustand Viertel,test,DSC0306,quarter_suffix_removed,.jpg,1824,1824,3
img_53d1768771b507af,Fräszustand Viertel/_DSC0306_q3.JPG,Fräszustand Viertel,test,DSC0306,quarter_suffix_removed,.jpg,1824,1824,3
img_e865e1458a45aac6,Fräszustand Viertel/_DSC0307_q1.JPG,Fräszustand Viertel,train,DSC0307,quarter_suffix_removed,.jpg,1824,1824,3
img_da77b60e871a80d9,Fräszustand Viertel/_DSC0307_q2.JPG,Fräszustand Viertel,train,DSC0307,quarter_suffix_removed,.jpg,1824,1824,3
img_613c83ef7e1ecdba,Fräszustand Viertel/_DSC0307_q3.JPG,Fräszustand Viertel,train,DSC0307,quarter_suffix_removed,.jpg,1824,1824,3
img_bc0d0e2d5cf1d2df,Fräszustand Viertel/_DSC0307_q4.JPG,Fräszustand Viertel,train,DSC0307,quarter_suffix_removed,.jpg,1824,1824,3
img_5132aea72b400a78,Fräszustand Viertel/_DSC0308_q1.JPG,Fräszustand Viertel,train,DSC0308,quarter_suffix_removed,.jpg,1824,1824,3
img_4472622d581f1034,Fräszustand Viertel/_DSC0308_q2.JPG,Fräszustand Viertel,train,DSC0308,quarter_suffix_removed,.jpg,1824,1824,3
img_31a44a17de1aa214,Fräszustand Viertel/_DSC0308_q3.JPG,Fräszustand Viertel,train,DSC0308,quarter_suffix_removed,.jpg,1824,1824,3
img_ae8156e1575d4c1c,Fräszustand Viertel/_DSC0308_q4.JPG,Fräszustand Viertel,train,DSC0308,quarter_suffix_removed,.jpg,1824,1824,3
img_94283bacdcbfaf75,Fräszustand Viertel/_DSC0309_q1.JPG,Fräszustand Viertel,train,DSC0309,quarter_suffix_removed,.jpg,1824,1824,3
img_66ddc00b4fbe8cac,Fräszustand Viertel/_DSC0309_q2.JPG,Fräszustand Viertel,train,DSC0309,quarter_suffix_removed,.jpg,1824,1824,3
img_edb4a6adcd10ef09,Fräszustand Viertel/_DSC0309_q3.JPG,Fräszustand Viertel,train,DSC0309,quarter_suffix_removed,.jpg,1824,1824,3
img_e117d66ac189954b,Fräszustand Viertel/_DSC0309_q4.JPG,Fräszustand Viertel,train,DSC0309,quarter_suffix_removed,.jpg,1824,1824,3
img_76f1d6307b062fea,Fräszustand Viertel/_DSC0310_q1.JPG,Fräszustand Viertel,train,DSC0310,quarter_suffix_removed,.jpg,1824,1824,3
img_2d748315ec1fcf2c,Fräszustand Viertel/_DSC0310_q2.JPG,Fräszustand Viertel,train,DSC0310,quarter_suffix_removed,.jpg,1824,1824,3
img_96dfc2ae8cbbf733,Fräszustand Viertel/_DSC0310_q3.JPG,Fräszustand Viertel,train,DSC0310,quarter_suffix_removed,.jpg,1824,1824,3
img_5e23ac4d0422a8ac,Fräszustand Viertel/_DSC0310_q4.JPG,Fräszustand Viertel,train,DSC0310,quarter_suffix_removed,.jpg,1824,1824,3
img_904fa5cb4d52ea4a,Fräszustand Viertel/_DSC0311_q1.JPG,Fräszustand Viertel,train,DSC0311,quarter_suffix_removed,.jpg,1824,1824,3
img_11e605016cdaeb94,Fräszustand Viertel/_DSC0311_q2.JPG,Fräszustand Viertel,train,DSC0311,quarter_suffix_removed,.jpg,1824,1824,3
img_0001a73c2c0c1994,Fräszustand Viertel/_DSC0311_q3.JPG,Fräszustand Viertel,train,DSC0311,quarter_suffix_removed,.jpg,1824,1824,3
img_b3d122f8ec172beb,Fräszustand Viertel/_DSC0312_q1.JPG,Fräszustand Viertel,train,DSC0312,quarter_suffix_removed,.jpg,1824,1824,3
img_92f92fc411e7acc8,Fräszustand Viertel/_DSC0312_q2.JPG,Fräszustand Viertel,train,DSC0312,quarter_suffix_removed,.jpg,1824,1824,3
img_69e7b919dfe48e53,Fräszustand Viertel/_DSC0313_q1.JPG,Fräszustand Viertel,train,DSC0313,quarter_suffix_removed,.jpg,1824,1824,3
img_294f304b77d70b88,Fräszustand Viertel/_DSC0314_q1.JPG,Fräszustand Viertel,train,DSC0314,quarter_suffix_removed,.jpg,1824,1824,3
img_6962b3b1316ab3ba,Fräszustand Viertel/_DSC0314_q2.JPG,Fräszustand Viertel,train,DSC0314,quarter_suffix_removed,.jpg,1824,1824,3
img_2d1104b7e673ec98,Fräszustand Viertel/_DSC0314_q3.JPG,Fräszustand Viertel,train,DSC0314,quarter_suffix_removed,.jpg,1824,1824,3
img_7d14548ed0121302,Fräszustand Viertel/_DSC0315_q1.JPG,Fräszustand Viertel,test,DSC0315,quarter_suffix_removed,.jpg,1824,1824,3
img_2dcd00ca611fe4db,Fräszustand Viertel/_DSC0315_q2.JPG,Fräszustand Viertel,test,DSC0315,quarter_suffix_removed,.jpg,1824,1824,3
img_bee9ce5062b6bfd8,Fräszustand Viertel/_DSC0315_q3.JPG,Fräszustand Viertel,test,DSC0315,quarter_suffix_removed,.jpg,1824,1824,3
img_fad5f56320324954,Fräszustand Viertel/_DSC0315_q4.JPG,Fräszustand Viertel,test,DSC0315,quarter_suffix_removed,.jpg,1824,1824,3
img_d7cef2838310af08,Fräszustand Viertel/_DSC0316_q1.JPG,Fräszustand Viertel,train,DSC0316,quarter_suffix_removed,.jpg,1824,1824,3
img_d04bb019664681df,Fräszustand Viertel/_DSC0316_q2.JPG,Fräszustand Viertel,train,DSC0316,quarter_suffix_removed,.jpg,1824,1824,3
img_edb480e2531f1755,Fräszustand Viertel/_DSC0316_q3.JPG,Fräszustand Viertel,train,DSC0316,quarter_suffix_removed,.jpg,1824,1824,3
img_7a7e007d82286e99,Fräszustand Viertel/_DSC0317_q1.JPG,Fräszustand Viertel,val,DSC0317,quarter_suffix_removed,.jpg,1824,1824,3
img_92a8235f273bc6a2,Fräszustand Viertel/_DSC0317_q2.JPG,Fräszustand Viertel,val,DSC0317,quarter_suffix_removed,.jpg,1824,1824,3
img_53c65f07d92c50df,Fräszustand Viertel/_DSC0317_q3.JPG,Fräszustand Viertel,val,DSC0317,quarter_suffix_removed,.jpg,1824,1824,3
img_ed4bd68ab9e2595f,Fräszustand Viertel/_DSC0318_q1.JPG,Fräszustand Viertel,train,DSC0318,quarter_suffix_removed,.jpg,1824,1824,3
img_2af521c280ce0862,Fräszustand Viertel/_DSC0318_q3.JPG,Fräszustand Viertel,train,DSC0318,quarter_suffix_removed,.jpg,1824,1824,3
img_480403e909939def,Fräszustand Viertel/_DSC0319_q1.JPG,Fräszustand Viertel,train,DSC0319,quarter_suffix_removed,.jpg,1824,1824,3
img_885b72dd4c748b0f,Fräszustand Viertel/_DSC0319_q2.JPG,Fräszustand Viertel,train,DSC0319,quarter_suffix_removed,.jpg,1824,1824,3
img_ac823c144e93bc74,Fräszustand Viertel/_DSC0319_q4.JPG,Fräszustand Viertel,train,DSC0319,quarter_suffix_removed,.jpg,1824,1824,3
img_ffbf6ebd50d27f63,Fräszustand Viertel/_DSC0320_q1.JPG,Fräszustand Viertel,val,DSC0320,quarter_suffix_removed,.jpg,1824,1824,3
img_404805e8cb9da324,Fräszustand Viertel/_DSC0320_q2.JPG,Fräszustand Viertel,val,DSC0320,quarter_suffix_removed,.jpg,1824,1824,3
img_0fd6ac92315ab92c,Fräszustand Viertel/_DSC0320_q3.JPG,Fräszustand Viertel,val,DSC0320,quarter_suffix_removed,.jpg,1824,1824,3
img_cf1fe0f9b4d0cd0a,Fräszustand Viertel/_DSC0320_q4.JPG,Fräszustand Viertel,val,DSC0320,quarter_suffix_removed,.jpg,1824,1824,3
img_64d8e5359039a655,Fräszustand Viertel/_DSC0321_q1.JPG,Fräszustand Viertel,train,DSC0321,quarter_suffix_removed,.jpg,1824,1824,3
img_d4a24ae1e2caafa0,Fräszustand Viertel/_DSC0321_q2.JPG,Fräszustand Viertel,train,DSC0321,quarter_suffix_removed,.jpg,1824,1824,3
img_d08e21a1e7fe1995,Fräszustand Viertel/_DSC0321_q3.JPG,Fräszustand Viertel,train,DSC0321,quarter_suffix_removed,.jpg,1824,1824,3
img_e954752431450dd5,Fräszustand Viertel/_DSC0321_q4.JPG,Fräszustand Viertel,train,DSC0321,quarter_suffix_removed,.jpg,1824,1824,3
img_37129b628aecc345,Fräszustand Viertel/_DSC0322_q1.JPG,Fräszustand Viertel,train,DSC0322,quarter_suffix_removed,.jpg,1824,1824,3
img_70a8fe3d34e95509,Fräszustand Viertel/_DSC0322_q2.JPG,Fräszustand Viertel,train,DSC0322,quarter_suffix_removed,.jpg,1824,1824,3
img_48e2f7788851c2a2,Fräszustand Viertel/_DSC0322_q3.JPG,Fräszustand Viertel,train,DSC0322,quarter_suffix_removed,.jpg,1824,1824,3
img_ac21b4efb86f1e00,Fräszustand Viertel/_DSC0322_q4.JPG,Fräszustand Viertel,train,DSC0322,quarter_suffix_removed,.jpg,1824,1824,3
img_214ca97b4fdcc55a,Fräszustand Viertel/_DSC0323_q1.JPG,Fräszustand Viertel,train,DSC0323,quarter_suffix_removed,.jpg,1824,1824,3
img_3a03e17a4ddd083c,Fräszustand Viertel/_DSC0323_q2.JPG,Fräszustand Viertel,train,DSC0323,quarter_suffix_removed,.jpg,1824,1824,3
img_b59f4cf7125bff4c,Fräszustand Viertel/_DSC0323_q3.JPG,Fräszustand Viertel,train,DSC0323,quarter_suffix_removed,.jpg,1824,1824,3
img_a8923b2b1634b6b3,Fräszustand Viertel/_DSC0323_q4.JPG,Fräszustand Viertel,train,DSC0323,quarter_suffix_removed,.jpg,1824,1824,3
img_9f6d833204afb331,Fräszustand Viertel/_DSC0324_q2.JPG,Fräszustand Viertel,train,DSC0324,quarter_suffix_removed,.jpg,1824,1824,3
img_c55d2964c6615bd5,Fräszustand Viertel/_DSC0324_q3.JPG,Fräszustand Viertel,train,DSC0324,quarter_suffix_removed,.jpg,1824,1824,3
img_89f6f6f29554e670,Fräszustand Viertel/_DSC0325_q2.JPG,Fräszustand Viertel,train,DSC0325,quarter_suffix_removed,.jpg,1824,1824,3
img_230fb146f5c00317,Fräszustand Viertel/_DSC0326_q2.JPG,Fräszustand Viertel,test,DSC0326,quarter_suffix_removed,.jpg,1824,1824,3
img_741840adb72118bc,Fräszustand Viertel/_DSC0326_q3.JPG,Fräszustand Viertel,test,DSC0326,quarter_suffix_removed,.jpg,1824,1824,3
img_ea48efcc1f74f49f,Fräszustand Viertel/_DSC0326_q4.JPG,Fräszustand Viertel,test,DSC0326,quarter_suffix_removed,.jpg,1824,1824,3
img_9b303e01df74d211,Fräszustand Viertel/_DSC0327_q1.JPG,Fräszustand Viertel,test,DSC0327,quarter_suffix_removed,.jpg,1824,1824,3
img_1916eda04ac9bb8e,Fräszustand Viertel/_DSC0327_q3.JPG,Fräszustand Viertel,test,DSC0327,quarter_suffix_removed,.jpg,1824,1824,3
img_e62e6a0b2b8315b0,Fräszustand Viertel/_DSC0328_q2.JPG,Fräszustand Viertel,train,DSC0328,quarter_suffix_removed,.jpg,1824,1824,3
img_37c3e01b2fe33854,Fräszustand Viertel/_DSC0328_q3.JPG,Fräszustand Viertel,train,DSC0328,quarter_suffix_removed,.jpg,1824,1824,3
img_56067c6912d1c1d4,Fräszustand Viertel/_DSC0328_q4.JPG,Fräszustand Viertel,train,DSC0328,quarter_suffix_removed,.jpg,1824,1824,3
img_dcbd70efa5450313,Fräszustand Viertel/_DSC0329_q2.JPG,Fräszustand Viertel,train,DSC0329,quarter_suffix_removed,.jpg,1824,1824,3
img_326e5af26be72755,Fräszustand Viertel/_DSC0329_q4.JPG,Fräszustand Viertel,train,DSC0329,quarter_suffix_removed,.jpg,1824,1824,3
img_2d3ad3a9375d1eeb,Fräszustand Viertel/_DSC0330_q1.JPG,Fräszustand Viertel,train,DSC0330,quarter_suffix_removed,.jpg,1824,1824,3
img_b1126f60dd799395,Fräszustand Viertel/_DSC0330_q2.JPG,Fräszustand Viertel,train,DSC0330,quarter_suffix_removed,.jpg,1824,1824,3
img_7bfb616d7c79c219,Fräszustand Viertel/_DSC0330_q3.JPG,Fräszustand Viertel,train,DSC0330,quarter_suffix_removed,.jpg,1824,1824,3
img_87f0dc4493062bae,Fräszustand Viertel/_DSC0330_q4.JPG,Fräszustand Viertel,train,DSC0330,quarter_suffix_removed,.jpg,1824,1824,3
img_9b788f042c6d5bfd,Fräszustand Viertel/_DSC0331_q1.JPG,Fräszustand Viertel,train,DSC0331,quarter_suffix_removed,.jpg,1824,1824,3
img_50b7905256a6de67,Fräszustand Viertel/_DSC0331_q2.JPG,Fräszustand Viertel,train,DSC0331,quarter_suffix_removed,.jpg,1824,1824,3
img_71365da78207dcb9,Fräszustand Viertel/_DSC0331_q3.JPG,Fräszustand Viertel,train,DSC0331,quarter_suffix_removed,.jpg,1824,1824,3
img_18cf75fd80e0c579,Fräszustand Viertel/_DSC0332_q1.JPG,Fräszustand Viertel,train,DSC0332,quarter_suffix_removed,.jpg,1824,1824,3
img_86e12d7a43ce2245,Fräszustand Viertel/_DSC0332_q2.JPG,Fräszustand Viertel,train,DSC0332,quarter_suffix_removed,.jpg,1824,1824,3
img_db4a4ee4e3608a18,Fräszustand Viertel/_DSC0332_q4.JPG,Fräszustand Viertel,train,DSC0332,quarter_suffix_removed,.jpg,1824,1824,3
img_6868a6a66efefa36,Fräszustand Viertel/_DSC0333_q1.JPG,Fräszustand Viertel,train,DSC0333,quarter_suffix_removed,.jpg,1824,1824,3
img_560569825352139c,Fräszustand Viertel/_DSC0333_q2.JPG,Fräszustand Viertel,train,DSC0333,quarter_suffix_removed,.jpg,1824,1824,3
img_faf718eeac467a8c,Fräszustand Viertel/_DSC0333_q3.JPG,Fräszustand Viertel,train,DSC0333,quarter_suffix_removed,.jpg,1824,1824,3
img_84ffcf056996b296,Fräszustand Viertel/_DSC0333_q4.JPG,Fräszustand Viertel,train,DSC0333,quarter_suffix_removed,.jpg,1824,1824,3
img_981b44b0fbf205c9,Fräszustand Viertel/_DSC0334_q1.JPG,Fräszustand Viertel,test,DSC0334,quarter_suffix_removed,.jpg,1824,1824,3
img_a769d56398c71e80,Fräszustand Viertel/_DSC0334_q2.JPG,Fräszustand Viertel,test,DSC0334,quarter_suffix_removed,.jpg,1824,1824,3
img_01d9f0cb3bd0b406,Fräszustand Viertel/_DSC0334_q3.JPG,Fräszustand Viertel,test,DSC0334,quarter_suffix_removed,.jpg,1824,1824,3
img_a93e629cba71a947,Fräszustand Viertel/_DSC0334_q4.JPG,Fräszustand Viertel,test,DSC0334,quarter_suffix_removed,.jpg,1824,1824,3
img_792d41d74783da65,Fräszustand Viertel/_DSC0335_q1.JPG,Fräszustand Viertel,val,DSC0335,quarter_suffix_removed,.jpg,1824,1824,3
img_301afa2cf1d75eea,Fräszustand Viertel/_DSC0335_q2.JPG,Fräszustand Viertel,val,DSC0335,quarter_suffix_removed,.jpg,1824,1824,3
img_d9d80f8c3a96876f,Fräszustand Viertel/_DSC0335_q3.JPG,Fräszustand Viertel,val,DSC0335,quarter_suffix_removed,.jpg,1824,1824,3
img_a9966951c9827f20,Fräszustand Viertel/_DSC0336_q1.JPG,Fräszustand Viertel,train,DSC0336,quarter_suffix_removed,.jpg,1824,1824,3
img_d22d47d2a05aef91,Fräszustand Viertel/_DSC0336_q2.JPG,Fräszustand Viertel,train,DSC0336,quarter_suffix_removed,.jpg,1824,1824,3
img_115f88cb200e64e5,Fräszustand Viertel/_DSC0336_q3.JPG,Fräszustand Viertel,train,DSC0336,quarter_suffix_removed,.jpg,1824,1824,3
img_33a07a8fa0d44fce,Fräszustand Viertel/_DSC0337_q1.JPG,Fräszustand Viertel,val,DSC0337,quarter_suffix_removed,.jpg,1824,1824,3
img_767a94ae68b4c21b,Fräszustand Viertel/_DSC0337_q2.JPG,Fräszustand Viertel,val,DSC0337,quarter_suffix_removed,.jpg,1824,1824,3
img_64047d841ded4f18,Fräszustand Viertel/_DSC0337_q3.JPG,Fräszustand Viertel,val,DSC0337,quarter_suffix_removed,.jpg,1824,1824,3
img_330fa340d9435268,Fräszustand Viertel/_DSC0337_q4.JPG,Fräszustand Viertel,val,DSC0337,quarter_suffix_removed,.jpg,1824,1824,3
img_332f5e762939c0f0,Fräszustand Viertel/_DSC0338_q1.JPG,Fräszustand Viertel,train,DSC0338,quarter_suffix_removed,.jpg,1824,1824,3
img_feb90757c98c18cc,Fräszustand Viertel/_DSC0338_q2.JPG,Fräszustand Viertel,train,DSC0338,quarter_suffix_removed,.jpg,1824,1824,3
img_f41b65a8e84154d6,Fräszustand Viertel/_DSC0338_q4.JPG,Fräszustand Viertel,train,DSC0338,quarter_suffix_removed,.jpg,1824,1824,3
img_46226a2a30b0cb5d,Fräszustand Viertel/_DSC0339_q1.JPG,Fräszustand Viertel,train,DSC0339,quarter_suffix_removed,.jpg,1824,1824,3
img_2b44b5edb1f797be,Fräszustand Viertel/_DSC0339_q2.JPG,Fräszustand Viertel,train,DSC0339,quarter_suffix_removed,.jpg,1824,1824,3
img_2a050bc6482bef68,Fräszustand Viertel/_DSC0339_q3.JPG,Fräszustand Viertel,train,DSC0339,quarter_suffix_removed,.jpg,1824,1824,3
img_517801f6b1a7e3d4,Fräszustand Viertel/_DSC0339_q4.JPG,Fräszustand Viertel,train,DSC0339,quarter_suffix_removed,.jpg,1824,1824,3
img_9fec9d0f95aae307,Fräszustand Viertel/_DSC0340_q1.JPG,Fräszustand Viertel,train,DSC0340,quarter_suffix_removed,.jpg,1824,1824,3
img_f8737bf1ef644cad,Fräszustand Viertel/_DSC0340_q2.JPG,Fräszustand Viertel,train,DSC0340,quarter_suffix_removed,.jpg,1824,1824,3
img_73544432dadaf67b,Fräszustand Viertel/_DSC0340_q3.JPG,Fräszustand Viertel,train,DSC0340,quarter_suffix_removed,.jpg,1824,1824,3
img_6383f85034de2883,Fräszustand Viertel/_DSC0340_q4.JPG,Fräszustand Viertel,train,DSC0340,quarter_suffix_removed,.jpg,1824,1824,3
img_51aa9ba91e280589,Fräszustand Viertel/_DSC0341_q1.JPG,Fräszustand Viertel,train,DSC0341,quarter_suffix_removed,.jpg,1824,1824,3
img_67394579819c08fa,Fräszustand Viertel/_DSC0341_q2.JPG,Fräszustand Viertel,train,DSC0341,quarter_suffix_removed,.jpg,1824,1824,3
img_a7bb369ea95ae4dd,Fräszustand Viertel/_DSC0341_q3.JPG,Fräszustand Viertel,train,DSC0341,quarter_suffix_removed,.jpg,1824,1824,3
img_0209412840705168,Fräszustand Viertel/_DSC0341_q4.JPG,Fräszustand Viertel,train,DSC0341,quarter_suffix_removed,.jpg,1824,1824,3
img_5907e3f46ec6b33c,Fräszustand Viertel/_DSC0342_q2.JPG,Fräszustand Viertel,train,DSC0342,quarter_suffix_removed,.jpg,1824,1824,3
img_400af965b60e0020,Fräszustand Viertel/_DSC0343_q1.JPG,Fräszustand Viertel,test,DSC0343,quarter_suffix_removed,.jpg,1824,1824,3
img_9e03a84feb2b607a,Fräszustand Viertel/_DSC0343_q2.JPG,Fräszustand Viertel,test,DSC0343,quarter_suffix_removed,.jpg,1824,1824,3
img_841c663cfc54f04f,Fräszustand Viertel/_DSC0343_q3.JPG,Fräszustand Viertel,test,DSC0343,quarter_suffix_removed,.jpg,1824,1824,3
img_769510754ac3d1e2,Fräszustand Viertel/_DSC0344_q1.JPG,Fräszustand Viertel,train,DSC0344,quarter_suffix_removed,.jpg,1824,1824,3
img_2021c265cc96b67c,Fräszustand Viertel/_DSC0344_q2.JPG,Fräszustand Viertel,train,DSC0344,quarter_suffix_removed,.jpg,1824,1824,3
img_9bd8811b6e80ad1b,Fräszustand Viertel/_DSC0345_q1.JPG,Fräszustand Viertel,val,DSC0345,quarter_suffix_removed,.jpg,1824,1824,3
img_67e4863b89039684,Fräszustand Viertel/_DSC0345_q2.JPG,Fräszustand Viertel,val,DSC0345,quarter_suffix_removed,.jpg,1824,1824,3
img_e21015496f7f0485,Fräszustand Viertel/_DSC0346_q1.JPG,Fräszustand Viertel,train,DSC0346,quarter_suffix_removed,.jpg,1824,1824,3
img_96878f935b8284e1,Fräszustand Viertel/_DSC0347_q1.JPG,Fräszustand Viertel,train,DSC0347,quarter_suffix_removed,.jpg,1824,1824,3
img_28b74ac3d766c749,Fräszustand Viertel/_DSC0347_q2.JPG,Fräszustand Viertel,train,DSC0347,quarter_suffix_removed,.jpg,1824,1824,3
img_ca43353e2bf86053,Fräszustand Viertel/_DSC0347_q4.JPG,Fräszustand Viertel,train,DSC0347,quarter_suffix_removed,.jpg,1824,1824,3
img_2e5a34d34a805b18,Fräszustand Viertel/_DSC0348_q1.JPG,Fräszustand Viertel,train,DSC0348,quarter_suffix_removed,.jpg,1824,1824,3
img_3f54cd892784c41f,Fräszustand Viertel/_DSC0348_q2.JPG,Fräszustand Viertel,train,DSC0348,quarter_suffix_removed,.jpg,1824,1824,3
img_2732d3fa22e26753,Fräszustand Viertel/_DSC0348_q3.JPG,Fräszustand Viertel,train,DSC0348,quarter_suffix_removed,.jpg,1824,1824,3
img_2eb05d58df41937a,Fräszustand Viertel/_DSC0349_q1.JPG,Fräszustand Viertel,train,DSC0349,quarter_suffix_removed,.jpg,1824,1824,3
img_111a9a1bb68b8c6c,Fräszustand Viertel/_DSC0349_q3.JPG,Fräszustand Viertel,train,DSC0349,quarter_suffix_removed,.jpg,1824,1824,3
img_0f2767ae7810cd02,Fräszustand Viertel/_DSC0349_q4.JPG,Fräszustand Viertel,train,DSC0349,quarter_suffix_removed,.jpg,1824,1824,3
img_e3663d091721dcd1,Fräszustand Viertel/_DSC0351_q1.JPG,Fräszustand Viertel,train,DSC0351,quarter_suffix_removed,.jpg,1824,1824,3
img_4080a5fff96f5da6,Fräszustand Viertel/_DSC0351_q2.JPG,Fräszustand Viertel,train,DSC0351,quarter_suffix_removed,.jpg,1824,1824,3
img_a8808a0b67e5bbc4,Fräszustand Viertel/_DSC0351_q3.JPG,Fräszustand Viertel,train,DSC0351,quarter_suffix_removed,.jpg,1824,1824,3
img_9527af00b886269e,Fräszustand Viertel/_DSC0351_q4.JPG,Fräszustand Viertel,train,DSC0351,quarter_suffix_removed,.jpg,1824,1824,3
img_48bef08f8db68201,Fräszustand Viertel/_DSC0352_q1.JPG,Fräszustand Viertel,train,DSC0352,quarter_suffix_removed,.jpg,1824,1824,3
img_dcd965c5144f79ea,Fräszustand Viertel/_DSC0352_q2.JPG,Fräszustand Viertel,train,DSC0352,quarter_suffix_removed,.jpg,1824,1824,3
img_05752187b5409970,Fräszustand Viertel/_DSC1317_q1.JPG,Fräszustand Viertel,val,DSC1317,quarter_suffix_removed,.jpg,1824,1824,3
img_6fefce201f582254,Fräszustand Viertel/_DSC1318_q1.JPG,Fräszustand Viertel,test,DSC1318,quarter_suffix_removed,.jpg,1824,1824,3
img_99fd0f703c303713,Fräszustand Viertel/_DSC1318_q2.JPG,Fräszustand Viertel,test,DSC1318,quarter_suffix_removed,.jpg,1824,1824,3
img_f897bac0782b0016,Fräszustand Viertel/_DSC1318_q3.JPG,Fräszustand Viertel,test,DSC1318,quarter_suffix_removed,.jpg,1824,1824,3
img_808b7f31cf4fd593,Fräszustand Viertel/_DSC1318_q4.JPG,Fräszustand Viertel,test,DSC1318,quarter_suffix_removed,.jpg,1824,1824,3
img_05b1d4fb19d098bc,Fräszustand Viertel/_DSC1319_q1.JPG,Fräszustand Viertel,val,DSC1319,quarter_suffix_removed,.jpg,1824,1824,3
img_5b0bd4d92dee47d8,Fräszustand Viertel/_DSC1319_q2.JPG,Fräszustand Viertel,val,DSC1319,quarter_suffix_removed,.jpg,1824,1824,3
img_f7fcc7f2f6d48199,Fräszustand Viertel/_DSC1319_q3.JPG,Fräszustand Viertel,val,DSC1319,quarter_suffix_removed,.jpg,1824,1824,3
img_80deee8a2549a0e0,Fräszustand Viertel/_DSC1319_q4.JPG,Fräszustand Viertel,val,DSC1319,quarter_suffix_removed,.jpg,1824,1824,3
img_39a4664fd6006489,Fräszustand Viertel/_DSC1320_q1.JPG,Fräszustand Viertel,train,DSC1320,quarter_suffix_removed,.jpg,1824,1824,3
img_823fe9b6e1dc2f00,Fräszustand Viertel/_DSC1320_q2.JPG,Fräszustand Viertel,train,DSC1320,quarter_suffix_removed,.jpg,1824,1824,3
img_25b08b1cc058a91b,Fräszustand Viertel/_DSC1320_q3.JPG,Fräszustand Viertel,train,DSC1320,quarter_suffix_removed,.jpg,1824,1824,3
img_467e210f1a770cae,Fräszustand Viertel/_DSC1322_q2.JPG,Fräszustand Viertel,train,DSC1322,quarter_suffix_removed,.jpg,1824,1824,3
img_f01544457f21170d,Fräszustand Viertel/_DSC1322_q4.JPG,Fräszustand Viertel,train,DSC1322,quarter_suffix_removed,.jpg,1824,1824,3
img_bf9cdc22978d1670,Fräszustand Viertel/_DSC1323_q2.JPG,Fräszustand Viertel,val,DSC1323,quarter_suffix_removed,.jpg,1824,1824,3
img_edf0de12b51bff42,Fräszustand Viertel/_DSC1323_q3.JPG,Fräszustand Viertel,val,DSC1323,quarter_suffix_removed,.jpg,1824,1824,3
img_dec493deff69ef04,Fräszustand Viertel/_DSC1323_q4.JPG,Fräszustand Viertel,val,DSC1323,quarter_suffix_removed,.jpg,1824,1824,3
img_b7de6a79660f631e,Fräszustand Viertel/_DSC1325_q1.JPG,Fräszustand Viertel,train,DSC1325,quarter_suffix_removed,.jpg,1824,1824,3
img_e1f3199d2b6e35b8,Fräszustand Viertel/_DSC1325_q2.JPG,Fräszustand Viertel,train,DSC1325,quarter_suffix_removed,.jpg,1824,1824,3
img_680d3f6af0d75a0c,Fräszustand Viertel/_DSC1325_q3.JPG,Fräszustand Viertel,train,DSC1325,quarter_suffix_removed,.jpg,1824,1824,3
img_a14bdb2899978759,Fräszustand Viertel/_DSC1325_q4.JPG,Fräszustand Viertel,train,DSC1325,quarter_suffix_removed,.jpg,1824,1824,3
img_b775aeca5359ecc4,Fräszustand Viertel/_DSC1326_q3.JPG,Fräszustand Viertel,train,DSC1326,quarter_suffix_removed,.jpg,1824,1824,3
img_1162e6d735dc87c4,Fräszustand Viertel/_DSC1326_q4.JPG,Fräszustand Viertel,train,DSC1326,quarter_suffix_removed,.jpg,1824,1824,3
img_419db977c3537281,Fräszustand Viertel/_DSC1327_q1.JPG,Fräszustand Viertel,test,DSC1327,quarter_suffix_removed,.jpg,1824,1824,3
img_928cb20c1a51501f,Fräszustand Viertel/_DSC1327_q3.JPG,Fräszustand Viertel,test,DSC1327,quarter_suffix_removed,.jpg,1824,1824,3
img_d2e3fe1c437030f5,Fräszustand Viertel/_DSC1327_q4.JPG,Fräszustand Viertel,test,DSC1327,quarter_suffix_removed,.jpg,1824,1824,3
img_10d91124c34ec23b,Fräszustand Viertel/_DSC1328_q1.JPG,Fräszustand Viertel,val,DSC1328,quarter_suffix_removed,.jpg,1824,1824,3
img_a0c1579253a08e1c,Fräszustand Viertel/_DSC1328_q2.JPG,Fräszustand Viertel,val,DSC1328,quarter_suffix_removed,.jpg,1824,1824,3
img_507de9d216314c4a,Fräszustand Viertel/_DSC1329_q1.JPG,Fräszustand Viertel,train,DSC1329,quarter_suffix_removed,.jpg,1824,1824,3
img_015c10c150197124,Fräszustand Viertel/_DSC1329_q2.JPG,Fräszustand Viertel,train,DSC1329,quarter_suffix_removed,.jpg,1824,1824,3
img_417b161bfb6a8997,Fräszustand Viertel/_DSC1329_q3.JPG,Fräszustand Viertel,train,DSC1329,quarter_suffix_removed,.jpg,1824,1824,3
img_d855203a94a68774,Fräszustand Viertel/_DSC1329_q4.JPG,Fräszustand Viertel,train,DSC1329,quarter_suffix_removed,.jpg,1824,1824,3
img_07aea76bf074adf7,Fräszustand Viertel/_DSC1330_q1.JPG,Fräszustand Viertel,train,DSC1330,quarter_suffix_removed,.jpg,1824,1824,3
img_df5ab6dffa4321a7,Fräszustand Viertel/_DSC1330_q2.JPG,Fräszustand Viertel,train,DSC1330,quarter_suffix_removed,.jpg,1824,1824,3
img_1138847d2a9b4380,Fräszustand Viertel/_DSC1330_q3.JPG,Fräszustand Viertel,train,DSC1330,quarter_suffix_removed,.jpg,1824,1824,3
img_b7b5eb3fb3391569,Fräszustand Viertel/_DSC1330_q4.JPG,Fräszustand Viertel,train,DSC1330,quarter_suffix_removed,.jpg,1824,1824,3
img_3744b7f68369d5e0,Fräszustand Viertel/_DSC1331_q1.JPG,Fräszustand Viertel,train,DSC1331,quarter_suffix_removed,.jpg,1824,1824,3
img_d6d184ad0703172a,Fräszustand Viertel/_DSC1331_q2.JPG,Fräszustand Viertel,train,DSC1331,quarter_suffix_removed,.jpg,1824,1824,3
img_99e576f05b1ce584,Fräszustand Viertel/_DSC1331_q3.JPG,Fräszustand Viertel,train,DSC1331,quarter_suffix_removed,.jpg,1824,1824,3
img_28030dd48b44181f,Fräszustand Viertel/_DSC1333_q2.JPG,Fräszustand Viertel,test,DSC1333,quarter_suffix_removed,.jpg,1824,1824,3
img_6523583466a46d71,Fräszustand Viertel/_DSC1336_q1.JPG,Fräszustand Viertel,test,DSC1336,quarter_suffix_removed,.jpg,1824,1824,3
img_f6d58a556ae1fb3f,Fräszustand Viertel/_DSC1336_q4.JPG,Fräszustand Viertel,test,DSC1336,quarter_suffix_removed,.jpg,1824,1824,3
img_f81d22773357e87b,Fräszustand Viertel/_DSC1337_q1.JPG,Fräszustand Viertel,train,DSC1337,quarter_suffix_removed,.jpg,1824,1824,3
img_929ce36863858101,Fräszustand Viertel/_DSC1337_q2.JPG,Fräszustand Viertel,train,DSC1337,quarter_suffix_removed,.jpg,1824,1824,3
img_3688bb2534d23f59,Fräszustand Viertel/_DSC1337_q3.JPG,Fräszustand Viertel,train,DSC1337,quarter_suffix_removed,.jpg,1824,1824,3
img_64ed9d7f8c41be24,Fräszustand Viertel/_DSC1337_q4.JPG,Fräszustand Viertel,train,DSC1337,quarter_suffix_removed,.jpg,1824,1824,3
img_2336b2cb62711896,Fräszustand Viertel/_DSC1338_q1.JPG,Fräszustand Viertel,train,DSC1338,quarter_suffix_removed,.jpg,1824,1824,3
img_dbf32df7db885df9,Fräszustand Viertel/_DSC1338_q2.JPG,Fräszustand Viertel,train,DSC1338,quarter_suffix_removed,.jpg,1824,1824,3
img_b6d8be5bfc01b44b,Fräszustand Viertel/_DSC1338_q3.JPG,Fräszustand Viertel,train,DSC1338,quarter_suffix_removed,.jpg,1824,1824,3
img_f036550f1b00887d,Fräszustand Viertel/_DSC1338_q4.JPG,Fräszustand Viertel,train,DSC1338,quarter_suffix_removed,.jpg,1824,1824,3
img_8c091a8b7df36fb5,Fräszustand Viertel/_DSC1339_q3.JPG,Fräszustand Viertel,train,DSC1339,quarter_suffix_removed,.jpg,1824,1824,3
img_a3b9b9846bf4fcdd,Fräszustand Viertel/_DSC1339_q4.JPG,Fräszustand Viertel,train,DSC1339,quarter_suffix_removed,.jpg,1824,1824,3
img_400a5c0d7b1a7fec,Fräszustand Viertel/_DSC1340_q1.JPG,Fräszustand Viertel,train,DSC1340,quarter_suffix_removed,.jpg,1824,1824,3
img_3b6c532067589329,Fräszustand Viertel/_DSC1340_q2.JPG,Fräszustand Viertel,train,DSC1340,quarter_suffix_removed,.jpg,1824,1824,3
img_5804fc7000da1eb8,Fräszustand Viertel/_DSC1341_q1.JPG,Fräszustand Viertel,test,DSC1341,quarter_suffix_removed,.jpg,1824,1824,3
img_707673b60f2dcd24,Fräszustand Viertel/_DSC1341_q2.JPG,Fräszustand Viertel,test,DSC1341,quarter_suffix_removed,.jpg,1824,1824,3
img_ea9c2778d5dca4fe,Fräszustand Viertel/_DSC1341_q3.JPG,Fräszustand Viertel,test,DSC1341,quarter_suffix_removed,.jpg,1824,1824,3
img_b37918ed1eb8a878,Fräszustand Viertel/_DSC1341_q4.JPG,Fräszustand Viertel,test,DSC1341,quarter_suffix_removed,.jpg,1824,1824,3
img_00f4ced76b60b1df,Fräszustand Viertel/_DSC1342_q1.JPG,Fräszustand Viertel,val,DSC1342,quarter_suffix_removed,.jpg,1824,1824,3
img_95f9034e6c76eb93,Fräszustand Viertel/_DSC1342_q2.JPG,Fräszustand Viertel,val,DSC1342,quarter_suffix_removed,.jpg,1824,1824,3
img_0da53bcdaf4ce0ce,Fräszustand Viertel/_DSC1342_q3.JPG,Fräszustand Viertel,val,DSC1342,quarter_suffix_removed,.jpg,1824,1824,3
img_4cd85ea2f43d06c7,Fräszustand Viertel/_DSC1342_q4.JPG,Fräszustand Viertel,val,DSC1342,quarter_suffix_removed,.jpg,1824,1824,3
img_faf4ebe052b8b8be,Fräszustand Viertel/_DSC1344_q1.JPG,Fräszustand Viertel,train,DSC1344,quarter_suffix_removed,.jpg,1824,1824,3
img_d782a8382b66d859,Fräszustand Viertel/_DSC1344_q2.JPG,Fräszustand Viertel,train,DSC1344,quarter_suffix_removed,.jpg,1824,1824,3
img_4fe7238a18331367,Fräszustand Viertel/_DSC1344_q3.JPG,Fräszustand Viertel,train,DSC1344,quarter_suffix_removed,.jpg,1824,1824,3
img_a898dca02b5605aa,Fräszustand Viertel/_DSC1344_q4.JPG,Fräszustand Viertel,train,DSC1344,quarter_suffix_removed,.jpg,1824,1824,3
img_118ed5e3e67d1e6c,Fräszustand Viertel/_DSC1345_q1.JPG,Fräszustand Viertel,train,DSC1345,quarter_suffix_removed,.jpg,1824,1824,3
img_4fbb0798705353ca,Fräszustand Viertel/_DSC1345_q2.JPG,Fräszustand Viertel,train,DSC1345,quarter_suffix_removed,.jpg,1824,1824,3
img_71a96d7a2d18543e,Fräszustand Viertel/_DSC1345_q3.JPG,Fräszustand Viertel,train,DSC1345,quarter_suffix_removed,.jpg,1824,1824,3
img_585e00c5b1089387,Fräszustand Viertel/_DSC1345_q4.JPG,Fräszustand Viertel,train,DSC1345,quarter_suffix_removed,.jpg,1824,1824,3
img_255ef653040db33b,Fräszustand Viertel/_DSC1346_q2.JPG,Fräszustand Viertel,train,DSC1346,quarter_suffix_removed,.jpg,1824,1824,3
img_9a96ef58604a78ba,Fräszustand Viertel/_DSC1346_q3.JPG,Fräszustand Viertel,train,DSC1346,quarter_suffix_removed,.jpg,1824,1824,3
img_b4cb0b98d7dc3688,Fräszustand Viertel/_DSC1346_q4.JPG,Fräszustand Viertel,train,DSC1346,quarter_suffix_removed,.jpg,1824,1824,3
img_7e22d5cb58b4a38b,Fräszustand Viertel/_DSC1349_q1.JPG,Fräszustand Viertel,train,DSC1349,quarter_suffix_removed,.jpg,1824,1824,3
img_cc706ebf14899cc7,Fräszustand Viertel/_DSC1349_q2.JPG,Fräszustand Viertel,train,DSC1349,quarter_suffix_removed,.jpg,1824,1824,3
img_23977f53b7f78867,Fräszustand Viertel/_DSC1349_q3.JPG,Fräszustand Viertel,train,DSC1349,quarter_suffix_removed,.jpg,1824,1824,3
img_04ea5a1162fcd046,Fräszustand Viertel/_DSC1349_q4.JPG,Fräszustand Viertel,train,DSC1349,quarter_suffix_removed,.jpg,1824,1824,3
img_fb86a4a76bead080,Fräszustand Viertel/_DSC1350_q1.JPG,Fräszustand Viertel,train,DSC1350,quarter_suffix_removed,.jpg,1824,1824,3
img_380eea1d1d28d386,Fräszustand Viertel/_DSC1350_q2.JPG,Fräszustand Viertel,train,DSC1350,quarter_suffix_removed,.jpg,1824,1824,3
img_c9992096e6a34de5,Fräszustand Viertel/_DSC1350_q3.JPG,Fräszustand Viertel,train,DSC1350,quarter_suffix_removed,.jpg,1824,1824,3
img_d926b12c903f38c5,Fräszustand Viertel/_DSC1351_q2.JPG,Fräszustand Viertel,train,DSC1351,quarter_suffix_removed,.jpg,1824,1824,3
img_2956db1f3ec360f3,Fräszustand Viertel/_DSC1351_q4.JPG,Fräszustand Viertel,train,DSC1351,quarter_suffix_removed,.jpg,1824,1824,3
img_736ac8b7afa27a54,Fräszustand Viertel/_DSC1352_q2.JPG,Fräszustand Viertel,train,DSC1352,quarter_suffix_removed,.jpg,1824,1824,3
img_f69dae254e037628,Fräszustand Viertel/_DSC1352_q3.JPG,Fräszustand Viertel,train,DSC1352,quarter_suffix_removed,.jpg,1824,1824,3
img_bc4fca670bc11539,Fräszustand Viertel/_DSC1352_q4.JPG,Fräszustand Viertel,train,DSC1352,quarter_suffix_removed,.jpg,1824,1824,3
img_095c80dff25937e9,Fräszustand Viertel/_DSC1353_q1.JPG,Fräszustand Viertel,train,DSC1353,quarter_suffix_removed,.jpg,1824,1824,3
img_4b02b18e1ddc4b18,Fräszustand Viertel/_DSC1353_q2.JPG,Fräszustand Viertel,train,DSC1353,quarter_suffix_removed,.jpg,1824,1824,3
img_1298781ad3175764,Fräszustand Viertel/_DSC1354_q3.JPG,Fräszustand Viertel,train,DSC1354,quarter_suffix_removed,.jpg,1824,1824,3
img_e1514e86567df457,Fräszustand Viertel/_DSC1355_q1.JPG,Fräszustand Viertel,train,DSC1355,quarter_suffix_removed,.jpg,1824,1824,3
img_3814ff32d8b5d39b,Fräszustand Viertel/_DSC1355_q2.JPG,Fräszustand Viertel,train,DSC1355,quarter_suffix_removed,.jpg,1824,1824,3
img_488100a10b3af7c1,Fräszustand Viertel/_DSC1355_q3.JPG,Fräszustand Viertel,train,DSC1355,quarter_suffix_removed,.jpg,1824,1824,3
img_b5d1a3947bba1e22,Fräszustand Viertel/_DSC1355_q4.JPG,Fräszustand Viertel,train,DSC1355,quarter_suffix_removed,.jpg,1824,1824,3
img_d43bd9f82ba5b291,Fräszustand Viertel/_DSC1357_q2.JPG,Fräszustand Viertel,train,DSC1357,quarter_suffix_removed,.jpg,1824,1824,3
img_e3455a6b1c93ef03,Fräszustand Viertel/_DSC1358_q1.JPG,Fräszustand Viertel,train,DSC1358,quarter_suffix_removed,.jpg,1824,1824,3
img_b7d718ed800b9c9e,Fräszustand Viertel/_DSC1358_q3.JPG,Fräszustand Viertel,train,DSC1358,quarter_suffix_removed,.jpg,1824,1824,3
img_9980ebafff8e7b79,Fräszustand Viertel/_DSC1360_q3.JPG,Fräszustand Viertel,val,DSC1360,quarter_suffix_removed,.jpg,1824,1824,3
img_eef6fcb8710ec7f2,Fräszustand Viertel/_DSC1360_q4.JPG,Fräszustand Viertel,val,DSC1360,quarter_suffix_removed,.jpg,1824,1824,3
img_277f9e125fa78830,Fräszustand Viertel/_DSC1361_q1.JPG,Fräszustand Viertel,test,DSC1361,quarter_suffix_removed,.jpg,1824,1824,3
img_83fd08c57639e44b,Fräszustand Viertel/_DSC1361_q3.JPG,Fräszustand Viertel,test,DSC1361,quarter_suffix_removed,.jpg,1824,1824,3
img_91ecfaaafd6e147f,Fräszustand Viertel/_DSC1362_q3.JPG,Fräszustand Viertel,train,DSC1362,quarter_suffix_removed,.jpg,1824,1824,3
img_2548c362720579df,Fräszustand Viertel/_DSC1362_q4.JPG,Fräszustand Viertel,train,DSC1362,quarter_suffix_removed,.jpg,1824,1824,3
img_feb782517c09494a,Fräszustand Viertel/_DSC1363_q1.JPG,Fräszustand Viertel,test,DSC1363,quarter_suffix_removed,.jpg,1824,1824,3
img_dfc9bae9131b95e1,Fräszustand Viertel/_DSC1363_q2.JPG,Fräszustand Viertel,test,DSC1363,quarter_suffix_removed,.jpg,1824,1824,3
img_2a0bb97ad9b69e2b,Fräszustand Viertel/_DSC1363_q3.JPG,Fräszustand Viertel,test,DSC1363,quarter_suffix_removed,.jpg,1824,1824,3
img_e33f0656b45dbbb1,Fräszustand Viertel/_DSC1363_q4.JPG,Fräszustand Viertel,test,DSC1363,quarter_suffix_removed,.jpg,1824,1824,3
img_8598bcb84bf45c35,Fräszustand Viertel/_DSC1365_q2.JPG,Fräszustand Viertel,train,DSC1365,quarter_suffix_removed,.jpg,1824,1824,3
img_a9464bf6e37e48c4,Fräszustand Viertel/_DSC1365_q3.JPG,Fräszustand Viertel,train,DSC1365,quarter_suffix_removed,.jpg,1824,1824,3
img_26a719f5ddee2e13,Fräszustand Viertel/_DSC1365_q4.JPG,Fräszustand Viertel,train,DSC1365,quarter_suffix_removed,.jpg,1824,1824,3
img_f97d43507ef736cb,Fräszustand Viertel/_DSC1366_q1.JPG,Fräszustand Viertel,val,DSC1366,quarter_suffix_removed,.jpg,1824,1824,3
img_3d823a87c34b748c,Fräszustand Viertel/_DSC1366_q3.JPG,Fräszustand Viertel,val,DSC1366,quarter_suffix_removed,.jpg,1824,1824,3
img_66fa396f5db0c275,Fräszustand Viertel/_DSC1366_q4.JPG,Fräszustand Viertel,val,DSC1366,quarter_suffix_removed,.jpg,1824,1824,3
img_cd538c6a1a1c050a,Fräszustand Viertel/_DSC1367_q1.JPG,Fräszustand Viertel,train,DSC1367,quarter_suffix_removed,.jpg,1824,1824,3
img_99e46981851932d2,Fräszustand Viertel/_DSC1367_q2.JPG,Fräszustand Viertel,train,DSC1367,quarter_suffix_removed,.jpg,1824,1824,3
img_fa08f10055c8ad23,Fräszustand Viertel/_DSC1367_q3.JPG,Fräszustand Viertel,train,DSC1367,quarter_suffix_removed,.jpg,1824,1824,3
img_1ececa13a58f6007,Fräszustand Viertel/_DSC1367_q4.JPG,Fräszustand Viertel,train,DSC1367,quarter_suffix_removed,.jpg,1824,1824,3
img_2a805aa06c144d26,Fräszustand Viertel/_DSC1368_q2.JPG,Fräszustand Viertel,train,DSC1368,quarter_suffix_removed,.jpg,1824,1824,3
img_1ccae0575a815890,Fräszustand Viertel/_DSC1368_q3.JPG,Fräszustand Viertel,train,DSC1368,quarter_suffix_removed,.jpg,1824,1824,3
img_47f230c22018b282,Fräszustand Viertel/_DSC1370_q1.JPG,Fräszustand Viertel,val,DSC1370,quarter_suffix_removed,.jpg,1824,1824,3
img_23d456d7183ae734,Fräszustand Viertel/_DSC1370_q2.JPG,Fräszustand Viertel,val,DSC1370,quarter_suffix_removed,.jpg,1824,1824,3
img_f4d39d06b3da3c03,Fräszustand Viertel/_DSC1370_q3.JPG,Fräszustand Viertel,val,DSC1370,quarter_suffix_removed,.jpg,1824,1824,3
img_778bb26ee28dbcf3,Fräszustand Viertel/_DSC1370_q4.JPG,Fräszustand Viertel,val,DSC1370,quarter_suffix_removed,.jpg,1824,1824,3
img_e46772f9493590e5,Fräszustand Viertel/_DSC1371_q2.JPG,Fräszustand Viertel,test,DSC1371,quarter_suffix_removed,.jpg,1824,1824,3
img_8be5df92bef97bcd,Fräszustand Viertel/_DSC1371_q3.JPG,Fräszustand Viertel,test,DSC1371,quarter_suffix_removed,.jpg,1824,1824,3
img_87f6e6f6bd33672e,Fräszustand Viertel/_DSC1371_q4.JPG,Fräszustand Viertel,test,DSC1371,quarter_suffix_removed,.jpg,1824,1824,3
img_b2f9746ad55e7e32,Fräszustand Viertel/_DSC1372_q1.JPG,Fräszustand Viertel,train,DSC1372,quarter_suffix_removed,.jpg,1824,1824,3
img_30b09d623a279c4d,Fräszustand Viertel/_DSC1372_q3.JPG,Fräszustand Viertel,train,DSC1372,quarter_suffix_removed,.jpg,1824,1824,3
img_795efe4cf4c40a30,Fräszustand Viertel/_DSC1373_q2.JPG,Fräszustand Viertel,train,DSC1373,quarter_suffix_removed,.jpg,1824,1824,3
img_a0241521a03160f7,Fräszustand Viertel/_DSC1374_q1.JPG,Fräszustand Viertel,train,DSC1374,quarter_suffix_removed,.jpg,1824,1824,3
img_4022589f3653bd9e,Fräszustand Viertel/_DSC1374_q2.JPG,Fräszustand Viertel,train,DSC1374,quarter_suffix_removed,.jpg,1824,1824,3
img_a35d360c0e4c389d,Fräszustand Viertel/_DSC1374_q3.JPG,Fräszustand Viertel,train,DSC1374,quarter_suffix_removed,.jpg,1824,1824,3
img_e793fe8c7f7247a1,Fräszustand Viertel/_DSC1375_q1.JPG,Fräszustand Viertel,train,DSC1375,quarter_suffix_removed,.jpg,1824,1824,3
img_677539f8ea8b27ed,Fräszustand Viertel/_DSC1375_q3.JPG,Fräszustand Viertel,train,DSC1375,quarter_suffix_removed,.jpg,1824,1824,3
img_c4ee4a0ca240592c,Fräszustand Viertel/_DSC1376_q2.JPG,Fräszustand Viertel,train,DSC1376,quarter_suffix_removed,.jpg,1824,1824,3
img_16cd80d7a97e3646,Fräszustand Viertel/_DSC1376_q3.JPG,Fräszustand Viertel,train,DSC1376,quarter_suffix_removed,.jpg,1824,1824,3
img_79ac35327fb1b6fb,Fräszustand Viertel/_DSC1376_q4.JPG,Fräszustand Viertel,train,DSC1376,quarter_suffix_removed,.jpg,1824,1824,3
img_f928ac27a6a5cd08,Fräszustand Viertel/_DSC1377_q3.JPG,Fräszustand Viertel,train,DSC1377,quarter_suffix_removed,.jpg,1824,1824,3
img_4c2f4b806ef0afc4,Fräszustand Viertel/_DSC1378_q1.JPG,Fräszustand Viertel,train,DSC1378,quarter_suffix_removed,.jpg,1824,1824,3
img_111da5f2b7f1b306,Fräszustand Viertel/_DSC1378_q4.JPG,Fräszustand Viertel,train,DSC1378,quarter_suffix_removed,.jpg,1824,1824,3
img_f37466bb26d72bcd,Fräszustand Viertel/_DSC1379_q3.JPG,Fräszustand Viertel,val,DSC1379,quarter_suffix_removed,.jpg,1824,1824,3
img_e60054bb727e0af6,Fräszustand Viertel/_DSC1379_q4.JPG,Fräszustand Viertel,val,DSC1379,quarter_suffix_removed,.jpg,1824,1824,3
img_abd1aedcfa5816e2,Fräszustand Viertel/_DSC1381_q1.JPG,Fräszustand Viertel,train,DSC1381,quarter_suffix_removed,.jpg,1824,1824,3
img_c310fc19c45d9ef6,Fräszustand Viertel/_DSC1381_q2.JPG,Fräszustand Viertel,train,DSC1381,quarter_suffix_removed,.jpg,1824,1824,3
img_0cd67d4748035a93,Fräszustand Viertel/_DSC1381_q3.JPG,Fräszustand Viertel,train,DSC1381,quarter_suffix_removed,.jpg,1824,1824,3
img_a2587b27837ad4d5,Fräszustand Viertel/_DSC1383_q2.JPG,Fräszustand Viertel,test,DSC1383,quarter_suffix_removed,.jpg,1824,1824,3
img_8c0bd43a70369409,Fräszustand Viertel/_DSC1383_q4.JPG,Fräszustand Viertel,test,DSC1383,quarter_suffix_removed,.jpg,1824,1824,3
img_a358f1aeef6517c5,Fräszustand Viertel/_DSC1384_q1.JPG,Fräszustand Viertel,train,DSC1384,quarter_suffix_removed,.jpg,1824,1824,3
img_6ddddba3ebba5b36,Fräszustand Viertel/_DSC1384_q2.JPG,Fräszustand Viertel,train,DSC1384,quarter_suffix_removed,.jpg,1824,1824,3
img_daafd13d08b3aedc,Fräszustand Viertel/_DSC1385_q1.JPG,Fräszustand Viertel,train,DSC1385,quarter_suffix_removed,.jpg,1824,1824,3
img_b450089ab56308de,Fräszustand Viertel/_DSC1385_q2.JPG,Fräszustand Viertel,train,DSC1385,quarter_suffix_removed,.jpg,1824,1824,3
img_4ca9143308d38771,Fräszustand Viertel/_DSC1385_q3.JPG,Fräszustand Viertel,train,DSC1385,quarter_suffix_removed,.jpg,1824,1824,3
img_1059529b8101875f,Fräszustand Viertel/_DSC1385_q4.JPG,Fräszustand Viertel,train,DSC1385,quarter_suffix_removed,.jpg,1824,1824,3
img_a5b40bffd414450b,Fräszustand Viertel/_DSC1386_q1.JPG,Fräszustand Viertel,train,DSC1386,quarter_suffix_removed,.jpg,1824,1824,3
img_38003782f508f10b,Fräszustand Viertel/_DSC1386_q2.JPG,Fräszustand Viertel,train,DSC1386,quarter_suffix_removed,.jpg,1824,1824,3
img_a6cd017518a9e48a,Fräszustand Viertel/_DSC1386_q3.JPG,Fräszustand Viertel,train,DSC1386,quarter_suffix_removed,.jpg,1824,1824,3
img_00db4318172de623,Fräszustand Viertel/_DSC1386_q4.JPG,Fräszustand Viertel,train,DSC1386,quarter_suffix_removed,.jpg,1824,1824,3
img_f72a72e94ff81f3a,Fräszustand Viertel/_DSC1387_q1.JPG,Fräszustand Viertel,train,DSC1387,quarter_suffix_removed,.jpg,1824,1824,3
img_c976792ba200137d,Fräszustand Viertel/_DSC1387_q2.JPG,Fräszustand Viertel,train,DSC1387,quarter_suffix_removed,.jpg,1824,1824,3
img_a4090dad9f64cfee,Fräszustand Viertel/_DSC1387_q3.JPG,Fräszustand Viertel,train,DSC1387,quarter_suffix_removed,.jpg,1824,1824,3
img_d1148aa4cf40f524,Fräszustand Viertel/_DSC1388_q1.JPG,Fräszustand Viertel,val,DSC1388,quarter_suffix_removed,.jpg,1824,1824,3
img_01b5d98d4de9f725,Fräszustand Viertel/_DSC1388_q2.JPG,Fräszustand Viertel,val,DSC1388,quarter_suffix_removed,.jpg,1824,1824,3
img_10924661f2ae18f6,Fräszustand Viertel/_DSC1388_q3.JPG,Fräszustand Viertel,val,DSC1388,quarter_suffix_removed,.jpg,1824,1824,3
img_bc74fd58d312de69,Fräszustand Viertel/_DSC1389_q2.JPG,Fräszustand Viertel,train,DSC1389,quarter_suffix_removed,.jpg,1824,1824,3
img_05bab7591aab2eb6,Fräszustand Viertel/_DSC1389_q3.JPG,Fräszustand Viertel,train,DSC1389,quarter_suffix_removed,.jpg,1824,1824,3
img_7d4bba02067aef8b,Fräszustand Viertel/_DSC1390_q2.JPG,Fräszustand Viertel,train,DSC1390,quarter_suffix_removed,.jpg,1824,1824,3
img_f9aadaff3d59d4b9,Fräszustand Viertel/_DSC1390_q4.JPG,Fräszustand Viertel,train,DSC1390,quarter_suffix_removed,.jpg,1824,1824,3
img_54f8c54ddcae0c16,Fräszustand Viertel/_DSC1391_q1.JPG,Fräszustand Viertel,train,DSC1391,quarter_suffix_removed,.jpg,1824,1824,3
img_e9cb314b5b35fcfc,Fräszustand Viertel/_DSC1391_q2.JPG,Fräszustand Viertel,train,DSC1391,quarter_suffix_removed,.jpg,1824,1824,3
img_1879a76c1ee6187b,Fräszustand Viertel/_DSC1391_q3.JPG,Fräszustand Viertel,train,DSC1391,quarter_suffix_removed,.jpg,1824,1824,3
img_2a17f561f1b77547,Fräszustand Viertel/_DSC1391_q4.JPG,Fräszustand Viertel,train,DSC1391,quarter_suffix_removed,.jpg,1824,1824,3
img_8fe1f30683851173,Fräszustand Viertel/_DSC1392_q1.JPG,Fräszustand Viertel,train,DSC1392,quarter_suffix_removed,.jpg,1824,1824,3
img_745d2bb1260e26f1,Fräszustand Viertel/_DSC1392_q2.JPG,Fräszustand Viertel,train,DSC1392,quarter_suffix_removed,.jpg,1824,1824,3
img_dc01523494689606,Fräszustand Viertel/_DSC1392_q3.JPG,Fräszustand Viertel,train,DSC1392,quarter_suffix_removed,.jpg,1824,1824,3
img_8a3b84c465920ce7,Fräszustand Viertel/_DSC1392_q4.JPG,Fräszustand Viertel,train,DSC1392,quarter_suffix_removed,.jpg,1824,1824,3
img_9c7bffca730987e0,Fräszustand Viertel/_DSC1393_q1.JPG,Fräszustand Viertel,test,DSC1393,quarter_suffix_removed,.jpg,1824,1824,3
img_57af723c85dfabbc,Fräszustand Viertel/_DSC1393_q2.JPG,Fräszustand Viertel,test,DSC1393,quarter_suffix_removed,.jpg,1824,1824,3
img_be7f808e7b9ced3d,Fräszustand Viertel/_DSC1393_q4.JPG,Fräszustand Viertel,test,DSC1393,quarter_suffix_removed,.jpg,1824,1824,3
img_7983224db9c7adce,Fräszustand Viertel/_DSC1394_q1.JPG,Fräszustand Viertel,test,DSC1394,quarter_suffix_removed,.jpg,1824,1824,3
img_f8ba04521bad215c,Fräszustand Viertel/_DSC1394_q2.JPG,Fräszustand Viertel,test,DSC1394,quarter_suffix_removed,.jpg,1824,1824,3
img_263640a0fae8cff7,Fräszustand Viertel/_DSC1394_q3.JPG,Fräszustand Viertel,test,DSC1394,quarter_suffix_removed,.jpg,1824,1824,3
img_c1205ca7056b38ad,Fräszustand Viertel/_DSC1394_q4.JPG,Fräszustand Viertel,test,DSC1394,quarter_suffix_removed,.jpg,1824,1824,3
img_1a9c9eac7cb71be4,Fräszustand Viertel/_DSC1395_q1.JPG,Fräszustand Viertel,train,DSC1395,quarter_suffix_removed,.jpg,1824,1824,3
img_a73d0ece474f5947,Fräszustand Viertel/_DSC1395_q2.JPG,Fräszustand Viertel,train,DSC1395,quarter_suffix_removed,.jpg,1824,1824,3
img_606d195695d17cd4,Fräszustand Viertel/_DSC1395_q3.JPG,Fräszustand Viertel,train,DSC1395,quarter_suffix_removed,.jpg,1824,1824,3
img_c19c6c08a94176a2,Fräszustand Viertel/_DSC1396_q1.JPG,Fräszustand Viertel,val,DSC1396,quarter_suffix_removed,.jpg,1824,1824,3
img_7142d611a5e32444,Fräszustand Viertel/_DSC1396_q2.JPG,Fräszustand Viertel,val,DSC1396,quarter_suffix_removed,.jpg,1824,1824,3
img_7b44b72ce618716b,Fräszustand Viertel/_DSC1396_q3.JPG,Fräszustand Viertel,val,DSC1396,quarter_suffix_removed,.jpg,1824,1824,3
img_02eac6a7ba816d1a,Fräszustand Viertel/_DSC1396_q4.JPG,Fräszustand Viertel,val,DSC1396,quarter_suffix_removed,.jpg,1824,1824,3
img_a06800413f47e06e,Fräszustand Viertel/_DSC1397_q2.JPG,Fräszustand Viertel,train,DSC1397,quarter_suffix_removed,.jpg,1824,1824,3
img_d1ffc599da80fa33,Fräszustand Viertel/_DSC1397_q3.JPG,Fräszustand Viertel,train,DSC1397,quarter_suffix_removed,.jpg,1824,1824,3
img_a1c26882475ed33b,Fräszustand Viertel/_DSC1397_q4.JPG,Fräszustand Viertel,train,DSC1397,quarter_suffix_removed,.jpg,1824,1824,3
img_87f54898de903dec,Fräszustand Viertel/_DSC1401_q1.JPG,Fräszustand Viertel,train,DSC1401,quarter_suffix_removed,.jpg,1824,1824,3
img_9c1d1fcd6a3d16d6,Fräszustand Viertel/_DSC1401_q2.JPG,Fräszustand Viertel,train,DSC1401,quarter_suffix_removed,.jpg,1824,1824,3
img_6800632fdaccb1e3,Fräszustand Viertel/_DSC1401_q3.JPG,Fräszustand Viertel,train,DSC1401,quarter_suffix_removed,.jpg,1824,1824,3
img_ecbfd5ed93369856,Fräszustand Viertel/_DSC1401_q4.JPG,Fräszustand Viertel,train,DSC1401,quarter_suffix_removed,.jpg,1824,1824,3
img_2d444a8e876a09db,Fräszustand Viertel/_DSC1402_q1.JPG,Fräszustand Viertel,train,DSC1402,quarter_suffix_removed,.jpg,1824,1824,3
img_d48996acbc169269,Fräszustand Viertel/_DSC1402_q2.JPG,Fräszustand Viertel,train,DSC1402,quarter_suffix_removed,.jpg,1824,1824,3
img_2a483a781e1b8f9b,Fräszustand Viertel/_DSC1402_q3.JPG,Fräszustand Viertel,train,DSC1402,quarter_suffix_removed,.jpg,1824,1824,3
img_8ee21a422eca8780,Fräszustand Viertel/_DSC1402_q4.JPG,Fräszustand Viertel,train,DSC1402,quarter_suffix_removed,.jpg,1824,1824,3
img_6bf23f31d70088be,Fräszustand Viertel/_DSC1405_q1.JPG,Fräszustand Viertel,train,DSC1405,quarter_suffix_removed,.jpg,1824,1824,3
img_b8a46808617c627f,Fräszustand Viertel/_DSC1405_q2.JPG,Fräszustand Viertel,train,DSC1405,quarter_suffix_removed,.jpg,1824,1824,3
img_fccd4e9a5e4f2cb3,Fräszustand Viertel/_DSC1406_q1.JPG,Fräszustand Viertel,val,DSC1406,quarter_suffix_removed,.jpg,1824,1824,3
img_6a119105574f49c3,Fräszustand Viertel/_DSC1406_q2.JPG,Fräszustand Viertel,val,DSC1406,quarter_suffix_removed,.jpg,1824,1824,3
img_273fc85da3b99afc,Fräszustand Viertel/_DSC1407_q1.JPG,Fräszustand Viertel,train,DSC1407,quarter_suffix_removed,.jpg,1824,1824,3
img_48f788e52810c503,Fräszustand Viertel/_DSC1408_q1.JPG,Fräszustand Viertel,test,DSC1408,quarter_suffix_removed,.jpg,1824,1824,3
img_550fc92623c0b67f,Fräszustand Viertel/_DSC1408_q3.JPG,Fräszustand Viertel,test,DSC1408,quarter_suffix_removed,.jpg,1824,1824,3
img_7413416a8fd68ed9,Fräszustand Viertel/_DSC1409_q1.JPG,Fräszustand Viertel,val,DSC1409,quarter_suffix_removed,.jpg,1824,1824,3
img_09f55b5b5ca4065b,Fräszustand Viertel/_DSC1410_q1.JPG,Fräszustand Viertel,train,DSC1410,quarter_suffix_removed,.jpg,1824,1824,3
img_2a99d6a4ecc43ad7,Fräszustand Viertel/_DSC1410_q2.JPG,Fräszustand Viertel,train,DSC1410,quarter_suffix_removed,.jpg,1824,1824,3
img_f7c74fa1ef3b3f12,Fräszustand Viertel/_DSC1410_q3.JPG,Fräszustand Viertel,train,DSC1410,quarter_suffix_removed,.jpg,1824,1824,3
img_fdcb8daebb75d19a,Fräszustand Viertel/_DSC1410_q4.JPG,Fräszustand Viertel,train,DSC1410,quarter_suffix_removed,.jpg,1824,1824,3
img_43449d3c9eaeeda7,Fräszustand Viertel/_DSC1411_q1.JPG,Fräszustand Viertel,train,DSC1411,quarter_suffix_removed,.jpg,1824,1824,3
img_7c687b2b4b425d62,Fräszustand Viertel/_DSC1411_q4.JPG,Fräszustand Viertel,train,DSC1411,quarter_suffix_removed,.jpg,1824,1824,3
img_8e5e08d3080be4bb,Fräszustand Viertel/_DSC1412_q3.JPG,Fräszustand Viertel,train,DSC1412,quarter_suffix_removed,.jpg,1824,1824,3
img_d971c5e390fa3ee9,Fräszustand Viertel/_DSC1412_q4.JPG,Fräszustand Viertel,train,DSC1412,quarter_suffix_removed,.jpg,1824,1824,3
img_28358b49b635cb1d,Fräszustand Viertel/_DSC1414_q3.JPG,Fräszustand Viertel,test,DSC1414,quarter_suffix_removed,.jpg,1824,1824,3
img_6534b8ec6e437257,Fräszustand Viertel/_DSC1415_q1.JPG,Fräszustand Viertel,train,DSC1415,quarter_suffix_removed,.jpg,1824,1824,3
img_a15c60ed66e4d320,Fräszustand Viertel/_DSC1415_q2.JPG,Fräszustand Viertel,train,DSC1415,quarter_suffix_removed,.jpg,1824,1824,3
img_afac0f4462b07c6b,Fräszustand Viertel/_DSC1415_q3.JPG,Fräszustand Viertel,train,DSC1415,quarter_suffix_removed,.jpg,1824,1824,3
img_66174a0d5e60f685,Fräszustand Viertel/_DSC1415_q4.JPG,Fräszustand Viertel,train,DSC1415,quarter_suffix_removed,.jpg,1824,1824,3
img_72801e5cc2840ebf,Fräszustand Viertel/_DSC1416_q1.JPG,Fräszustand Viertel,train,DSC1416,quarter_suffix_removed,.jpg,1824,1824,3
img_69b8d51b796e6f21,Fräszustand Viertel/_DSC1416_q2.JPG,Fräszustand Viertel,train,DSC1416,quarter_suffix_removed,.jpg,1824,1824,3
img_c35dee037722a991,Fräszustand Viertel/_DSC1416_q3.JPG,Fräszustand Viertel,train,DSC1416,quarter_suffix_removed,.jpg,1824,1824,3
img_8de87c7d164e8a78,Fräszustand Viertel/_DSC1416_q4.JPG,Fräszustand Viertel,train,DSC1416,quarter_suffix_removed,.jpg,1824,1824,3
img_1de72912cec6ffaf,Fräszustand Viertel/_DSC1418_q1.JPG,Fräszustand Viertel,test,DSC1418,quarter_suffix_removed,.jpg,1824,1824,3
img_eafa95b21c7da21f,Fräszustand Viertel/_DSC1418_q2.JPG,Fräszustand Viertel,test,DSC1418,quarter_suffix_removed,.jpg,1824,1824,3
img_411473dadec41c85,Fräszustand Viertel/_DSC1418_q3.JPG,Fräszustand Viertel,test,DSC1418,quarter_suffix_removed,.jpg,1824,1824,3
img_ac26aff17091179b,Fräszustand Viertel/_DSC1418_q4.JPG,Fräszustand Viertel,test,DSC1418,quarter_suffix_removed,.jpg,1824,1824,3
img_473b79e6904d13b9,Fräszustand Viertel/_DSC1419_q1.JPG,Fräszustand Viertel,val,DSC1419,quarter_suffix_removed,.jpg,1824,1824,3
img_541cf3d16ee07600,Fräszustand Viertel/_DSC1419_q2.JPG,Fräszustand Viertel,val,DSC1419,quarter_suffix_removed,.jpg,1824,1824,3
img_60297ee04fe95085,Fräszustand Viertel/_DSC1419_q3.JPG,Fräszustand Viertel,val,DSC1419,quarter_suffix_removed,.jpg,1824,1824,3
img_7a21e1024d7e36ae,Fräszustand Viertel/_DSC1419_q4.JPG,Fräszustand Viertel,val,DSC1419,quarter_suffix_removed,.jpg,1824,1824,3
img_90b1ef1fe0f6a20e,Fräszustand Viertel/_DSC1422_q1.JPG,Fräszustand Viertel,train,DSC1422,quarter_suffix_removed,.jpg,1824,1824,3
img_0d4a2606805df139,Fräszustand Viertel/_DSC1422_q2.JPG,Fräszustand Viertel,train,DSC1422,quarter_suffix_removed,.jpg,1824,1824,3
img_5642868e417632f5,Fräszustand Viertel/_DSC1422_q3.JPG,Fräszustand Viertel,train,DSC1422,quarter_suffix_removed,.jpg,1824,1824,3
img_1b3694b3dec96595,Fräszustand Viertel/_DSC1422_q4.JPG,Fräszustand Viertel,train,DSC1422,quarter_suffix_removed,.jpg,1824,1824,3
img_77ec653d2497806b,Fräszustand Viertel/_DSC1423_q1.JPG,Fräszustand Viertel,train,DSC1423,quarter_suffix_removed,.jpg,1824,1824,3
img_a003c83a94fde4f4,Fräszustand Viertel/_DSC1423_q2.JPG,Fräszustand Viertel,train,DSC1423,quarter_suffix_removed,.jpg,1824,1824,3
img_e1a2b18566a19347,Fräszustand Viertel/_DSC1424_q1.JPG,Fräszustand Viertel,train,DSC1424,quarter_suffix_removed,.jpg,1824,1824,3
img_f5bba1bd78354047,Fräszustand Viertel/_DSC1424_q2.JPG,Fräszustand Viertel,train,DSC1424,quarter_suffix_removed,.jpg,1824,1824,3
img_d6d8d71e2c513332,Fräszustand Viertel/_DSC1424_q3.JPG,Fräszustand Viertel,train,DSC1424,quarter_suffix_removed,.jpg,1824,1824,3
img_e81580f5f2f4213d,Fräszustand Viertel/_DSC1424_q4.JPG,Fräszustand Viertel,train,DSC1424,quarter_suffix_removed,.jpg,1824,1824,3
img_fd4f0c0e5f71afc7,Fräszustand Viertel/_DSC1427_q1.JPG,Fräszustand Viertel,train,DSC1427,quarter_suffix_removed,.jpg,1824,1824,3
img_8fd42412e030b70b,Fräszustand Viertel/_DSC1427_q2.JPG,Fräszustand Viertel,train,DSC1427,quarter_suffix_removed,.jpg,1824,1824,3
img_18fd7eb0d262e6ea,Fräszustand Viertel/_DSC1428_q2.JPG,Fräszustand Viertel,train,DSC1428,quarter_suffix_removed,.jpg,1824,1824,3
img_b1b3de5567633e78,Fräszustand Viertel/_DSC1428_q3.JPG,Fräszustand Viertel,train,DSC1428,quarter_suffix_removed,.jpg,1824,1824,3
img_fcc1d067d6c2113f,Fräszustand Viertel/_DSC1429_q3.JPG,Fräszustand Viertel,val,DSC1429,quarter_suffix_removed,.jpg,1824,1824,3
img_f760db119c3f30a1,Fräszustand Viertel/_DSC1429_q4.JPG,Fräszustand Viertel,val,DSC1429,quarter_suffix_removed,.jpg,1824,1824,3
img_b769bfda7f0a6a2e,Fräszustand Viertel/_DSC1430_q4.JPG,Fräszustand Viertel,train,DSC1430,quarter_suffix_removed,.jpg,1824,1824,3
img_b40d8760a411c93b,Fräszustand Viertel/_DSC1431_q1.JPG,Fräszustand Viertel,test,DSC1431,quarter_suffix_removed,.jpg,1824,1824,3
img_654b72b3150757e2,Fräszustand Viertel/_DSC1431_q4.JPG,Fräszustand Viertel,test,DSC1431,quarter_suffix_removed,.jpg,1824,1824,3
img_07c6a3e2dc7c3705,Fräszustand Viertel/_DSC1432_q1.JPG,Fräszustand Viertel,train,DSC1432,quarter_suffix_removed,.jpg,1824,1824,3
img_8166ca6cce747631,Fräszustand Viertel/_DSC1432_q2.JPG,Fräszustand Viertel,train,DSC1432,quarter_suffix_removed,.jpg,1824,1824,3
img_88b9f1e774394c2c,Fräszustand Viertel/_DSC1433_q3.JPG,Fräszustand Viertel,train,DSC1433,quarter_suffix_removed,.jpg,1824,1824,3
img_4d48bf2de2497384,Fräszustand Viertel/_DSC1433_q4.JPG,Fräszustand Viertel,train,DSC1433,quarter_suffix_removed,.jpg,1824,1824,3
img_17b28764f24a7cfd,Fräszustand Viertel/_DSC1434_q1.JPG,Fräszustand Viertel,train,DSC1434,quarter_suffix_removed,.jpg,1824,1824,3
img_aac53390f62df222,Fräszustand Viertel/_DSC1434_q2.JPG,Fräszustand Viertel,train,DSC1434,quarter_suffix_removed,.jpg,1824,1824,3
img_2feff267ea24c8c6,Fräszustand Viertel/_DSC1435_q1.JPG,Fräszustand Viertel,train,DSC1435,quarter_suffix_removed,.jpg,1824,1824,3
img_a7a3117cab162457,Fräszustand Viertel/_DSC1435_q3.JPG,Fräszustand Viertel,train,DSC1435,quarter_suffix_removed,.jpg,1824,1824,3
img_17c30f13d970e38b,Fräszustand Viertel/_DSC1436_q1.JPG,Fräszustand Viertel,train,DSC1436,quarter_suffix_removed,.jpg,1824,1824,3
img_fb04a7ddf6c33538,Fräszustand Viertel/_DSC1436_q2.JPG,Fräszustand Viertel,train,DSC1436,quarter_suffix_removed,.jpg,1824,1824,3
img_b8488a707aaa58f3,Fräszustand Viertel/_DSC1438_q1.JPG,Fräszustand Viertel,train,DSC1438,quarter_suffix_removed,.jpg,1824,1824,3
img_28146e9119474683,Fräszustand Viertel/_DSC1783_q1.JPG,Fräszustand Viertel,val,DSC1783,quarter_suffix_removed,.jpg,1824,1824,3
img_bf7141a6c85ef3e6,Fräszustand Viertel/_DSC1783_q3.JPG,Fräszustand Viertel,val,DSC1783,quarter_suffix_removed,.jpg,1824,1824,3
img_84c77205429340b8,Fräszustand Viertel/_DSC1784_q1.JPG,Fräszustand Viertel,train,DSC1784,quarter_suffix_removed,.jpg,1824,1824,3
img_6b128567f8ec2553,Fräszustand Viertel/_DSC1784_q2.JPG,Fräszustand Viertel,train,DSC1784,quarter_suffix_removed,.jpg,1824,1824,3
img_3209dc9bb52f11dd,Fräszustand Viertel/_DSC1784_q3.JPG,Fräszustand Viertel,train,DSC1784,quarter_suffix_removed,.jpg,1824,1824,3
img_ac902076f308b243,Fräszustand Viertel/_DSC1784_q4.JPG,Fräszustand Viertel,train,DSC1784,quarter_suffix_removed,.jpg,1824,1824,3
img_7991042d87a85ade,Fräszustand Viertel/_DSC1786_q1.JPG,Fräszustand Viertel,train,DSC1786,quarter_suffix_removed,.jpg,1824,1824,3
img_c6420a14fee9cc7c,Fräszustand Viertel/_DSC1786_q2.JPG,Fräszustand Viertel,train,DSC1786,quarter_suffix_removed,.jpg,1824,1824,3
img_78b5c6838635aecf,Fräszustand Viertel/_DSC1786_q3.JPG,Fräszustand Viertel,train,DSC1786,quarter_suffix_removed,.jpg,1824,1824,3
img_e994cefda3fdfc0c,Fräszustand Viertel/_DSC1786_q4.JPG,Fräszustand Viertel,train,DSC1786,quarter_suffix_removed,.jpg,1824,1824,3
img_762e85e6fb1ad0a1,Fräszustand Viertel/_DSC1787_q2.JPG,Fräszustand Viertel,train,DSC1787,quarter_suffix_removed,.jpg,1824,1824,3
img_f4798c9616dc54aa,Fräszustand Viertel/_DSC1787_q3.JPG,Fräszustand Viertel,train,DSC1787,quarter_suffix_removed,.jpg,1824,1824,3
img_5fd94ee06f936c85,Fräszustand Viertel/_DSC1787_q4.JPG,Fräszustand Viertel,train,DSC1787,quarter_suffix_removed,.jpg,1824,1824,3
img_87d58a9b9cd6c2c3,Fräszustand Viertel/_DSC1788_q2.JPG,Fräszustand Viertel,train,DSC1788,quarter_suffix_removed,.jpg,1824,1824,3
img_11a9009fc6798259,Fräszustand Viertel/_DSC1788_q3.JPG,Fräszustand Viertel,train,DSC1788,quarter_suffix_removed,.jpg,1824,1824,3
img_7c24b0703db8517f,Fräszustand Viertel/_DSC1788_q4.JPG,Fräszustand Viertel,train,DSC1788,quarter_suffix_removed,.jpg,1824,1824,3
img_9f360d36b71cce32,Fräszustand Viertel/_DSC1789_q4.JPG,Fräszustand Viertel,train,DSC1789,quarter_suffix_removed,.jpg,1824,1824,3
img_253169e2d518f1d5,Fräszustand Viertel/_DSC1790_q3.JPG,Fräszustand Viertel,test,DSC1790,quarter_suffix_removed,.jpg,1824,1824,3
img_e831f136329fd75b,Fräszustand Viertel/_DSC1790_q4.JPG,Fräszustand Viertel,test,DSC1790,quarter_suffix_removed,.jpg,1824,1824,3
img_26f15a54ccd689aa,Fräszustand Viertel/_DSC1791_q2.JPG,Fräszustand Viertel,train,DSC1791,quarter_suffix_removed,.jpg,1824,1824,3
img_02a70e99c8804a51,Fräszustand Viertel/_DSC1791_q3.JPG,Fräszustand Viertel,train,DSC1791,quarter_suffix_removed,.jpg,1824,1824,3
img_5f3840251af3bf80,Fräszustand Viertel/_DSC1791_q4.JPG,Fräszustand Viertel,train,DSC1791,quarter_suffix_removed,.jpg,1824,1824,3
img_a3ed220f5f4c30b9,Fräszustand Viertel/_DSC1792_q2.JPG,Fräszustand Viertel,train,DSC1792,quarter_suffix_removed,.jpg,1824,1824,3
img_36a45e33de1dcaab,Fräszustand Viertel/_DSC1792_q3.JPG,Fräszustand Viertel,train,DSC1792,quarter_suffix_removed,.jpg,1824,1824,3
img_b8627de2baee58fb,Fräszustand Viertel/_DSC1792_q4.JPG,Fräszustand Viertel,train,DSC1792,quarter_suffix_removed,.jpg,1824,1824,3
img_91ffb525459ac341,Fräszustand Viertel/_DSC1793_q2.JPG,Fräszustand Viertel,val,DSC1793,quarter_suffix_removed,.jpg,1824,1824,3
img_2190895e9766e611,Fräszustand Viertel/_DSC1793_q3.JPG,Fräszustand Viertel,val,DSC1793,quarter_suffix_removed,.jpg,1824,1824,3
img_fb022890a170d6cc,Fräszustand Viertel/_DSC1793_q4.JPG,Fräszustand Viertel,val,DSC1793,quarter_suffix_removed,.jpg,1824,1824,3
img_1ee76eff8eb90caa,Fräszustand Viertel/_DSC1794_q1.JPG,Fräszustand Viertel,val,DSC1794,quarter_suffix_removed,.jpg,1824,1824,3
img_ff1c6a63432e3b0a,Fräszustand Viertel/_DSC1794_q2.JPG,Fräszustand Viertel,val,DSC1794,quarter_suffix_removed,.jpg,1824,1824,3
img_1d452109e9a955a8,Fräszustand Viertel/_DSC1794_q3.JPG,Fräszustand Viertel,val,DSC1794,quarter_suffix_removed,.jpg,1824,1824,3
img_ed37878a7b181d48,Fräszustand Viertel/_DSC1794_q4.JPG,Fräszustand Viertel,val,DSC1794,quarter_suffix_removed,.jpg,1824,1824,3
img_b73870d18e344bb1,Fräszustand Viertel/_DSC1795_q1.JPG,Fräszustand Viertel,train,DSC1795,quarter_suffix_removed,.jpg,1824,1824,3
img_58f46de29273863e,Fräszustand Viertel/_DSC1795_q2.JPG,Fräszustand Viertel,train,DSC1795,quarter_suffix_removed,.jpg,1824,1824,3
img_a937ae129c35b441,Fräszustand Viertel/_DSC1795_q3.JPG,Fräszustand Viertel,train,DSC1795,quarter_suffix_removed,.jpg,1824,1824,3
img_6514abfecf4d5f29,Fräszustand Viertel/_DSC1795_q4.JPG,Fräszustand Viertel,train,DSC1795,quarter_suffix_removed,.jpg,1824,1824,3
img_df4721eb303dfee1,Fräszustand Viertel/_DSC1796_q1.JPG,Fräszustand Viertel,test,DSC1796,quarter_suffix_removed,.jpg,1824,1824,3
img_53928866a43eb845,Fräszustand Viertel/_DSC1796_q2.JPG,Fräszustand Viertel,test,DSC1796,quarter_suffix_removed,.jpg,1824,1824,3
img_9a33f57ff2945f2b,Fräszustand Viertel/_DSC1796_q3.JPG,Fräszustand Viertel,test,DSC1796,quarter_suffix_removed,.jpg,1824,1824,3
img_d6b7d8253150bdcb,Fräszustand Viertel/_DSC1796_q4.JPG,Fräszustand Viertel,test,DSC1796,quarter_suffix_removed,.jpg,1824,1824,3
img_b11557a1c5610582,Fräszustand Viertel/_DSC1797_q2.JPG,Fräszustand Viertel,test,DSC1797,quarter_suffix_removed,.jpg,1824,1824,3
img_51e132afb6774147,Fräszustand Viertel/_DSC1797_q3.JPG,Fräszustand Viertel,test,DSC1797,quarter_suffix_removed,.jpg,1824,1824,3
img_094e93859a0e150e,Fräszustand Viertel/_DSC1797_q4.JPG,Fräszustand Viertel,test,DSC1797,quarter_suffix_removed,.jpg,1824,1824,3
img_ffa3fb088a07093d,Fräszustand Viertel/_DSC1798_q2.JPG,Fräszustand Viertel,train,DSC1798,quarter_suffix_removed,.jpg,1824,1824,3
img_2df7ee6e1276a457,Fräszustand Viertel/_DSC1798_q3.JPG,Fräszustand Viertel,train,DSC1798,quarter_suffix_removed,.jpg,1824,1824,3
img_1e9eb87fbe58f0f7,Fräszustand Viertel/_DSC1798_q4.JPG,Fräszustand Viertel,train,DSC1798,quarter_suffix_removed,.jpg,1824,1824,3
img_a8d85b31902636a8,Fräszustand Viertel/_DSC1799_q1.JPG,Fräszustand Viertel,train,DSC1799,quarter_suffix_removed,.jpg,1824,1824,3
img_b15cd301cfbc6050,Fräszustand Viertel/_DSC1799_q2.JPG,Fräszustand Viertel,train,DSC1799,quarter_suffix_removed,.jpg,1824,1824,3
img_49703e34ee9a85ee,Fräszustand Viertel/_DSC1799_q3.JPG,Fräszustand Viertel,train,DSC1799,quarter_suffix_removed,.jpg,1824,1824,3
img_9dd232419c45e228,Fräszustand Viertel/_DSC1799_q4.JPG,Fräszustand Viertel,train,DSC1799,quarter_suffix_removed,.jpg,1824,1824,3
img_611dc0d9b66c6866,Fräszustand Viertel/_DSC1800_q1.JPG,Fräszustand Viertel,train,DSC1800,quarter_suffix_removed,.jpg,1824,1824,3
img_b71aabd2b7a2ea5f,Fräszustand Viertel/_DSC1800_q2.JPG,Fräszustand Viertel,train,DSC1800,quarter_suffix_removed,.jpg,1824,1824,3
img_7f44a76703ee4c99,Fräszustand Viertel/_DSC1800_q3.JPG,Fräszustand Viertel,train,DSC1800,quarter_suffix_removed,.jpg,1824,1824,3
img_5130a9d26cd9b8f1,Fräszustand Viertel/_DSC1800_q4.JPG,Fräszustand Viertel,train,DSC1800,quarter_suffix_removed,.jpg,1824,1824,3
img_301587cd94487b4d,Fräszustand Viertel/_DSC1801_q1.JPG,Fräszustand Viertel,train,DSC1801,quarter_suffix_removed,.jpg,1824,1824,3
img_d2859ce95c13fec1,Fräszustand Viertel/_DSC1801_q2.JPG,Fräszustand Viertel,train,DSC1801,quarter_suffix_removed,.jpg,1824,1824,3
img_5bc3801435c3b9ff,Fräszustand Viertel/_DSC1801_q3.JPG,Fräszustand Viertel,train,DSC1801,quarter_suffix_removed,.jpg,1824,1824,3
img_de1d64ec2dc8dd67,Fräszustand Viertel/_DSC1801_q4.JPG,Fräszustand Viertel,train,DSC1801,quarter_suffix_removed,.jpg,1824,1824,3
img_999e691bed905b8a,Fräszustand Viertel/_DSC1802_q1.JPG,Fräszustand Viertel,train,DSC1802,quarter_suffix_removed,.jpg,1824,1824,3
img_8fd4fe8703ad80cd,Fräszustand Viertel/_DSC1802_q2.JPG,Fräszustand Viertel,train,DSC1802,quarter_suffix_removed,.jpg,1824,1824,3
img_5d04e45af7c2e06c,Fräszustand Viertel/_DSC1802_q3.JPG,Fräszustand Viertel,train,DSC1802,quarter_suffix_removed,.jpg,1824,1824,3
img_dc3ad76d5239dd17,Fräszustand Viertel/_DSC1802_q4.JPG,Fräszustand Viertel,train,DSC1802,quarter_suffix_removed,.jpg,1824,1824,3
img_d53f06a2eda2879f,Fräszustand Viertel/_DSC1803_q1.JPG,Fräszustand Viertel,train,DSC1803,quarter_suffix_removed,.jpg,1824,1824,3
img_a40432caaaf4b779,Fräszustand Viertel/_DSC1803_q2.JPG,Fräszustand Viertel,train,DSC1803,quarter_suffix_removed,.jpg,1824,1824,3
img_da5185c4e614bec8,Fräszustand Viertel/_DSC1803_q3.JPG,Fräszustand Viertel,train,DSC1803,quarter_suffix_removed,.jpg,1824,1824,3
img_ee4b52f86cfef4c8,Fräszustand Viertel/_DSC1804_q1.JPG,Fräszustand Viertel,val,DSC1804,quarter_suffix_removed,.jpg,1824,1824,3
img_8f8adcdbc0839952,Fräszustand Viertel/_DSC1804_q2.JPG,Fräszustand Viertel,val,DSC1804,quarter_suffix_removed,.jpg,1824,1824,3
img_657a3ddef4ed75e1,Fräszustand Viertel/_DSC1804_q3.JPG,Fräszustand Viertel,val,DSC1804,quarter_suffix_removed,.jpg,1824,1824,3
img_d9efc5e381f01da3,Fräszustand Viertel/_DSC1804_q4.JPG,Fräszustand Viertel,val,DSC1804,quarter_suffix_removed,.jpg,1824,1824,3
img_0a0ee1367604752d,Fräszustand Viertel/_DSC1805_q1.JPG,Fräszustand Viertel,train,DSC1805,quarter_suffix_removed,.jpg,1824,1824,3
img_48f8db8c5d9e9526,Fräszustand Viertel/_DSC1805_q2.JPG,Fräszustand Viertel,train,DSC1805,quarter_suffix_removed,.jpg,1824,1824,3
img_0d7ad97dd82e79a2,Fräszustand Viertel/_DSC1805_q3.JPG,Fräszustand Viertel,train,DSC1805,quarter_suffix_removed,.jpg,1824,1824,3
img_4e9585600f1e7e23,Fräszustand Viertel/_DSC1805_q4.JPG,Fräszustand Viertel,train,DSC1805,quarter_suffix_removed,.jpg,1824,1824,3
img_31a5027763cd035d,Fräszustand Viertel/_DSC1806_q1.JPG,Fräszustand Viertel,test,DSC1806,quarter_suffix_removed,.jpg,1824,1824,3
img_77a80ea935c917e7,Fräszustand Viertel/_DSC1806_q2.JPG,Fräszustand Viertel,test,DSC1806,quarter_suffix_removed,.jpg,1824,1824,3
img_0e16896022740709,Fräszustand Viertel/_DSC1806_q3.JPG,Fräszustand Viertel,test,DSC1806,quarter_suffix_removed,.jpg,1824,1824,3
img_df8b122158c5a91f,Fräszustand Viertel/_DSC1806_q4.JPG,Fräszustand Viertel,test,DSC1806,quarter_suffix_removed,.jpg,1824,1824,3
img_9ca72738052bb199,Fräszustand Viertel/_DSC1807_q2.JPG,Fräszustand Viertel,train,DSC1807,quarter_suffix_removed,.jpg,1824,1824,3
img_2dbb13efca99c2bc,Fräszustand Viertel/_DSC1807_q3.JPG,Fräszustand Viertel,train,DSC1807,quarter_suffix_removed,.jpg,1824,1824,3
img_58926c5e55d13030,Fräszustand Viertel/_DSC1807_q4.JPG,Fräszustand Viertel,train,DSC1807,quarter_suffix_removed,.jpg,1824,1824,3
img_8b90e2bb9e587c07,Fräszustand Viertel/_DSC1808_q1.JPG,Fräszustand Viertel,train,DSC1808,quarter_suffix_removed,.jpg,1824,1824,3
img_b126d309bf606c0b,Fräszustand Viertel/_DSC1808_q2.JPG,Fräszustand Viertel,train,DSC1808,quarter_suffix_removed,.jpg,1824,1824,3
img_2490e6d3c77cc45f,Fräszustand Viertel/_DSC1808_q3.JPG,Fräszustand Viertel,train,DSC1808,quarter_suffix_removed,.jpg,1824,1824,3
img_c27c6b481d5d44f1,Fräszustand Viertel/_DSC1809_q2.JPG,Fräszustand Viertel,train,DSC1809,quarter_suffix_removed,.jpg,1824,1824,3
img_996bb7a7f901b0f1,Fräszustand Viertel/_DSC1809_q4.JPG,Fräszustand Viertel,train,DSC1809,quarter_suffix_removed,.jpg,1824,1824,3
img_bec537c82d513942,Fräszustand Viertel/_DSC1812_q4.JPG,Fräszustand Viertel,train,DSC1812,quarter_suffix_removed,.jpg,1824,1824,3
img_c6ff91d2b7ac1399,Fräszustand Viertel/_DSC1813_q1.JPG,Fräszustand Viertel,train,DSC1813,quarter_suffix_removed,.jpg,1824,1824,3
img_52f14ae43d13a29a,Fräszustand Viertel/_DSC1813_q3.JPG,Fräszustand Viertel,train,DSC1813,quarter_suffix_removed,.jpg,1824,1824,3
img_6f43c28642cd43c4,Fräszustand Viertel/_DSC1815_q1.JPG,Fräszustand Viertel,train,DSC1815,quarter_suffix_removed,.jpg,1824,1824,3
img_dd2557a8049e2011,Fräszustand Viertel/_DSC1815_q2.JPG,Fräszustand Viertel,train,DSC1815,quarter_suffix_removed,.jpg,1824,1824,3
img_011be67bb0c8182a,Fräszustand Viertel/_DSC1815_q3.JPG,Fräszustand Viertel,train,DSC1815,quarter_suffix_removed,.jpg,1824,1824,3
img_b7ef1c04eca7c0fc,Fräszustand Viertel/_DSC1815_q4.JPG,Fräszustand Viertel,train,DSC1815,quarter_suffix_removed,.jpg,1824,1824,3
img_ff6c3b981ef0bf8d,Fräszustand Viertel/_DSC1816_q1.JPG,Fräszustand Viertel,train,DSC1816,quarter_suffix_removed,.jpg,1824,1824,3
img_9192f0e5a5fe90ae,Fräszustand Viertel/_DSC1816_q2.JPG,Fräszustand Viertel,train,DSC1816,quarter_suffix_removed,.jpg,1824,1824,3
img_b492754d20f6273b,Fräszustand Viertel/_DSC1816_q3.JPG,Fräszustand Viertel,train,DSC1816,quarter_suffix_removed,.jpg,1824,1824,3
img_2fdcf5085a445039,Fräszustand Viertel/_DSC1816_q4.JPG,Fräszustand Viertel,train,DSC1816,quarter_suffix_removed,.jpg,1824,1824,3
img_94b0bfd9666d7532,Fräszustand Viertel/_DSC1817_q1.JPG,Fräszustand Viertel,train,DSC1817,quarter_suffix_removed,.jpg,1824,1824,3
img_e620860994b58e7f,Fräszustand Viertel/_DSC1817_q2.JPG,Fräszustand Viertel,train,DSC1817,quarter_suffix_removed,.jpg,1824,1824,3
img_10b7ff8d07357e1c,Fräszustand Viertel/_DSC1817_q3.JPG,Fräszustand Viertel,train,DSC1817,quarter_suffix_removed,.jpg,1824,1824,3
img_435fa9dee0e7eca7,Fräszustand Viertel/_DSC1817_q4.JPG,Fräszustand Viertel,train,DSC1817,quarter_suffix_removed,.jpg,1824,1824,3
img_680ddb3082761c85,Fräszustand Viertel/_DSC1818_q1.JPG,Fräszustand Viertel,val,DSC1818,quarter_suffix_removed,.jpg,1824,1824,3
img_56bccb7c53f6c687,Fräszustand Viertel/_DSC1818_q2.JPG,Fräszustand Viertel,val,DSC1818,quarter_suffix_removed,.jpg,1824,1824,3
img_0489f085ec260034,Fräszustand Viertel/_DSC1818_q3.JPG,Fräszustand Viertel,val,DSC1818,quarter_suffix_removed,.jpg,1824,1824,3
img_721dba4bfab546b5,Fräszustand Viertel/_DSC1818_q4.JPG,Fräszustand Viertel,val,DSC1818,quarter_suffix_removed,.jpg,1824,1824,3
img_041f927ebb457669,Fräszustand Viertel/_DSC1820_q1.JPG,Fräszustand Viertel,val,DSC1820,quarter_suffix_removed,.jpg,1824,1824,3
img_7556651403284936,Fräszustand Viertel/_DSC1820_q2.JPG,Fräszustand Viertel,val,DSC1820,quarter_suffix_removed,.jpg,1824,1824,3
img_8b89b7153cbf28ae,Fräszustand Viertel/_DSC1820_q3.JPG,Fräszustand Viertel,val,DSC1820,quarter_suffix_removed,.jpg,1824,1824,3
img_5922c333a10c1fe6,Fräszustand Viertel/_DSC1821_q1.JPG,Fräszustand Viertel,test,DSC1821,quarter_suffix_removed,.jpg,1824,1824,3
img_2f4b452aa7acf3e5,Fräszustand Viertel/_DSC1821_q2.JPG,Fräszustand Viertel,test,DSC1821,quarter_suffix_removed,.jpg,1824,1824,3
img_8143273627ed8372,Fräszustand Viertel/_DSC1821_q4.JPG,Fräszustand Viertel,test,DSC1821,quarter_suffix_removed,.jpg,1824,1824,3
img_12945024514c5d62,Fräszustand Viertel/_DSC1822_q1.JPG,Fräszustand Viertel,train,DSC1822,quarter_suffix_removed,.jpg,1824,1824,3
img_d7495b5db5f0c59c,Fräszustand Viertel/_DSC1822_q2.JPG,Fräszustand Viertel,train,DSC1822,quarter_suffix_removed,.jpg,1824,1824,3
img_3ee7e0e69309e5bb,Fräszustand Viertel/_DSC1822_q3.JPG,Fräszustand Viertel,train,DSC1822,quarter_suffix_removed,.jpg,1824,1824,3
img_b71c5a378e14b899,Fräszustand Viertel/_DSC1822_q4.JPG,Fräszustand Viertel,train,DSC1822,quarter_suffix_removed,.jpg,1824,1824,3
img_64514bf180879b72,Fräszustand Viertel/_DSC1823_q3.JPG,Fräszustand Viertel,train,DSC1823,quarter_suffix_removed,.jpg,1824,1824,3
img_0414a90b7d49ffbe,Fräszustand Viertel/_DSC1823_q4.JPG,Fräszustand Viertel,train,DSC1823,quarter_suffix_removed,.jpg,1824,1824,3
img_53660b59e196244b,Fräszustand Viertel/_DSC1824_q1.JPG,Fräszustand Viertel,train,DSC1824,quarter_suffix_removed,.jpg,1824,1824,3
img_fa80e85dacfe3039,Fräszustand Viertel/_DSC1824_q2.JPG,Fräszustand Viertel,train,DSC1824,quarter_suffix_removed,.jpg,1824,1824,3
img_a67436b5284b06de,Fräszustand Viertel/_DSC1824_q3.JPG,Fräszustand Viertel,train,DSC1824,quarter_suffix_removed,.jpg,1824,1824,3
img_970ed3f11dab8adf,Fräszustand Viertel/_DSC1824_q4.JPG,Fräszustand Viertel,train,DSC1824,quarter_suffix_removed,.jpg,1824,1824,3
img_4030c9fdb52fe868,Fräszustand Viertel/_DSC1825_q2.JPG,Fräszustand Viertel,train,DSC1825,quarter_suffix_removed,.jpg,1824,1824,3
img_17851696dda78ab3,Fräszustand Viertel/_DSC1825_q3.JPG,Fräszustand Viertel,train,DSC1825,quarter_suffix_removed,.jpg,1824,1824,3
img_84b01ead09ca9c44,Fräszustand Viertel/_DSC1825_q4.JPG,Fräszustand Viertel,train,DSC1825,quarter_suffix_removed,.jpg,1824,1824,3
img_ee1d967dd31bcc54,Fräszustand Viertel/_DSC1826_q3.JPG,Fräszustand Viertel,train,DSC1826,quarter_suffix_removed,.jpg,1824,1824,3
img_318cacdbd4ed8555,Fräszustand Viertel/_DSC1826_q4.JPG,Fräszustand Viertel,train,DSC1826,quarter_suffix_removed,.jpg,1824,1824,3
img_b4afbb4f11e9d5b8,Fräszustand Viertel/_DSC1827_q3.JPG,Fräszustand Viertel,val,DSC1827,quarter_suffix_removed,.jpg,1824,1824,3
img_071dfc8b914e3a2d,Fräszustand Viertel/_DSC1827_q4.JPG,Fräszustand Viertel,val,DSC1827,quarter_suffix_removed,.jpg,1824,1824,3
img_277ddfec92cd4e01,Fräszustand Viertel/_DSC1828_q1.JPG,Fräszustand Viertel,test,DSC1828,quarter_suffix_removed,.jpg,1824,1824,3
img_6f0c30386768ba4d,Fräszustand Viertel/_DSC1828_q2.JPG,Fräszustand Viertel,test,DSC1828,quarter_suffix_removed,.jpg,1824,1824,3
img_90d3d0115c699e66,Fräszustand Viertel/_DSC1828_q3.JPG,Fräszustand Viertel,test,DSC1828,quarter_suffix_removed,.jpg,1824,1824,3
img_fbb6db04c25a7e09,Fräszustand Viertel/_DSC1828_q4.JPG,Fräszustand Viertel,test,DSC1828,quarter_suffix_removed,.jpg,1824,1824,3
img_7615b8dbe5ab3357,Fräszustand Viertel/_DSC1829_q1.JPG,Fräszustand Viertel,train,DSC1829,quarter_suffix_removed,.jpg,1824,1824,3
img_cea95359eac9eec1,Fräszustand Viertel/_DSC1829_q2.JPG,Fräszustand Viertel,train,DSC1829,quarter_suffix_removed,.jpg,1824,1824,3
img_e00d1b719520b6e4,Fräszustand Viertel/_DSC1829_q3.JPG,Fräszustand Viertel,train,DSC1829,quarter_suffix_removed,.jpg,1824,1824,3
img_56d9cbecabf91392,Fräszustand Viertel/_DSC1829_q4.JPG,Fräszustand Viertel,train,DSC1829,quarter_suffix_removed,.jpg,1824,1824,3
img_1c79bf59364b066c,Fräszustand Viertel/_DSC1830_q3.JPG,Fräszustand Viertel,test,DSC1830,quarter_suffix_removed,.jpg,1824,1824,3
img_69bf4c7fd40b9689,Fräszustand Viertel/_DSC1830_q4.JPG,Fräszustand Viertel,test,DSC1830,quarter_suffix_removed,.jpg,1824,1824,3
img_970876596a721fba,Fräszustand Viertel/_DSC1832_q1.JPG,Fräszustand Viertel,train,DSC1832,quarter_suffix_removed,.jpg,1824,1824,3
img_852f3e4b574767aa,Fräszustand Viertel/_DSC1832_q3.JPG,Fräszustand Viertel,train,DSC1832,quarter_suffix_removed,.jpg,1824,1824,3
img_a275f702cfc95700,Fräszustand Viertel/_DSC1833_q1.JPG,Fräszustand Viertel,train,DSC1833,quarter_suffix_removed,.jpg,1824,1824,3
img_897aecd6d6df6fde,Fräszustand Viertel/_DSC1833_q3.JPG,Fräszustand Viertel,train,DSC1833,quarter_suffix_removed,.jpg,1824,1824,3
img_17dce53041b4f76f,Fräszustand Viertel/_DSC1834_q2.JPG,Fräszustand Viertel,train,DSC1834,quarter_suffix_removed,.jpg,1824,1824,3
img_fdbeb6b3249c22ef,Fräszustand Viertel/_DSC1834_q3.JPG,Fräszustand Viertel,train,DSC1834,quarter_suffix_removed,.jpg,1824,1824,3
img_649e9c5fa24d47d6,Fräszustand Viertel/_DSC1834_q4.JPG,Fräszustand Viertel,train,DSC1834,quarter_suffix_removed,.jpg,1824,1824,3
img_f6f98e6a64b09700,Fräszustand Viertel/_DSC1835_q1.JPG,Fräszustand Viertel,train,DSC1835,quarter_suffix_removed,.jpg,1824,1824,3
img_1a9b21f3417dcb08,Fräszustand Viertel/_DSC1835_q2.JPG,Fräszustand Viertel,train,DSC1835,quarter_suffix_removed,.jpg,1824,1824,3
img_752c31e6610f07aa,Fräszustand Viertel/_DSC1835_q3.JPG,Fräszustand Viertel,train,DSC1835,quarter_suffix_removed,.jpg,1824,1824,3
img_d8a734ded5ee6441,Fräszustand Viertel/_DSC1835_q4.JPG,Fräszustand Viertel,train,DSC1835,quarter_suffix_removed,.jpg,1824,1824,3
img_cbc021e92c0428e7,Fräszustand Viertel/_DSC1836_q1.JPG,Fräszustand Viertel,train,DSC1836,quarter_suffix_removed,.jpg,1824,1824,3
img_41b91d04fd9cea62,Fräszustand Viertel/_DSC1836_q3.JPG,Fräszustand Viertel,train,DSC1836,quarter_suffix_removed,.jpg,1824,1824,3
img_d9b3aedaf53d46f9,Fräszustand Viertel/_DSC1836_q4.JPG,Fräszustand Viertel,train,DSC1836,quarter_suffix_removed,.jpg,1824,1824,3
img_4fa627be26680d32,Fräszustand Viertel/_DSC1839_q1.JPG,Fräszustand Viertel,train,DSC1839,quarter_suffix_removed,.jpg,1824,1824,3
img_89057f9e829d0487,Fräszustand Viertel/_DSC1839_q3.JPG,Fräszustand Viertel,train,DSC1839,quarter_suffix_removed,.jpg,1824,1824,3
img_779b274d28907249,Fräszustand Viertel/_DSC1839_q4.JPG,Fräszustand Viertel,train,DSC1839,quarter_suffix_removed,.jpg,1824,1824,3
img_1433262df6af3c03,Fräszustand Viertel/_DSC1840_q1.JPG,Fräszustand Viertel,train,DSC1840,quarter_suffix_removed,.jpg,1824,1824,3
img_ebb042977d78d79b,Fräszustand Viertel/_DSC1840_q2.JPG,Fräszustand Viertel,train,DSC1840,quarter_suffix_removed,.jpg,1824,1824,3
img_e79c1a5bf925d883,Fräszustand Viertel/_DSC1840_q3.JPG,Fräszustand Viertel,train,DSC1840,quarter_suffix_removed,.jpg,1824,1824,3
img_1ca83321277159d2,Fräszustand Viertel/_DSC1840_q4.JPG,Fräszustand Viertel,train,DSC1840,quarter_suffix_removed,.jpg,1824,1824,3
img_f4ee26c4db09116f,Fräszustand Viertel/_DSC1841_q2.JPG,Fräszustand Viertel,train,DSC1841,quarter_suffix_removed,.jpg,1824,1824,3
img_ee9d2bf74098de0c,Fräszustand Viertel/_DSC1841_q3.JPG,Fräszustand Viertel,train,DSC1841,quarter_suffix_removed,.jpg,1824,1824,3
img_75340225c370906d,Fräszustand Viertel/_DSC1842_q1.JPG,Fräszustand Viertel,train,DSC1842,quarter_suffix_removed,.jpg,1824,1824,3
img_695c0f06018facfd,Fräszustand Viertel/_DSC1842_q2.JPG,Fräszustand Viertel,train,DSC1842,quarter_suffix_removed,.jpg,1824,1824,3
img_310601d9df109aee,Fräszustand Viertel/_DSC1842_q3.JPG,Fräszustand Viertel,train,DSC1842,quarter_suffix_removed,.jpg,1824,1824,3
img_b31e4cd4ce3582eb,Fräszustand Viertel/_DSC1844_q1.JPG,Fräszustand Viertel,test,DSC1844,quarter_suffix_removed,.jpg,1824,1824,3
img_a103eec4b0ca44d7,Fräszustand Viertel/_DSC1844_q2.JPG,Fräszustand Viertel,test,DSC1844,quarter_suffix_removed,.jpg,1824,1824,3
img_b680b953e8e375dc,Fräszustand Viertel/_DSC1844_q3.JPG,Fräszustand Viertel,test,DSC1844,quarter_suffix_removed,.jpg,1824,1824,3
img_75e7dd21fde20500,Fräszustand Viertel/_DSC1845_q3.JPG,Fräszustand Viertel,train,DSC1845,quarter_suffix_removed,.jpg,1824,1824,3
img_8b5b123ceda064e5,Fräszustand Viertel/_DSC1845_q4.JPG,Fräszustand Viertel,train,DSC1845,quarter_suffix_removed,.jpg,1824,1824,3
img_fe29465e2928d794,Fräszustand Viertel/_DSC1847_q1.JPG,Fräszustand Viertel,val,DSC1847,quarter_suffix_removed,.jpg,1824,1824,3
img_f847dda872a2a54d,Fräszustand Viertel/_DSC1847_q2.JPG,Fräszustand Viertel,val,DSC1847,quarter_suffix_removed,.jpg,1824,1824,3
img_a14dc8f4df3f2f8e,Fräszustand Viertel/_DSC1847_q4.JPG,Fräszustand Viertel,val,DSC1847,quarter_suffix_removed,.jpg,1824,1824,3
img_65e9e890abc531cd,Fräszustand Viertel/_DSC1848_q1.JPG,Fräszustand Viertel,train,DSC1848,quarter_suffix_removed,.jpg,1824,1824,3
img_c07a5464cb7e0921,Fräszustand Viertel/_DSC1849_q1.JPG,Fräszustand Viertel,val,DSC1849,quarter_suffix_removed,.jpg,1824,1824,3
img_02eb29bd66c6b930,Fräszustand Viertel/_DSC1849_q2.JPG,Fräszustand Viertel,val,DSC1849,quarter_suffix_removed,.jpg,1824,1824,3
img_1b336a4713591a7a,Fräszustand Viertel/_DSC1849_q3.JPG,Fräszustand Viertel,val,DSC1849,quarter_suffix_removed,.jpg,1824,1824,3
img_51dd326ac4db9783,Fräszustand Viertel/_DSC1849_q4.JPG,Fräszustand Viertel,val,DSC1849,quarter_suffix_removed,.jpg,1824,1824,3
img_fa8786ba822148f7,Fräszustand Viertel/_DSC1850_q1.JPG,Fräszustand Viertel,train,DSC1850,quarter_suffix_removed,.jpg,1824,1824,3
img_eeef87e63ab0c320,Fräszustand Viertel/_DSC1850_q2.JPG,Fräszustand Viertel,train,DSC1850,quarter_suffix_removed,.jpg,1824,1824,3
img_d2c087b5ca31c3c6,Fräszustand Viertel/_DSC1850_q3.JPG,Fräszustand Viertel,train,DSC1850,quarter_suffix_removed,.jpg,1824,1824,3
img_55690ac126692df6,Fräszustand Viertel/_DSC1850_q4.JPG,Fräszustand Viertel,train,DSC1850,quarter_suffix_removed,.jpg,1824,1824,3
img_1af2881857cda581,Fräszustand Viertel/_DSC1851_q1.JPG,Fräszustand Viertel,test,DSC1851,quarter_suffix_removed,.jpg,1824,1824,3
img_70042dc35c74682f,Fräszustand Viertel/_DSC1851_q2.JPG,Fräszustand Viertel,test,DSC1851,quarter_suffix_removed,.jpg,1824,1824,3
img_2d9b972260a28930,Fräszustand Viertel/_DSC1851_q3.JPG,Fräszustand Viertel,test,DSC1851,quarter_suffix_removed,.jpg,1824,1824,3
img_d40f90d17d2bd0bc,Fräszustand Viertel/_DSC1851_q4.JPG,Fräszustand Viertel,test,DSC1851,quarter_suffix_removed,.jpg,1824,1824,3
img_958d52f65f62863e,Fräszustand Viertel/_DSC1852_q1.JPG,Fräszustand Viertel,train,DSC1852,quarter_suffix_removed,.jpg,1824,1824,3
img_548a953c727dd578,Fräszustand Viertel/_DSC1852_q2.JPG,Fräszustand Viertel,train,DSC1852,quarter_suffix_removed,.jpg,1824,1824,3
img_4e943d6a47b281f2,Fräszustand Viertel/_DSC1852_q3.JPG,Fräszustand Viertel,train,DSC1852,quarter_suffix_removed,.jpg,1824,1824,3
img_20bc6a20527a88df,Fräszustand Viertel/_DSC1852_q4.JPG,Fräszustand Viertel,train,DSC1852,quarter_suffix_removed,.jpg,1824,1824,3
img_51edb836fceb2cf7,Fräszustand Viertel/_DSC1853_q1.JPG,Fräszustand Viertel,train,DSC1853,quarter_suffix_removed,.jpg,1824,1824,3
img_ba5f48e6b626a5c8,Fräszustand Viertel/_DSC1853_q2.JPG,Fräszustand Viertel,train,DSC1853,quarter_suffix_removed,.jpg,1824,1824,3
img_de3fef48374a3d98,Fräszustand Viertel/_DSC1853_q3.JPG,Fräszustand Viertel,train,DSC1853,quarter_suffix_removed,.jpg,1824,1824,3
img_f7dc1996cdc1d65a,Fräszustand Viertel/_DSC1853_q4.JPG,Fräszustand Viertel,train,DSC1853,quarter_suffix_removed,.jpg,1824,1824,3
img_e50a93e924202f4b,Fräszustand Viertel/_DSC1855_q1.JPG,Fräszustand Viertel,train,DSC1855,quarter_suffix_removed,.jpg,1824,1824,3
img_205a229706533514,Fräszustand Viertel/_DSC1855_q2.JPG,Fräszustand Viertel,train,DSC1855,quarter_suffix_removed,.jpg,1824,1824,3
img_3bddc9ea7ebd7207,Fräszustand Viertel/_DSC1856_q3.JPG,Fräszustand Viertel,val,DSC1856,quarter_suffix_removed,.jpg,1824,1824,3
img_80624cdf70da9caa,Fräszustand Viertel/_DSC1856_q4.JPG,Fräszustand Viertel,val,DSC1856,quarter_suffix_removed,.jpg,1824,1824,3
img_46cec91d663db7ef,Fräszustand Viertel/_DSC1857_q1.JPG,Fräszustand Viertel,train,DSC1857,quarter_suffix_removed,.jpg,1824,1824,3
img_b9d48ee87be4bfa4,Fräszustand Viertel/_DSC1857_q2.JPG,Fräszustand Viertel,train,DSC1857,quarter_suffix_removed,.jpg,1824,1824,3
img_020b99ca2bf40b23,Fräszustand Viertel/_DSC1857_q3.JPG,Fräszustand Viertel,train,DSC1857,quarter_suffix_removed,.jpg,1824,1824,3
img_2c49961fd477fd9d,Fräszustand Viertel/_DSC1857_q4.JPG,Fräszustand Viertel,train,DSC1857,quarter_suffix_removed,.jpg,1824,1824,3
img_e992362374a93ee1,Fräszustand Viertel/_DSC1858_q3.JPG,Fräszustand Viertel,test,DSC1858,quarter_suffix_removed,.jpg,1824,1824,3
img_f7103825ec9a24a9,Fräszustand Viertel/_DSC1858_q4.JPG,Fräszustand Viertel,test,DSC1858,quarter_suffix_removed,.jpg,1824,1824,3
img_990417f5291888a3,Fräszustand Viertel/_DSC1859_q1.JPG,Fräszustand Viertel,train,DSC1859,quarter_suffix_removed,.jpg,1824,1824,3
img_05f40812f6a61569,Fräszustand Viertel/_DSC1859_q2.JPG,Fräszustand Viertel,train,DSC1859,quarter_suffix_removed,.jpg,1824,1824,3
img_02e13a6ee8e6a9db,Fräszustand Viertel/_DSC1859_q3.JPG,Fräszustand Viertel,train,DSC1859,quarter_suffix_removed,.jpg,1824,1824,3
img_36b697a46b207437,Fräszustand Viertel/_DSC1859_q4.JPG,Fräszustand Viertel,train,DSC1859,quarter_suffix_removed,.jpg,1824,1824,3
img_5a83d5a2987bd549,Fräszustand Viertel/_DSC1860_q1.JPG,Fräszustand Viertel,val,DSC1860,quarter_suffix_removed,.jpg,1824,1824,3
img_c320a83c97717ea2,Fräszustand Viertel/_DSC1860_q2.JPG,Fräszustand Viertel,val,DSC1860,quarter_suffix_removed,.jpg,1824,1824,3
img_5e2ec8da32e1873f,Fräszustand Viertel/_DSC1860_q3.JPG,Fräszustand Viertel,val,DSC1860,quarter_suffix_removed,.jpg,1824,1824,3
img_b7fde29e7c310722,Fräszustand Viertel/_DSC1860_q4.JPG,Fräszustand Viertel,val,DSC1860,quarter_suffix_removed,.jpg,1824,1824,3
img_d3cdd84e6cc94317,Fräszustand Viertel/_DSC1861_q3.JPG,Fräszustand Viertel,train,DSC1861,quarter_suffix_removed,.jpg,1824,1824,3
img_9e6c94ba610fdd75,Fräszustand Viertel/_DSC1861_q4.JPG,Fräszustand Viertel,train,DSC1861,quarter_suffix_removed,.jpg,1824,1824,3
img_2ce0409c37168f4f,Fräszustand Viertel/_DSC1863_q1.JPG,Fräszustand Viertel,train,DSC1863,quarter_suffix_removed,.jpg,1824,1824,3
img_c4bcb053eae857e0,Fräszustand Viertel/_DSC1863_q2.JPG,Fräszustand Viertel,train,DSC1863,quarter_suffix_removed,.jpg,1824,1824,3
img_e26ec0c11c3d38ef,Fräszustand Viertel/_DSC1863_q3.JPG,Fräszustand Viertel,train,DSC1863,quarter_suffix_removed,.jpg,1824,1824,3
img_b54b54de4d4b86b6,Fräszustand Viertel/_DSC1863_q4.JPG,Fräszustand Viertel,train,DSC1863,quarter_suffix_removed,.jpg,1824,1824,3
img_202374387af3462f,Fräszustand Viertel/_DSC1864_q1.JPG,Fräszustand Viertel,test,DSC1864,quarter_suffix_removed,.jpg,1824,1824,3
img_f2595f44585c3e82,Fräszustand Viertel/_DSC1864_q2.JPG,Fräszustand Viertel,test,DSC1864,quarter_suffix_removed,.jpg,1824,1824,3
img_534e6133948170b2,Fräszustand Viertel/_DSC1864_q3.JPG,Fräszustand Viertel,test,DSC1864,quarter_suffix_removed,.jpg,1824,1824,3
img_d72e75a4e1bc6144,Fräszustand Viertel/_DSC1864_q4.JPG,Fräszustand Viertel,test,DSC1864,quarter_suffix_removed,.jpg,1824,1824,3
img_b903115a36995ecb,Fräszustand Viertel/_DSC1866_q1.JPG,Fräszustand Viertel,train,DSC1866,quarter_suffix_removed,.jpg,1824,1824,3
img_e1a18baef48cdddd,Fräszustand Viertel/_DSC1866_q2.JPG,Fräszustand Viertel,train,DSC1866,quarter_suffix_removed,.jpg,1824,1824,3
img_ef78350e72904956,Fräszustand Viertel/_DSC1866_q4.JPG,Fräszustand Viertel,train,DSC1866,quarter_suffix_removed,.jpg,1824,1824,3
img_f6d60e254fa051e7,Fräszustand Viertel/_DSC1868_q1.JPG,Fräszustand Viertel,train,DSC1868,quarter_suffix_removed,.jpg,1824,1824,3
img_09d0566432e652dc,Fräszustand Viertel/_DSC1868_q2.JPG,Fräszustand Viertel,train,DSC1868,quarter_suffix_removed,.jpg,1824,1824,3
img_50d9b289e334f079,Fräszustand Viertel/_DSC1869_q1.JPG,Fräszustand Viertel,train,DSC1869,quarter_suffix_removed,.jpg,1824,1824,3
img_f275d87990237dd2,Fräszustand Viertel/_DSC1869_q2.JPG,Fräszustand Viertel,train,DSC1869,quarter_suffix_removed,.jpg,1824,1824,3
img_a265bc6f75e02612,Fräszustand Viertel/_DSC1869_q3.JPG,Fräszustand Viertel,train,DSC1869,quarter_suffix_removed,.jpg,1824,1824,3
img_42d9cd59df3dc513,Fräszustand Viertel/_DSC1869_q4.JPG,Fräszustand Viertel,train,DSC1869,quarter_suffix_removed,.jpg,1824,1824,3
img_90eb666c487be90b,Fräszustand Viertel/_DSC1871_q2.JPG,Fräszustand Viertel,train,DSC1871,quarter_suffix_removed,.jpg,1824,1824,3
img_0035bc80a800ce81,Fräszustand Viertel/_DSC1871_q3.JPG,Fräszustand Viertel,train,DSC1871,quarter_suffix_removed,.jpg,1824,1824,3
img_b8ffd187db824aac,Fräszustand Viertel/_DSC1871_q4.JPG,Fräszustand Viertel,train,DSC1871,quarter_suffix_removed,.jpg,1824,1824,3
img_e9c13cf3ebe65a2d,Fräszustand Viertel/_DSC1872_q1.JPG,Fräszustand Viertel,train,DSC1872,quarter_suffix_removed,.jpg,1824,1824,3
img_6b2e4458722596e7,Fräszustand Viertel/_DSC1872_q2.JPG,Fräszustand Viertel,train,DSC1872,quarter_suffix_removed,.jpg,1824,1824,3
img_04975e270a090e8e,Fräszustand Viertel/_DSC1872_q4.JPG,Fräszustand Viertel,train,DSC1872,quarter_suffix_removed,.jpg,1824,1824,3
img_dc228f4f9ae53eb1,Fräszustand Viertel/_DSC1873_q2.JPG,Fräszustand Viertel,train,DSC1873,quarter_suffix_removed,.jpg,1824,1824,3
img_505998df4b2f96a3,Fräszustand Viertel/_DSC1873_q3.JPG,Fräszustand Viertel,train,DSC1873,quarter_suffix_removed,.jpg,1824,1824,3
img_fc11e503f861605c,Fräszustand Viertel/_DSC1874_q1.JPG,Fräszustand Viertel,train,DSC1874,quarter_suffix_removed,.jpg,1824,1824,3
img_391ec025aa83fb63,Fräszustand Viertel/_DSC1874_q2.JPG,Fräszustand Viertel,train,DSC1874,quarter_suffix_removed,.jpg,1824,1824,3
img_1538c6aaefb8798e,Fräszustand Viertel/_DSC1874_q3.JPG,Fräszustand Viertel,train,DSC1874,quarter_suffix_removed,.jpg,1824,1824,3
img_44beab28ced64552,Fräszustand Viertel/_DSC1874_q4.JPG,Fräszustand Viertel,train,DSC1874,quarter_suffix_removed,.jpg,1824,1824,3
img_5d81fbff2d3d7647,Fräszustand Viertel/_DSC1875_q1.JPG,Fräszustand Viertel,train,DSC1875,quarter_suffix_removed,.jpg,1824,1824,3
img_2d82573fa9e02638,Fräszustand Viertel/_DSC1875_q2.JPG,Fräszustand Viertel,train,DSC1875,quarter_suffix_removed,.jpg,1824,1824,3
img_51f3db331413f1e6,Fräszustand Viertel/_DSC1875_q4.JPG,Fräszustand Viertel,train,DSC1875,quarter_suffix_removed,.jpg,1824,1824,3
img_319e7c65ad81dba3,Fräszustand Viertel/_DSC1876_q2.JPG,Fräszustand Viertel,train,DSC1876,quarter_suffix_removed,.jpg,1824,1824,3
img_bdec0df824d0b3a6,Fräszustand Viertel/_DSC1876_q3.JPG,Fräszustand Viertel,train,DSC1876,quarter_suffix_removed,.jpg,1824,1824,3
img_9a53e013413a2116,Fräszustand Viertel/_DSC1876_q4.JPG,Fräszustand Viertel,train,DSC1876,quarter_suffix_removed,.jpg,1824,1824,3
img_095802828d73e64c,Fräszustand Viertel/_DSC1877_q3.JPG,Fräszustand Viertel,val,DSC1877,quarter_suffix_removed,.jpg,1824,1824,3
img_e9c8b9c4ca202f15,Fräszustand Viertel/_DSC1878_q1.JPG,Fräszustand Viertel,val,DSC1878,quarter_suffix_removed,.jpg,1824,1824,3
img_4d4bd60ee5ee0b4b,Fräszustand Viertel/_DSC1878_q2.JPG,Fräszustand Viertel,val,DSC1878,quarter_suffix_removed,.jpg,1824,1824,3
img_ad276f567e1886dd,Fräszustand Viertel/_DSC1878_q4.JPG,Fräszustand Viertel,val,DSC1878,quarter_suffix_removed,.jpg,1824,1824,3
img_aecdd97d1e310eca,Fräszustand Viertel/_DSC1879_q1.JPG,Fräszustand Viertel,train,DSC1879,quarter_suffix_removed,.jpg,1824,1824,3
img_2884209c26262a07,Fräszustand Viertel/_DSC1879_q2.JPG,Fräszustand Viertel,train,DSC1879,quarter_suffix_removed,.jpg,1824,1824,3
img_4e2008eea70d9f24,Fräszustand Viertel/_DSC1879_q3.JPG,Fräszustand Viertel,train,DSC1879,quarter_suffix_removed,.jpg,1824,1824,3
img_06313d49a5910857,Fräszustand Viertel/_DSC1879_q4.JPG,Fräszustand Viertel,train,DSC1879,quarter_suffix_removed,.jpg,1824,1824,3
img_a8382457c9d3d178,Fräszustand Viertel/_DSC1880_q2.JPG,Fräszustand Viertel,test,DSC1880,quarter_suffix_removed,.jpg,1824,1824,3
img_281eead98abe3c4f,Fräszustand Viertel/_DSC1880_q3.JPG,Fräszustand Viertel,test,DSC1880,quarter_suffix_removed,.jpg,1824,1824,3
img_9f29f61a8fd8c084,Fräszustand Viertel/_DSC1880_q4.JPG,Fräszustand Viertel,test,DSC1880,quarter_suffix_removed,.jpg,1824,1824,3
img_545b9bf1624242d0,Fräszustand Viertel/_DSC1881_q1.JPG,Fräszustand Viertel,val,DSC1881,quarter_suffix_removed,.jpg,1824,1824,3
img_ecbca8678aa9e47a,Fräszustand Viertel/_DSC1881_q2.JPG,Fräszustand Viertel,val,DSC1881,quarter_suffix_removed,.jpg,1824,1824,3
img_a5cde7f7400b2c0c,Fräszustand Viertel/_DSC1881_q3.JPG,Fräszustand Viertel,val,DSC1881,quarter_suffix_removed,.jpg,1824,1824,3
img_369d1c9cf34a6510,Fräszustand Viertel/_DSC1881_q4.JPG,Fräszustand Viertel,val,DSC1881,quarter_suffix_removed,.jpg,1824,1824,3
img_c38f7151068efb83,Fräszustand Viertel/_DSC1882_q2.JPG,Fräszustand Viertel,train,DSC1882,quarter_suffix_removed,.jpg,1824,1824,3
img_6c01e55be25449d2,Fräszustand Viertel/_DSC1882_q3.JPG,Fräszustand Viertel,train,DSC1882,quarter_suffix_removed,.jpg,1824,1824,3
img_852aa418920a4795,Fräszustand Viertel/_DSC1882_q4.JPG,Fräszustand Viertel,train,DSC1882,quarter_suffix_removed,.jpg,1824,1824,3
img_ea86c65c7986262a,Fräszustand Viertel/_DSC1883_q1.JPG,Fräszustand Viertel,train,DSC1883,quarter_suffix_removed,.jpg,1824,1824,3
img_c3a033a510b0d0f8,Fräszustand Viertel/_DSC1883_q2.JPG,Fräszustand Viertel,train,DSC1883,quarter_suffix_removed,.jpg,1824,1824,3
img_b08406ae49e6aa21,Fräszustand Viertel/_DSC1883_q3.JPG,Fräszustand Viertel,train,DSC1883,quarter_suffix_removed,.jpg,1824,1824,3
img_58edb2b323ffbdeb,Fräszustand Viertel/_DSC1883_q4.JPG,Fräszustand Viertel,train,DSC1883,quarter_suffix_removed,.jpg,1824,1824,3
img_d10a396c0e82fd2c,Fräszustand Viertel/_DSC2033_q3.JPG,Fräszustand Viertel,test,DSC2033,quarter_suffix_removed,.jpg,1824,1824,3
img_d6ad0a92c2ff0e82,Fräszustand Viertel/_DSC2034_q1.JPG,Fräszustand Viertel,train,DSC2034,quarter_suffix_removed,.jpg,1824,1824,3
img_e83732fac4a3de60,Fräszustand Viertel/_DSC2034_q2.JPG,Fräszustand Viertel,train,DSC2034,quarter_suffix_removed,.jpg,1824,1824,3
img_2c24dd6031747949,Fräszustand Viertel/_DSC2034_q3.JPG,Fräszustand Viertel,train,DSC2034,quarter_suffix_removed,.jpg,1824,1824,3
img_413bd6f8924389a2,Fräszustand Viertel/_DSC2034_q4.JPG,Fräszustand Viertel,train,DSC2034,quarter_suffix_removed,.jpg,1824,1824,3
img_c2090cfdb75ef055,Fräszustand Viertel/_DSC2035_q3.JPG,Fräszustand Viertel,train,DSC2035,quarter_suffix_removed,.jpg,1824,1824,3
img_15060846776b29f5,Fräszustand Viertel/_DSC2035_q4.JPG,Fräszustand Viertel,train,DSC2035,quarter_suffix_removed,.jpg,1824,1824,3
img_1347f3dd687abc53,Fräszustand Viertel/_DSC2037_q1.JPG,Fräszustand Viertel,train,DSC2037,quarter_suffix_removed,.jpg,1824,1824,3
img_e7ad41402e9abf8b,Fräszustand Viertel/_DSC2037_q2.JPG,Fräszustand Viertel,train,DSC2037,quarter_suffix_removed,.jpg,1824,1824,3
img_a9f646ecaecf1cf0,Fräszustand Viertel/_DSC2037_q3.JPG,Fräszustand Viertel,train,DSC2037,quarter_suffix_removed,.jpg,1824,1824,3
img_9fed725bf95b1dea,Fräszustand Viertel/_DSC2038_q2.JPG,Fräszustand Viertel,train,DSC2038,quarter_suffix_removed,.jpg,1824,1824,3
img_088df843e475ad0b,Fräszustand Viertel/_DSC2038_q3.JPG,Fräszustand Viertel,train,DSC2038,quarter_suffix_removed,.jpg,1824,1824,3
img_ce291b1690be6ba0,Fräszustand Viertel/_DSC2038_q4.JPG,Fräszustand Viertel,train,DSC2038,quarter_suffix_removed,.jpg,1824,1824,3
img_129aed0dd37742d8,Fräszustand Viertel/_DSC2039_q4.JPG,Fräszustand Viertel,train,DSC2039,quarter_suffix_removed,.jpg,1824,1824,3
img_b8dc06876397a886,Fräszustand Viertel/_DSC2040_q3.JPG,Fräszustand Viertel,val,DSC2040,quarter_suffix_removed,.jpg,1824,1824,3
img_b1ac1fbddf74ee0b,Fräszustand Viertel/_DSC2040_q4.JPG,Fräszustand Viertel,val,DSC2040,quarter_suffix_removed,.jpg,1824,1824,3
img_4744202811d9699f,Fräszustand Viertel/_DSC2041_q1.JPG,Fräszustand Viertel,test,DSC2041,quarter_suffix_removed,.jpg,1824,1824,3
img_19a04e494b5783d0,Fräszustand Viertel/_DSC2041_q2.JPG,Fräszustand Viertel,test,DSC2041,quarter_suffix_removed,.jpg,1824,1824,3
img_44a67063790f5b12,Fräszustand Viertel/_DSC2041_q3.JPG,Fräszustand Viertel,test,DSC2041,quarter_suffix_removed,.jpg,1824,1824,3
img_4c38cf87b210da0e,Fräszustand Viertel/_DSC2041_q4.JPG,Fräszustand Viertel,test,DSC2041,quarter_suffix_removed,.jpg,1824,1824,3
img_dbaea3fa4f5dae0b,Fräszustand Viertel/_DSC2042_q1.JPG,Fräszustand Viertel,val,DSC2042,quarter_suffix_removed,.jpg,1824,1824,3
img_83c1f9372d901d28,Fräszustand Viertel/_DSC2042_q2.JPG,Fräszustand Viertel,val,DSC2042,quarter_suffix_removed,.jpg,1824,1824,3
img_2ae2dba34c8b5653,Fräszustand Viertel/_DSC2042_q3.JPG,Fräszustand Viertel,val,DSC2042,quarter_suffix_removed,.jpg,1824,1824,3
img_169465201a55147b,Fräszustand Viertel/_DSC2043_q1.JPG,Fräszustand Viertel,test,DSC2043,quarter_suffix_removed,.jpg,1824,1824,3
img_97f11aec94d55aa2,Fräszustand Viertel/_DSC2043_q3.JPG,Fräszustand Viertel,test,DSC2043,quarter_suffix_removed,.jpg,1824,1824,3
img_5549921a351d1374,Fräszustand Viertel/_DSC2043_q4.JPG,Fräszustand Viertel,test,DSC2043,quarter_suffix_removed,.jpg,1824,1824,3
img_af0553a25aeb008d,Fräszustand Viertel/_DSC2044_q2.JPG,Fräszustand Viertel,train,DSC2044,quarter_suffix_removed,.jpg,1824,1824,3
img_792eadbce6fd9f46,Fräszustand Viertel/_DSC2044_q4.JPG,Fräszustand Viertel,train,DSC2044,quarter_suffix_removed,.jpg,1824,1824,3
img_3efde1fd2466dfbe,Fräszustand Viertel/_DSC2045_q1.JPG,Fräszustand Viertel,train,DSC2045,quarter_suffix_removed,.jpg,1824,1824,3
img_50dfa22877c1001a,Fräszustand Viertel/_DSC2045_q3.JPG,Fräszustand Viertel,train,DSC2045,quarter_suffix_removed,.jpg,1824,1824,3
img_bae8ff8006516a3a,Fräszustand Viertel/_DSC2046_q1.JPG,Fräszustand Viertel,train,DSC2046,quarter_suffix_removed,.jpg,1824,1824,3
img_7a19c8bbb5035ffe,Fräszustand Viertel/_DSC2046_q2.JPG,Fräszustand Viertel,train,DSC2046,quarter_suffix_removed,.jpg,1824,1824,3
img_3c7ac6c5dee7878b,Fräszustand Viertel/_DSC2046_q3.JPG,Fräszustand Viertel,train,DSC2046,quarter_suffix_removed,.jpg,1824,1824,3
img_616dcaa9f8458aaa,Fräszustand Viertel/_DSC2046_q4.JPG,Fräszustand Viertel,train,DSC2046,quarter_suffix_removed,.jpg,1824,1824,3
img_0170570782d1f946,Fräszustand Viertel/_DSC2047_q1.JPG,Fräszustand Viertel,train,DSC2047,quarter_suffix_removed,.jpg,1824,1824,3
img_0e915622c2663592,Fräszustand Viertel/_DSC2047_q2.JPG,Fräszustand Viertel,train,DSC2047,quarter_suffix_removed,.jpg,1824,1824,3
img_99f39946c4e31b16,Fräszustand Viertel/_DSC2047_q4.JPG,Fräszustand Viertel,train,DSC2047,quarter_suffix_removed,.jpg,1824,1824,3
img_a9c321e210479f32,Fräszustand Viertel/_DSC2048_q1.JPG,Fräszustand Viertel,test,DSC2048,quarter_suffix_removed,.jpg,1824,1824,3
img_6581bcd0fd303b4c,Fräszustand Viertel/_DSC2048_q3.JPG,Fräszustand Viertel,test,DSC2048,quarter_suffix_removed,.jpg,1824,1824,3
img_dcb73109ce2cd1c8,Fräszustand Viertel/_DSC2049_q2.JPG,Fräszustand Viertel,train,DSC2049,quarter_suffix_removed,.jpg,1824,1824,3
img_fffffea831751ade,Fräszustand Viertel/_DSC2050_q3.JPG,Fräszustand Viertel,train,DSC2050,quarter_suffix_removed,.jpg,1824,1824,3
img_c514e3261c0db3bc,Fräszustand Viertel/_DSC2050_q4.JPG,Fräszustand Viertel,train,DSC2050,quarter_suffix_removed,.jpg,1824,1824,3
img_a6c10f23cabc863f,Fräszustand Viertel/_DSC2051_q1.JPG,Fräszustand Viertel,train,DSC2051,quarter_suffix_removed,.jpg,1824,1824,3
img_4e6f2bc11d8db765,Fräszustand Viertel/_DSC2051_q4.JPG,Fräszustand Viertel,train,DSC2051,quarter_suffix_removed,.jpg,1824,1824,3
img_389cc2a758a51378,Fräszustand Viertel/_DSC2052_q1.JPG,Fräszustand Viertel,train,DSC2052,quarter_suffix_removed,.jpg,1824,1824,3
img_5e223abfed16da02,Fräszustand Viertel/_DSC2052_q2.JPG,Fräszustand Viertel,train,DSC2052,quarter_suffix_removed,.jpg,1824,1824,3
img_375fd67c0b73e842,Fräszustand Viertel/_DSC2052_q3.JPG,Fräszustand Viertel,train,DSC2052,quarter_suffix_removed,.jpg,1824,1824,3
img_18d5b744d91bd997,Fräszustand Viertel/_DSC2053_q2.JPG,Fräszustand Viertel,val,DSC2053,quarter_suffix_removed,.jpg,1824,1824,3
img_36a3723d4bcb8562,Fräszustand Viertel/_DSC2054_q1.JPG,Fräszustand Viertel,train,DSC2054,quarter_suffix_removed,.jpg,1824,1824,3
img_f65171adce49005e,Fräszustand Viertel/_DSC2054_q2.JPG,Fräszustand Viertel,train,DSC2054,quarter_suffix_removed,.jpg,1824,1824,3
img_554d7368f344a969,Fräszustand Viertel/_DSC2054_q3.JPG,Fräszustand Viertel,train,DSC2054,quarter_suffix_removed,.jpg,1824,1824,3
img_02f600466acd5545,Fräszustand Viertel/_DSC2055_q2.JPG,Fräszustand Viertel,train,DSC2055,quarter_suffix_removed,.jpg,1824,1824,3
img_8e3dc3679c4a92cb,Fräszustand Viertel/_DSC2055_q3.JPG,Fräszustand Viertel,train,DSC2055,quarter_suffix_removed,.jpg,1824,1824,3
img_8ac13eb6dd19a286,Fräszustand Viertel/_DSC2055_q4.JPG,Fräszustand Viertel,train,DSC2055,quarter_suffix_removed,.jpg,1824,1824,3
img_856b49d2b6ac3850,Fräszustand Viertel/_DSC2056_q1.JPG,Fräszustand Viertel,val,DSC2056,quarter_suffix_removed,.jpg,1824,1824,3
img_c6d847ce027ef1c9,Fräszustand Viertel/_DSC2056_q3.JPG,Fräszustand Viertel,val,DSC2056,quarter_suffix_removed,.jpg,1824,1824,3
img_c9c6a598d3f3ac26,Fräszustand Viertel/_DSC2057_q2.JPG,Fräszustand Viertel,train,DSC2057,quarter_suffix_removed,.jpg,1824,1824,3
img_904ef732791bf9b3,Fräszustand Viertel/_DSC2057_q3.JPG,Fräszustand Viertel,train,DSC2057,quarter_suffix_removed,.jpg,1824,1824,3
img_cdc687f7a07bd58c,Fräszustand Viertel/_DSC2057_q4.JPG,Fräszustand Viertel,train,DSC2057,quarter_suffix_removed,.jpg,1824,1824,3
img_085810832aac56e4,Fräszustand Viertel/_DSC2215_q1.JPG,Fräszustand Viertel,train,DSC2215,quarter_suffix_removed,.jpg,1824,1824,3
img_2bdbc4654323b159,Fräszustand Viertel/_DSC2215_q2.JPG,Fräszustand Viertel,train,DSC2215,quarter_suffix_removed,.jpg,1824,1824,3
img_a4d7d5b647dc978a,Fräszustand Viertel/_DSC2215_q3.JPG,Fräszustand Viertel,train,DSC2215,quarter_suffix_removed,.jpg,1824,1824,3
img_79db2caf23b33ba8,Fräszustand Viertel/_DSC2215_q4.JPG,Fräszustand Viertel,train,DSC2215,quarter_suffix_removed,.jpg,1824,1824,3
img_1ea27219e45e3074,Fräszustand Viertel/_DSC2216_q1.JPG,Fräszustand Viertel,train,DSC2216,quarter_suffix_removed,.jpg,1824,1824,3
img_4dc8342980e37715,Fräszustand Viertel/_DSC2216_q2.JPG,Fräszustand Viertel,train,DSC2216,quarter_suffix_removed,.jpg,1824,1824,3
img_fc0d06eeeebd38a8,Fräszustand Viertel/_DSC2216_q3.JPG,Fräszustand Viertel,train,DSC2216,quarter_suffix_removed,.jpg,1824,1824,3
img_927bf586cceb8876,Fräszustand Viertel/_DSC2216_q4.JPG,Fräszustand Viertel,train,DSC2216,quarter_suffix_removed,.jpg,1824,1824,3
img_52ab17334786442a,Fräszustand Viertel/_DSC2217_q1.JPG,Fräszustand Viertel,val,DSC2217,quarter_suffix_removed,.jpg,1824,1824,3
img_5944e441849a2a3f,Fräszustand Viertel/_DSC2217_q2.JPG,Fräszustand Viertel,val,DSC2217,quarter_suffix_removed,.jpg,1824,1824,3
img_caddf75a5d201413,Fräszustand Viertel/_DSC2217_q3.JPG,Fräszustand Viertel,val,DSC2217,quarter_suffix_removed,.jpg,1824,1824,3
img_f47b764ec36ffd86,Fräszustand Viertel/_DSC2217_q4.JPG,Fräszustand Viertel,val,DSC2217,quarter_suffix_removed,.jpg,1824,1824,3
img_e97a5356678c21df,Fräszustand Viertel/_DSC2218_q1.JPG,Fräszustand Viertel,train,DSC2218,quarter_suffix_removed,.jpg,1824,1824,3
img_6f39ee5acee86a3e,Fräszustand Viertel/_DSC2218_q2.JPG,Fräszustand Viertel,train,DSC2218,quarter_suffix_removed,.jpg,1824,1824,3
img_aa481b2980395eaa,Fräszustand Viertel/_DSC2218_q3.JPG,Fräszustand Viertel,train,DSC2218,quarter_suffix_removed,.jpg,1824,1824,3
img_6fd3d4437468e2aa,Fräszustand Viertel/_DSC2218_q4.JPG,Fräszustand Viertel,train,DSC2218,quarter_suffix_removed,.jpg,1824,1824,3
img_f017cfd1419d93f9,Fräszustand Viertel/_DSC2219_q3.JPG,Fräszustand Viertel,train,DSC2219,quarter_suffix_removed,.jpg,1824,1824,3
img_8064fa1e9d845fd9,Fräszustand Viertel/_DSC2221_q2.JPG,Fräszustand Viertel,train,DSC2221,quarter_suffix_removed,.jpg,1824,1824,3
img_fa8ff13d54a9665e,Fräszustand Viertel/_DSC2221_q3.JPG,Fräszustand Viertel,train,DSC2221,quarter_suffix_removed,.jpg,1824,1824,3
img_03f996224acb16f5,Fräszustand Viertel/_DSC2222_q1.JPG,Fräszustand Viertel,test,DSC2222,quarter_suffix_removed,.jpg,1824,1824,3
img_f777cb426fdd29ed,Fräszustand Viertel/_DSC2222_q2.JPG,Fräszustand Viertel,test,DSC2222,quarter_suffix_removed,.jpg,1824,1824,3
img_0287d4c14c88d48b,Fräszustand Viertel/_DSC2222_q3.JPG,Fräszustand Viertel,test,DSC2222,quarter_suffix_removed,.jpg,1824,1824,3
img_a01455de77727bd7,Fräszustand Viertel/_DSC2222_q4.JPG,Fräszustand Viertel,test,DSC2222,quarter_suffix_removed,.jpg,1824,1824,3
img_af558ac903d516d3,Fräszustand Viertel/_DSC2223_q1.JPG,Fräszustand Viertel,train,DSC2223,quarter_suffix_removed,.jpg,1824,1824,3
img_65529b683f16ba73,Fräszustand Viertel/_DSC2223_q2.JPG,Fräszustand Viertel,train,DSC2223,quarter_suffix_removed,.jpg,1824,1824,3
img_2fa0086cc544ea70,Fräszustand Viertel/_DSC2223_q4.JPG,Fräszustand Viertel,train,DSC2223,quarter_suffix_removed,.jpg,1824,1824,3
img_72c4dddfc0018ab0,Fräszustand Viertel/_DSC2224_q2.JPG,Fräszustand Viertel,train,DSC2224,quarter_suffix_removed,.jpg,1824,1824,3
img_4b8bf672117d25de,Fräszustand Viertel/_DSC2224_q3.JPG,Fräszustand Viertel,train,DSC2224,quarter_suffix_removed,.jpg,1824,1824,3
img_6f73f40160beecb6,Fräszustand Viertel/_DSC2225_q1.JPG,Fräszustand Viertel,train,DSC2225,quarter_suffix_removed,.jpg,1824,1824,3
img_4f0c4c04c14f9a5f,Fräszustand Viertel/_DSC2225_q2.JPG,Fräszustand Viertel,train,DSC2225,quarter_suffix_removed,.jpg,1824,1824,3
img_55a349eb0fbcc85b,Fräszustand Viertel/_DSC2225_q3.JPG,Fräszustand Viertel,train,DSC2225,quarter_suffix_removed,.jpg,1824,1824,3
img_15889af483c1c6d8,Fräszustand Viertel/_DSC2225_q4.JPG,Fräszustand Viertel,train,DSC2225,quarter_suffix_removed,.jpg,1824,1824,3
img_90c95d4b4609d559,Fräszustand Viertel/_DSC2226_q2.JPG,Fräszustand Viertel,val,DSC2226,quarter_suffix_removed,.jpg,1824,1824,3
img_f947e0249d14372b,Fräszustand Viertel/_DSC2226_q3.JPG,Fräszustand Viertel,val,DSC2226,quarter_suffix_removed,.jpg,1824,1824,3
img_3985b15d87b13869,Fräszustand Viertel/_DSC2226_q4.JPG,Fräszustand Viertel,val,DSC2226,quarter_suffix_removed,.jpg,1824,1824,3
img_a4695ce93ac8b894,Fräszustand Viertel/_DSC2227_q1.JPG,Fräszustand Viertel,train,DSC2227,quarter_suffix_removed,.jpg,1824,1824,3
img_7e61131dd23ce2b1,Fräszustand Viertel/_DSC2227_q2.JPG,Fräszustand Viertel,train,DSC2227,quarter_suffix_removed,.jpg,1824,1824,3
img_d4437d19ca3b5e7e,Fräszustand Viertel/_DSC2227_q3.JPG,Fräszustand Viertel,train,DSC2227,quarter_suffix_removed,.jpg,1824,1824,3
img_88e355518051cc2e,Fräszustand Viertel/_DSC2227_q4.JPG,Fräszustand Viertel,train,DSC2227,quarter_suffix_removed,.jpg,1824,1824,3
img_3aec340c1a1b3c54,Fräszustand Viertel/_DSC2228_q1.JPG,Fräszustand Viertel,train,DSC2228,quarter_suffix_removed,.jpg,1824,1824,3
img_3f86f5412fc90350,Fräszustand Viertel/_DSC2228_q2.JPG,Fräszustand Viertel,train,DSC2228,quarter_suffix_removed,.jpg,1824,1824,3
img_74fe21a532dda8ac,Fräszustand Viertel/_DSC2228_q3.JPG,Fräszustand Viertel,train,DSC2228,quarter_suffix_removed,.jpg,1824,1824,3
img_1f41afd6baffa4ef,Fräszustand Viertel/_DSC2228_q4.JPG,Fräszustand Viertel,train,DSC2228,quarter_suffix_removed,.jpg,1824,1824,3
img_5ec659282ce99c92,Fräszustand Viertel/_DSC2229_q1.JPG,Fräszustand Viertel,val,DSC2229,quarter_suffix_removed,.jpg,1824,1824,3
img_9da51d0eac40dd7f,Fräszustand Viertel/_DSC2229_q2.JPG,Fräszustand Viertel,val,DSC2229,quarter_suffix_removed,.jpg,1824,1824,3
img_a2ad6a88edccaf5e,Fräszustand Viertel/_DSC2229_q3.JPG,Fräszustand Viertel,val,DSC2229,quarter_suffix_removed,.jpg,1824,1824,3
img_61082bbf61b01555,Fräszustand Viertel/_DSC2229_q4.JPG,Fräszustand Viertel,val,DSC2229,quarter_suffix_removed,.jpg,1824,1824,3
img_33e06faf6fae2f03,Fräszustand Viertel/_DSC2230_q1.JPG,Fräszustand Viertel,train,DSC2230,quarter_suffix_removed,.jpg,1824,1824,3
img_9b0de00a70a829ee,Fräszustand Viertel/_DSC2230_q2.JPG,Fräszustand Viertel,train,DSC2230,quarter_suffix_removed,.jpg,1824,1824,3
img_17db55a43dfdb296,Fräszustand Viertel/_DSC2230_q3.JPG,Fräszustand Viertel,train,DSC2230,quarter_suffix_removed,.jpg,1824,1824,3
img_7784e0017ff4dd14,Fräszustand Viertel/_DSC2230_q4.JPG,Fräszustand Viertel,train,DSC2230,quarter_suffix_removed,.jpg,1824,1824,3
img_a382ec07508a4aa0,Fräszustand Viertel/_DSC2231_q1.JPG,Fräszustand Viertel,train,DSC2231,quarter_suffix_removed,.jpg,1824,1824,3
img_3744ed0e6397f03d,Fräszustand Viertel/_DSC2231_q2.JPG,Fräszustand Viertel,train,DSC2231,quarter_suffix_removed,.jpg,1824,1824,3
img_34cdeb5707089a63,Fräszustand Viertel/_DSC2231_q3.JPG,Fräszustand Viertel,train,DSC2231,quarter_suffix_removed,.jpg,1824,1824,3
img_7ba8b106569aef11,Fräszustand Viertel/_DSC2231_q4.JPG,Fräszustand Viertel,train,DSC2231,quarter_suffix_removed,.jpg,1824,1824,3
img_baed97ee1d483536,Fräszustand Viertel/_DSC2232_q1.JPG,Fräszustand Viertel,test,DSC2232,quarter_suffix_removed,.jpg,1824,1824,3
img_0dac797271b4c917,Fräszustand Viertel/_DSC2232_q2.JPG,Fräszustand Viertel,test,DSC2232,quarter_suffix_removed,.jpg,1824,1824,3
img_2f835f9f60270644,Fräszustand Viertel/_DSC2232_q3.JPG,Fräszustand Viertel,test,DSC2232,quarter_suffix_removed,.jpg,1824,1824,3
img_f2c86fd5ab2e7bb1,Fräszustand Viertel/_DSC2232_q4.JPG,Fräszustand Viertel,test,DSC2232,quarter_suffix_removed,.jpg,1824,1824,3
img_33cb9317566ebace,Fräszustand Viertel/_DSC2233_q1.JPG,Fräszustand Viertel,train,DSC2233,quarter_suffix_removed,.jpg,1824,1824,3
img_72d855ea3212c0e2,Fräszustand Viertel/_DSC2233_q2.JPG,Fräszustand Viertel,train,DSC2233,quarter_suffix_removed,.jpg,1824,1824,3
img_ff47f62e62b31852,Fräszustand Viertel/_DSC2233_q3.JPG,Fräszustand Viertel,train,DSC2233,quarter_suffix_removed,.jpg,1824,1824,3
img_007f3741562094c1,Fräszustand Viertel/_DSC2233_q4.JPG,Fräszustand Viertel,train,DSC2233,quarter_suffix_removed,.jpg,1824,1824,3
img_444cb89a1a1bc67a,Fräszustand Viertel/_DSC2234_q1.JPG,Fräszustand Viertel,train,DSC2234,quarter_suffix_removed,.jpg,1824,1824,3
img_5b4c9950ea2c7dea,Fräszustand Viertel/_DSC2234_q2.JPG,Fräszustand Viertel,train,DSC2234,quarter_suffix_removed,.jpg,1824,1824,3
img_54aa68d376844352,Fräszustand Viertel/_DSC2234_q3.JPG,Fräszustand Viertel,train,DSC2234,quarter_suffix_removed,.jpg,1824,1824,3
img_e52ac35985ba9bb4,Fräszustand Viertel/_DSC2234_q4.JPG,Fräszustand Viertel,train,DSC2234,quarter_suffix_removed,.jpg,1824,1824,3
img_c967b21e7db5fac3,Fräszustand Viertel/_DSC2235_q1.JPG,Fräszustand Viertel,train,DSC2235,quarter_suffix_removed,.jpg,1824,1824,3
img_98c96cbbccc7a6ba,Fräszustand Viertel/_DSC2235_q2.JPG,Fräszustand Viertel,train,DSC2235,quarter_suffix_removed,.jpg,1824,1824,3
img_3a46a1c1da4a990d,Fräszustand Viertel/_DSC2235_q3.JPG,Fräszustand Viertel,train,DSC2235,quarter_suffix_removed,.jpg,1824,1824,3
img_cfb8aa25b2860cb7,Fräszustand Viertel/_DSC2235_q4.JPG,Fräszustand Viertel,train,DSC2235,quarter_suffix_removed,.jpg,1824,1824,3
img_2fa794a3366ed032,Fräszustand Viertel/_DSC2236_q1.JPG,Fräszustand Viertel,val,DSC2236,quarter_suffix_removed,.jpg,1824,1824,3
img_df72ef8d0886be5f,Fräszustand Viertel/_DSC2236_q2.JPG,Fräszustand Viertel,val,DSC2236,quarter_suffix_removed,.jpg,1824,1824,3
img_e37c010191470b62,Fräszustand Viertel/_DSC2236_q3.JPG,Fräszustand Viertel,val,DSC2236,quarter_suffix_removed,.jpg,1824,1824,3
img_9c1c87f913fd1c9c,Fräszustand Viertel/_DSC2236_q4.JPG,Fräszustand Viertel,val,DSC2236,quarter_suffix_removed,.jpg,1824,1824,3
img_19268cfbb476b1af,Fräszustand Viertel/_DSC2237_q1.JPG,Fräszustand Viertel,train,DSC2237,quarter_suffix_removed,.jpg,1824,1824,3
img_8e0df0afeda1cf84,Fräszustand Viertel/_DSC2237_q2.JPG,Fräszustand Viertel,train,DSC2237,quarter_suffix_removed,.jpg,1824,1824,3
img_ebf99fe31faef5db,Fräszustand Viertel/_DSC2237_q3.JPG,Fräszustand Viertel,train,DSC2237,quarter_suffix_removed,.jpg,1824,1824,3
img_5ad4d9927268120b,Fräszustand Viertel/_DSC2237_q4.JPG,Fräszustand Viertel,train,DSC2237,quarter_suffix_removed,.jpg,1824,1824,3
img_09c7bfe5cda78a0d,Fräszustand Viertel/_DSC2238_q1.JPG,Fräszustand Viertel,test,DSC2238,quarter_suffix_removed,.jpg,1824,1824,3
img_42447402407494d4,Fräszustand Viertel/_DSC2238_q2.JPG,Fräszustand Viertel,test,DSC2238,quarter_suffix_removed,.jpg,1824,1824,3
img_e94c5f8c71f5dce8,Fräszustand Viertel/_DSC2238_q3.JPG,Fräszustand Viertel,test,DSC2238,quarter_suffix_removed,.jpg,1824,1824,3
img_6341dbd15f7d53c8,Fräszustand Viertel/_DSC2238_q4.JPG,Fräszustand Viertel,test,DSC2238,quarter_suffix_removed,.jpg,1824,1824,3
img_7c095a23044365ba,Fräszustand Viertel/_DSC2239_q1.JPG,Fräszustand Viertel,train,DSC2239,quarter_suffix_removed,.jpg,1824,1824,3
img_6ce96fe29b19521d,Fräszustand Viertel/_DSC2239_q2.JPG,Fräszustand Viertel,train,DSC2239,quarter_suffix_removed,.jpg,1824,1824,3
img_4e2a3fa14bd5f5f5,Fräszustand Viertel/_DSC2239_q3.JPG,Fräszustand Viertel,train,DSC2239,quarter_suffix_removed,.jpg,1824,1824,3
img_9512fcfc426982bf,Fräszustand Viertel/_DSC2239_q4.JPG,Fräszustand Viertel,train,DSC2239,quarter_suffix_removed,.jpg,1824,1824,3
img_d6ade74cc2fcbdff,Fräszustand Viertel/_DSC2240_q1.JPG,Fräszustand Viertel,train,DSC2240,quarter_suffix_removed,.jpg,1824,1824,3
img_67d7a3e56bf089c3,Fräszustand Viertel/_DSC2240_q2.JPG,Fräszustand Viertel,train,DSC2240,quarter_suffix_removed,.jpg,1824,1824,3
img_5ea0bb1064e588c4,Fräszustand Viertel/_DSC2240_q3.JPG,Fräszustand Viertel,train,DSC2240,quarter_suffix_removed,.jpg,1824,1824,3
img_355bcd99c9d97306,Fräszustand Viertel/_DSC2240_q4.JPG,Fräszustand Viertel,train,DSC2240,quarter_suffix_removed,.jpg,1824,1824,3
img_bbb5430be215ec86,Fräszustand Viertel/_DSC2241_q1.JPG,Fräszustand Viertel,train,DSC2241,quarter_suffix_removed,.jpg,1824,1824,3
img_05f84c2089344529,Fräszustand Viertel/_DSC2241_q2.JPG,Fräszustand Viertel,train,DSC2241,quarter_suffix_removed,.jpg,1824,1824,3
img_c11fba2674c4ff00,Fräszustand Viertel/_DSC2241_q3.JPG,Fräszustand Viertel,train,DSC2241,quarter_suffix_removed,.jpg,1824,1824,3
img_0f20a642c60cd251,Fräszustand Viertel/_DSC2241_q4.JPG,Fräszustand Viertel,train,DSC2241,quarter_suffix_removed,.jpg,1824,1824,3
img_ba7c15ca2a80c77d,Fräszustand Viertel/_DSC2242_q3.JPG,Fräszustand Viertel,test,DSC2242,quarter_suffix_removed,.jpg,1824,1824,3
img_2cf9be904d53c3b9,Fräszustand Viertel/_DSC2244_q1.JPG,Fräszustand Viertel,train,DSC2244,quarter_suffix_removed,.jpg,1824,1824,3
img_f391ce0c54a8001c,Fräszustand Viertel/_DSC2245_q3.JPG,Fräszustand Viertel,test,DSC2245,quarter_suffix_removed,.jpg,1824,1824,3
img_41f0cf3760b48792,Fräszustand Viertel/_DSC2245_q4.JPG,Fräszustand Viertel,test,DSC2245,quarter_suffix_removed,.jpg,1824,1824,3
img_f99af74b5820d92f,Fräszustand Viertel/_DSC2246_q1.JPG,Fräszustand Viertel,test,DSC2246,quarter_suffix_removed,.jpg,1824,1824,3
img_4a85c0d9b12939ca,Fräszustand Viertel/_DSC2246_q2.JPG,Fräszustand Viertel,test,DSC2246,quarter_suffix_removed,.jpg,1824,1824,3
img_8ad3bc2b6178fcb6,Fräszustand Viertel/_DSC2246_q4.JPG,Fräszustand Viertel,test,DSC2246,quarter_suffix_removed,.jpg,1824,1824,3
img_4e24722841c38b2a,Fräszustand Viertel/_DSC2247_q1.JPG,Fräszustand Viertel,train,DSC2247,quarter_suffix_removed,.jpg,1824,1824,3
img_947efe4790d186d7,Fräszustand Viertel/_DSC2247_q2.JPG,Fräszustand Viertel,train,DSC2247,quarter_suffix_removed,.jpg,1824,1824,3
img_b13f452a33519e9f,Fräszustand Viertel/_DSC2248_q3.JPG,Fräszustand Viertel,train,DSC2248,quarter_suffix_removed,.jpg,1824,1824,3
img_0b5a6a433f402757,Fräszustand Viertel/_DSC2248_q4.JPG,Fräszustand Viertel,train,DSC2248,quarter_suffix_removed,.jpg,1824,1824,3
img_84d00aa0114bcc33,Fräszustand Viertel/_DSC2249_q1.JPG,Fräszustand Viertel,train,DSC2249,quarter_suffix_removed,.jpg,1824,1824,3
img_ba97efcee4e87fb8,Fräszustand Viertel/_DSC2249_q2.JPG,Fräszustand Viertel,train,DSC2249,quarter_suffix_removed,.jpg,1824,1824,3
img_6d5a7427d33123fe,Fräszustand Viertel/_DSC2250_q1.JPG,Fräszustand Viertel,train,DSC2250,quarter_suffix_removed,.jpg,1824,1824,3
img_4af3ca5731a49009,Fräszustand Viertel/_DSC2250_q2.JPG,Fräszustand Viertel,train,DSC2250,quarter_suffix_removed,.jpg,1824,1824,3
img_24fc5de1b713622d,Fräszustand Viertel/_DSC2250_q3.JPG,Fräszustand Viertel,train,DSC2250,quarter_suffix_removed,.jpg,1824,1824,3
img_cdfede0773706e92,Fräszustand Viertel/_DSC2251_q1.JPG,Fräszustand Viertel,val,DSC2251,quarter_suffix_removed,.jpg,1824,1824,3
img_d813edbcb7dd2a76,Fräszustand Viertel/_DSC2251_q2.JPG,Fräszustand Viertel,val,DSC2251,quarter_suffix_removed,.jpg,1824,1824,3
img_ac4fcdf390d38ef6,Fräszustand Viertel/_DSC2252_q1.JPG,Fräszustand Viertel,train,DSC2252,quarter_suffix_removed,.jpg,1824,1824,3
img_35fc3c3237cb96f3,Fräszustand Viertel/_DSC2252_q2.JPG,Fräszustand Viertel,train,DSC2252,quarter_suffix_removed,.jpg,1824,1824,3
img_f8b28452f1d81497,Fräszustand Viertel/_DSC2252_q3.JPG,Fräszustand Viertel,train,DSC2252,quarter_suffix_removed,.jpg,1824,1824,3
img_9e79f2fa71c65b47,Fräszustand Viertel/_DSC2252_q4.JPG,Fräszustand Viertel,train,DSC2252,quarter_suffix_removed,.jpg,1824,1824,3
img_7ad418a26bb8fa58,Fräszustand Viertel/_DSC2253_q1.JPG,Fräszustand Viertel,val,DSC2253,quarter_suffix_removed,.jpg,1824,1824,3
img_3a028d4cf8f33d08,Fräszustand Viertel/_DSC2253_q2.JPG,Fräszustand Viertel,val,DSC2253,quarter_suffix_removed,.jpg,1824,1824,3
img_bd69b70266d8bc8e,Fräszustand Viertel/_DSC2253_q3.JPG,Fräszustand Viertel,val,DSC2253,quarter_suffix_removed,.jpg,1824,1824,3
img_2d83670757acf758,Fräszustand Viertel/_DSC2253_q4.JPG,Fräszustand Viertel,val,DSC2253,quarter_suffix_removed,.jpg,1824,1824,3
img_50e79c9c88ae6a23,Fräszustand Viertel/_DSC2254_q1.JPG,Fräszustand Viertel,train,DSC2254,quarter_suffix_removed,.jpg,1824,1824,3
img_df34410e1ab7cfb8,Fräszustand Viertel/_DSC2254_q2.JPG,Fräszustand Viertel,train,DSC2254,quarter_suffix_removed,.jpg,1824,1824,3
img_40745a3c14fce70d,Fräszustand Viertel/_DSC2254_q3.JPG,Fräszustand Viertel,train,DSC2254,quarter_suffix_removed,.jpg,1824,1824,3
img_337707aefb4ba5be,Fräszustand Viertel/_DSC2254_q4.JPG,Fräszustand Viertel,train,DSC2254,quarter_suffix_removed,.jpg,1824,1824,3
img_71a20360a1a03c13,Fräszustand Viertel/_DSC2255_q1.JPG,Fräszustand Viertel,train,DSC2255,quarter_suffix_removed,.jpg,1824,1824,3
img_87d57d17df1a5ce0,Fräszustand Viertel/_DSC2255_q2.JPG,Fräszustand Viertel,train,DSC2255,quarter_suffix_removed,.jpg,1824,1824,3
img_8efaeddf58899cba,Fräszustand Viertel/_DSC2255_q3.JPG,Fräszustand Viertel,train,DSC2255,quarter_suffix_removed,.jpg,1824,1824,3
img_e2302c821e441876,Fräszustand Viertel/_DSC2257_q1.JPG,Fräszustand Viertel,test,DSC2257,quarter_suffix_removed,.jpg,1824,1824,3
img_d8c0ec5714233d93,Fräszustand Viertel/_DSC2257_q2.JPG,Fräszustand Viertel,test,DSC2257,quarter_suffix_removed,.jpg,1824,1824,3
img_f055281a1839b9ef,Fräszustand Viertel/_DSC2257_q3.JPG,Fräszustand Viertel,test,DSC2257,quarter_suffix_removed,.jpg,1824,1824,3
img_82b12e0bcdda2dcc,Fräszustand Viertel/_DSC2257_q4.JPG,Fräszustand Viertel,test,DSC2257,quarter_suffix_removed,.jpg,1824,1824,3
img_7c065a8b65672ab7,Fräszustand Viertel/_DSC2258_q2.JPG,Fräszustand Viertel,train,DSC2258,quarter_suffix_removed,.jpg,1824,1824,3
img_1e1c0eacaa39ed17,Fräszustand Viertel/_DSC2261_q3.JPG,Fräszustand Viertel,train,DSC2261,quarter_suffix_removed,.jpg,1824,1824,3
img_6586d3c72254f341,Fräszustand Viertel/_DSC2261_q4.JPG,Fräszustand Viertel,train,DSC2261,quarter_suffix_removed,.jpg,1824,1824,3
img_946e3ee6445a4bec,Fräszustand Viertel/_DSC2262_q3.JPG,Fräszustand Viertel,train,DSC2262,quarter_suffix_removed,.jpg,1824,1824,3
img_f6df99bce2a70bec,Fräszustand Viertel/_DSC2262_q4.JPG,Fräszustand Viertel,train,DSC2262,quarter_suffix_removed,.jpg,1824,1824,3
img_8b3a850438cfecd8,Fräszustand Viertel/_DSC2263_q3.JPG,Fräszustand Viertel,train,DSC2263,quarter_suffix_removed,.jpg,1824,1824,3
img_caba77479d88fad8,Fräszustand Viertel/_DSC2265_q1.JPG,Fräszustand Viertel,train,DSC2265,quarter_suffix_removed,.jpg,1824,1824,3
img_d0ec8012ad40dc6f,Fräszustand Viertel/_DSC2266_q1.JPG,Fräszustand Viertel,train,DSC2266,quarter_suffix_removed,.jpg,1824,1824,3
img_8a0085921d4a9e51,Fräszustand Viertel/_DSC2266_q2.JPG,Fräszustand Viertel,train,DSC2266,quarter_suffix_removed,.jpg,1824,1824,3
img_b6cec0807d32ff38,Fräszustand Viertel/_DSC2266_q3.JPG,Fräszustand Viertel,train,DSC2266,quarter_suffix_removed,.jpg,1824,1824,3
img_b8a21e02683bfb9d,Fräszustand Viertel/_DSC2266_q4.JPG,Fräszustand Viertel,train,DSC2266,quarter_suffix_removed,.jpg,1824,1824,3
img_d6ba0cc39a78c7ef,Fräszustand Viertel/_DSC2267_q2.JPG,Fräszustand Viertel,train,DSC2267,quarter_suffix_removed,.jpg,1824,1824,3
img_1b0504cb5655197e,Fräszustand Viertel/_DSC2267_q3.JPG,Fräszustand Viertel,train,DSC2267,quarter_suffix_removed,.jpg,1824,1824,3
img_29ac4f9538d494a6,Fräszustand Viertel/_DSC2267_q4.JPG,Fräszustand Viertel,train,DSC2267,quarter_suffix_removed,.jpg,1824,1824,3
img_de3881a24b8fb900,Fräszustand Viertel/_DSC2268_q2.JPG,Fräszustand Viertel,train,DSC2268,quarter_suffix_removed,.jpg,1824,1824,3
img_a909b5cdd381f03a,Fräszustand Viertel/_DSC2269_q2.JPG,Fräszustand Viertel,val,DSC2269,quarter_suffix_removed,.jpg,1824,1824,3
img_a1861de529dd4fe3,Fräszustand Viertel/_DSC2270_q1.JPG,Fräszustand Viertel,train,DSC2270,quarter_suffix_removed,.jpg,1824,1824,3
img_ba3a7a9aac000ae9,Fräszustand Viertel/_DSC2270_q2.JPG,Fräszustand Viertel,train,DSC2270,quarter_suffix_removed,.jpg,1824,1824,3
img_e7e23efaf02a8ceb,Fräszustand Viertel/_DSC2270_q3.JPG,Fräszustand Viertel,train,DSC2270,quarter_suffix_removed,.jpg,1824,1824,3
img_73fff57a823e1a62,Fräszustand Viertel/_DSC2270_q4.JPG,Fräszustand Viertel,train,DSC2270,quarter_suffix_removed,.jpg,1824,1824,3
img_2ff22537f9436459,Fräszustand Viertel/_DSC2271_q1.JPG,Fräszustand Viertel,train,DSC2271,quarter_suffix_removed,.jpg,1824,1824,3
img_42b2aeaf090b9a2e,Fräszustand Viertel/_DSC2271_q2.JPG,Fräszustand Viertel,train,DSC2271,quarter_suffix_removed,.jpg,1824,1824,3
img_54bc2042d7f48eaa,Fräszustand Viertel/_DSC2271_q3.JPG,Fräszustand Viertel,train,DSC2271,quarter_suffix_removed,.jpg,1824,1824,3
img_cee396ba7715a018,Fräszustand Viertel/_DSC2271_q4.JPG,Fräszustand Viertel,train,DSC2271,quarter_suffix_removed,.jpg,1824,1824,3
img_b5a0cca099ee48e2,Fräszustand Viertel/_DSC2272_q2.JPG,Fräszustand Viertel,train,DSC2272,quarter_suffix_removed,.jpg,1824,1824,3
img_ef41a6e8274b01f3,Fräszustand Viertel/_DSC2272_q3.JPG,Fräszustand Viertel,train,DSC2272,quarter_suffix_removed,.jpg,1824,1824,3
img_9f3842d5cc053c5b,Fräszustand Viertel/_DSC2272_q4.JPG,Fräszustand Viertel,train,DSC2272,quarter_suffix_removed,.jpg,1824,1824,3
img_fd15e5c07769a619,Fräszustand Viertel/_DSC2273_q2.JPG,Fräszustand Viertel,val,DSC2273,quarter_suffix_removed,.jpg,1824,1824,3
img_176e3ddde0e195d0,Fräszustand Viertel/_DSC2273_q3.JPG,Fräszustand Viertel,val,DSC2273,quarter_suffix_removed,.jpg,1824,1824,3
img_82181db036ab4172,Fräszustand Viertel/_DSC2273_q4.JPG,Fräszustand Viertel,val,DSC2273,quarter_suffix_removed,.jpg,1824,1824,3
img_bbb99df38252fe34,Fräszustand Viertel/_DSC2274_q3.JPG,Fräszustand Viertel,test,DSC2274,quarter_suffix_removed,.jpg,1824,1824,3
img_24f94ea7ca78cc4b,Fräszustand Viertel/_DSC2275_q2.JPG,Fräszustand Viertel,test,DSC2275,quarter_suffix_removed,.jpg,1824,1824,3
img_4dbb820945215e43,Fräszustand Viertel/_DSC2275_q3.JPG,Fräszustand Viertel,test,DSC2275,quarter_suffix_removed,.jpg,1824,1824,3
img_c942e2f237b381dc,Fräszustand Viertel/_DSC2276_q1.JPG,Fräszustand Viertel,val,DSC2276,quarter_suffix_removed,.jpg,1824,1824,3
img_e1946bfa72b8fdd9,Fräszustand Viertel/_DSC2276_q2.JPG,Fräszustand Viertel,val,DSC2276,quarter_suffix_removed,.jpg,1824,1824,3
img_d0b0c657dca79ba2,Fräszustand Viertel/_DSC2276_q3.JPG,Fräszustand Viertel,val,DSC2276,quarter_suffix_removed,.jpg,1824,1824,3
img_610db2ee5a4946a0,Fräszustand Viertel/_DSC2276_q4.JPG,Fräszustand Viertel,val,DSC2276,quarter_suffix_removed,.jpg,1824,1824,3
img_a30584de3a077d29,Fräszustand Viertel/_DSC2277_q1.JPG,Fräszustand Viertel,train,DSC2277,quarter_suffix_removed,.jpg,1824,1824,3
img_f9a3a77a63075fe6,Fräszustand Viertel/_DSC2277_q2.JPG,Fräszustand Viertel,train,DSC2277,quarter_suffix_removed,.jpg,1824,1824,3
img_a51a4bb06a177f7e,Fräszustand Viertel/_DSC2277_q3.JPG,Fräszustand Viertel,train,DSC2277,quarter_suffix_removed,.jpg,1824,1824,3
img_20f8be99b81ad20b,Fräszustand Viertel/_DSC2277_q4.JPG,Fräszustand Viertel,train,DSC2277,quarter_suffix_removed,.jpg,1824,1824,3
img_d6a7e3aa772a607c,Fräszustand Viertel/_DSC2278_q1.JPG,Fräszustand Viertel,train,DSC2278,quarter_suffix_removed,.jpg,1824,1824,3
img_fbdd72ed39e99bef,Fräszustand Viertel/_DSC2278_q2.JPG,Fräszustand Viertel,train,DSC2278,quarter_suffix_removed,.jpg,1824,1824,3
img_75b3d4a9bae724cf,Fräszustand Viertel/_DSC2278_q3.JPG,Fräszustand Viertel,train,DSC2278,quarter_suffix_removed,.jpg,1824,1824,3
img_6b677407e719bbee,Fräszustand Viertel/_DSC2278_q4.JPG,Fräszustand Viertel,train,DSC2278,quarter_suffix_removed,.jpg,1824,1824,3
img_ad36dcb7eec0a45d,Fräszustand Viertel/_DSC2279_q1.JPG,Fräszustand Viertel,test,DSC2279,quarter_suffix_removed,.jpg,1824,1824,3
img_104102368502fe0f,Fräszustand Viertel/_DSC2279_q2.JPG,Fräszustand Viertel,test,DSC2279,quarter_suffix_removed,.jpg,1824,1824,3
img_0544576ebc432d94,Fräszustand Viertel/_DSC2279_q3.JPG,Fräszustand Viertel,test,DSC2279,quarter_suffix_removed,.jpg,1824,1824,3
img_9f964ac66ddfc808,Fräszustand Viertel/_DSC2279_q4.JPG,Fräszustand Viertel,test,DSC2279,quarter_suffix_removed,.jpg,1824,1824,3
img_39628d8d23676855,Fräszustand Viertel/_DSC2280_q1.JPG,Fräszustand Viertel,train,DSC2280,quarter_suffix_removed,.jpg,1824,1824,3
img_8edf47ec80575ab7,Fräszustand Viertel/_DSC2280_q2.JPG,Fräszustand Viertel,train,DSC2280,quarter_suffix_removed,.jpg,1824,1824,3
img_c511457e21fc6f80,Fräszustand Viertel/_DSC2280_q3.JPG,Fräszustand Viertel,train,DSC2280,quarter_suffix_removed,.jpg,1824,1824,3
img_769dbaf867f9556b,Fräszustand Viertel/_DSC2280_q4.JPG,Fräszustand Viertel,train,DSC2280,quarter_suffix_removed,.jpg,1824,1824,3
img_84e1666750d62b5f,Fräszustand Viertel/_DSC2281_q1.JPG,Fräszustand Viertel,train,DSC2281,quarter_suffix_removed,.jpg,1824,1824,3
img_2576f956ec9dde85,Fräszustand Viertel/_DSC2281_q2.JPG,Fräszustand Viertel,train,DSC2281,quarter_suffix_removed,.jpg,1824,1824,3
img_09c1a1ed027361a1,Fräszustand Viertel/_DSC2281_q3.JPG,Fräszustand Viertel,train,DSC2281,quarter_suffix_removed,.jpg,1824,1824,3
img_18114b5b1da88cc7,Fräszustand Viertel/_DSC2281_q4.JPG,Fräszustand Viertel,train,DSC2281,quarter_suffix_removed,.jpg,1824,1824,3
img_13167ad9e54a6eaa,Fräszustand Viertel/_DSC2282_q1.JPG,Fräszustand Viertel,test,DSC2282,quarter_suffix_removed,.jpg,1824,1824,3
img_11097b00b3cbaf1a,Fräszustand Viertel/_DSC2282_q2.JPG,Fräszustand Viertel,test,DSC2282,quarter_suffix_removed,.jpg,1824,1824,3
img_e5e98e63f1729e49,Fräszustand Viertel/_DSC2282_q3.JPG,Fräszustand Viertel,test,DSC2282,quarter_suffix_removed,.jpg,1824,1824,3
img_3958d79001f3c6e0,Fräszustand Viertel/_DSC2283_q1.JPG,Fräszustand Viertel,train,DSC2283,quarter_suffix_removed,.jpg,1824,1824,3
img_0a16bb6ad6ff299d,Fräszustand Viertel/_DSC2283_q2.JPG,Fräszustand Viertel,train,DSC2283,quarter_suffix_removed,.jpg,1824,1824,3
img_f83ac62199350287,Fräszustand Viertel/_DSC2283_q3.JPG,Fräszustand Viertel,train,DSC2283,quarter_suffix_removed,.jpg,1824,1824,3
img_605028d8a2a58f94,Fräszustand Viertel/_DSC2283_q4.JPG,Fräszustand Viertel,train,DSC2283,quarter_suffix_removed,.jpg,1824,1824,3
img_b2d0a122cc3ea9e8,Fräszustand Viertel/_DSC2284_q1.JPG,Fräszustand Viertel,val,DSC2284,quarter_suffix_removed,.jpg,1824,1824,3
img_1cd003e4ba9b35dc,Fräszustand Viertel/_DSC2284_q2.JPG,Fräszustand Viertel,val,DSC2284,quarter_suffix_removed,.jpg,1824,1824,3
img_dba9931d70b9095d,Fräszustand Viertel/_DSC2284_q3.JPG,Fräszustand Viertel,val,DSC2284,quarter_suffix_removed,.jpg,1824,1824,3
img_7bbf274183ca136a,Fräszustand Viertel/_DSC2284_q4.JPG,Fräszustand Viertel,val,DSC2284,quarter_suffix_removed,.jpg,1824,1824,3
img_460a17e0da0fbb8a,Fräszustand Viertel/_DSC2285_q1.JPG,Fräszustand Viertel,train,DSC2285,quarter_suffix_removed,.jpg,1824,1824,3
img_845afc1316fc7eec,Fräszustand Viertel/_DSC2285_q2.JPG,Fräszustand Viertel,train,DSC2285,quarter_suffix_removed,.jpg,1824,1824,3
img_ae4229c53a2aa7d4,Fräszustand Viertel/_DSC2285_q3.JPG,Fräszustand Viertel,train,DSC2285,quarter_suffix_removed,.jpg,1824,1824,3
img_3b387bd4354a3424,Fräszustand Viertel/_DSC2285_q4.JPG,Fräszustand Viertel,train,DSC2285,quarter_suffix_removed,.jpg,1824,1824,3
img_1385ae4558f3a4b1,Fräszustand Viertel/_DSC2286_q1.JPG,Fräszustand Viertel,test,DSC2286,quarter_suffix_removed,.jpg,1824,1824,3
img_127fc50314a39763,Fräszustand Viertel/_DSC2286_q2.JPG,Fräszustand Viertel,test,DSC2286,quarter_suffix_removed,.jpg,1824,1824,3
img_dd3ac42477e3a95d,Fräszustand Viertel/_DSC2286_q3.JPG,Fräszustand Viertel,test,DSC2286,quarter_suffix_removed,.jpg,1824,1824,3
img_fbeeb0d7382415a9,Fräszustand Viertel/_DSC2286_q4.JPG,Fräszustand Viertel,test,DSC2286,quarter_suffix_removed,.jpg,1824,1824,3
img_b6306d195899dab2,Fräszustand Viertel/_DSC2287_q3.JPG,Fräszustand Viertel,train,DSC2287,quarter_suffix_removed,.jpg,1824,1824,3
img_1c1d68e289e94f3f,Fräszustand Viertel/_DSC2287_q4.JPG,Fräszustand Viertel,train,DSC2287,quarter_suffix_removed,.jpg,1824,1824,3
img_c93b0c09e5e4e757,Fräszustand Viertel/_DSC2288_q2.JPG,Fräszustand Viertel,train,DSC2288,quarter_suffix_removed,.jpg,1824,1824,3
img_9fed1200c03a2ff2,Fräszustand Viertel/_DSC2288_q3.JPG,Fräszustand Viertel,train,DSC2288,quarter_suffix_removed,.jpg,1824,1824,3
img_382410af6e29fee1,Fräszustand Viertel/_DSC2289_q2.JPG,Fräszustand Viertel,train,DSC2289,quarter_suffix_removed,.jpg,1824,1824,3
img_f62472ce7d632b45,Fräszustand Viertel/_DSC2289_q3.JPG,Fräszustand Viertel,train,DSC2289,quarter_suffix_removed,.jpg,1824,1824,3
img_bd3347799be1f042,Fräszustand Viertel/_DSC2289_q4.JPG,Fräszustand Viertel,train,DSC2289,quarter_suffix_removed,.jpg,1824,1824,3
img_3f01f793b730cfe9,Fräszustand Viertel/_DSC2290_q2.JPG,Fräszustand Viertel,train,DSC2290,quarter_suffix_removed,.jpg,1824,1824,3
img_036650c1395f4c69,Fräszustand Viertel/_DSC2290_q3.JPG,Fräszustand Viertel,train,DSC2290,quarter_suffix_removed,.jpg,1824,1824,3
img_6d804b008be15203,Fräszustand Viertel/_DSC2291_q3.JPG,Fräszustand Viertel,val,DSC2291,quarter_suffix_removed,.jpg,1824,1824,3
img_382fc1404b1e68cd,Fräszustand Viertel/_DSC2291_q4.JPG,Fräszustand Viertel,val,DSC2291,quarter_suffix_removed,.jpg,1824,1824,3
img_52009e39af413dd9,Fräszustand Viertel/_DSC2292_q2.JPG,Fräszustand Viertel,train,DSC2292,quarter_suffix_removed,.jpg,1824,1824,3
img_f11be3a10ef58d7a,Fräszustand Viertel/_DSC2292_q3.JPG,Fräszustand Viertel,train,DSC2292,quarter_suffix_removed,.jpg,1824,1824,3
img_2584afe06316bfe7,Zweite Bearbeitungsstufe Viertel/_DSC0145_q1.JPG,Zweite Bearbeitungsstufe Viertel,train,DSC0145,quarter_suffix_removed,.jpg,1824,1824,3
img_d2f80f88293bce98,Zweite Bearbeitungsstufe Viertel/_DSC0145_q2.JPG,Zweite Bearbeitungsstufe Viertel,train,DSC0145,quarter_suffix_removed,.jpg,1824,1824,3
img_7d85324e7db6d8fb,Zweite Bearbeitungsstufe Viertel/_DSC0145_q3.JPG,Zweite Bearbeitungsstufe Viertel,train,DSC0145,quarter_suffix_removed,.jpg,1824,1824,3
img_1281ee4b653df6fd,Zweite Bearbeitungsstufe Viertel/_DSC0145_q4.JPG,Zweite Bearbeitungsstufe Viertel,train,DSC0145,quarter_suffix_removed,.jpg,1824,1824,3
img_6f46f546bfbb4451,Zweite Bearbeitungsstufe Viertel/_DSC0146_q2.JPG,Zweite Bearbeitungsstufe Viertel,train,DSC0146,quarter_suffix_removed,.jpg,1824,1824,3
img_e8dc0fdfb023cf15,Zweite Bearbeitungsstufe Viertel/_DSC0146_q3.JPG,Zweite Bearbeitungsstufe Viertel,train,DSC0146,quarter_suffix_removed,.jpg,1824,1824,3
img_db8daf05afc07038,Zweite Bearbeitungsstufe Viertel/_DSC0149_q1.JPG,Zweite Bearbeitungsstufe Viertel,train,DSC0149,quarter_suffix_removed,.jpg,1824,1824,3
img_d79ba8f5c8c51aea,Zweite Bearbeitungsstufe Viertel/_DSC0149_q2.JPG,Zweite Bearbeitungsstufe Viertel,train,DSC0149,quarter_suffix_removed,.jpg,1824,1824,3
img_0c2fd673f859e516,Zweite Bearbeitungsstufe Viertel/_DSC0149_q3.JPG,Zweite Bearbeitungsstufe Viertel,train,DSC0149,quarter_suffix_removed,.jpg,1824,1824,3
img_4e2911f4942e5b7a,Zweite Bearbeitungsstufe Viertel/_DSC0149_q4.JPG,Zweite Bearbeitungsstufe Viertel,train,DSC0149,quarter_suffix_removed,.jpg,1824,1824,3
img_344f5b313e9cd925,Zweite Bearbeitungsstufe Viertel/_DSC0151_q2.JPG,Zweite Bearbeitungsstufe Viertel,test,DSC0151,quarter_suffix_removed,.jpg,1824,1824,3
img_b34855799817ea52,Zweite Bearbeitungsstufe Viertel/_DSC0151_q3.JPG,Zweite Bearbeitungsstufe Viertel,test,DSC0151,quarter_suffix_removed,.jpg,1824,1824,3
img_6182de9a9165239a,Zweite Bearbeitungsstufe Viertel/_DSC0151_q4.JPG,Zweite Bearbeitungsstufe Viertel,test,DSC0151,quarter_suffix_removed,.jpg,1824,1824,3
img_2804652e3b3039bf,Zweite Bearbeitungsstufe Viertel/_DSC0152_q1.JPG,Zweite Bearbeitungsstufe Viertel,val,DSC0152,quarter_suffix_removed,.jpg,1824,1824,3
img_75b9ad6a286c41ba,Zweite Bearbeitungsstufe Viertel/_DSC0152_q3.JPG,Zweite Bearbeitungsstufe Viertel,val,DSC0152,quarter_suffix_removed,.jpg,1824,1824,3
img_f345be13d3119c81,Zweite Bearbeitungsstufe Viertel/_DSC0152_q4.JPG,Zweite Bearbeitungsstufe Viertel,val,DSC0152,quarter_suffix_removed,.jpg,1824,1824,3
img_db7cbb44151e25d4,Zweite Bearbeitungsstufe Viertel/_DSC0154_q1.JPG,Zweite Bearbeitungsstufe Viertel,train,DSC0154,quarter_suffix_removed,.jpg,1824,1824,3
img_5074b1e63739cd1e,Zweite Bearbeitungsstufe Viertel/_DSC0154_q2.JPG,Zweite Bearbeitungsstufe Viertel,train,DSC0154,quarter_suffix_removed,.jpg,1824,1824,3
img_bd6165be4ec07ba4,Zweite Bearbeitungsstufe Viertel/_DSC0154_q3.JPG,Zweite Bearbeitungsstufe Viertel,train,DSC0154,quarter_suffix_removed,.jpg,1824,1824,3
img_6e71b162438e2d04,Zweite Bearbeitungsstufe Viertel/_DSC0154_q4.JPG,Zweite Bearbeitungsstufe Viertel,train,DSC0154,quarter_suffix_removed,.jpg,1824,1824,3
img_4fd0ea76ab1b1f48,Zweite Bearbeitungsstufe Viertel/_DSC0155_q2.JPG,Zweite Bearbeitungsstufe Viertel,train,DSC0155,quarter_suffix_removed,.jpg,1824,1824,3
img_b143d5bc1a3a3014,Zweite Bearbeitungsstufe Viertel/_DSC0155_q3.JPG,Zweite Bearbeitungsstufe Viertel,train,DSC0155,quarter_suffix_removed,.jpg,1824,1824,3
img_82b91b97a45161c1,Zweite Bearbeitungsstufe Viertel/_DSC0155_q4.JPG,Zweite Bearbeitungsstufe Viertel,train,DSC0155,quarter_suffix_removed,.jpg,1824,1824,3
img_332a9c5f0c88e2fd,Zweite Bearbeitungsstufe Viertel/_DSC0156_q3.JPG,Zweite Bearbeitungsstufe Viertel,val,DSC0156,quarter_suffix_removed,.jpg,1824,1824,3
img_10d13d691d3705dd,Zweite Bearbeitungsstufe Viertel/_DSC0157_q1.JPG,Zweite Bearbeitungsstufe Viertel,test,DSC0157,quarter_suffix_removed,.jpg,1824,1824,3
img_18d145a9ffc2feac,Zweite Bearbeitungsstufe Viertel/_DSC0157_q2.JPG,Zweite Bearbeitungsstufe Viertel,test,DSC0157,quarter_suffix_removed,.jpg,1824,1824,3
img_6b809446d944b261,Zweite Bearbeitungsstufe Viertel/_DSC0159_q1.JPG,Zweite Bearbeitungsstufe Viertel,test,DSC0159,quarter_suffix_removed,.jpg,1824,1824,3
img_684a9879725f5217,Zweite Bearbeitungsstufe Viertel/_DSC0159_q2.JPG,Zweite Bearbeitungsstufe Viertel,test,DSC0159,quarter_suffix_removed,.jpg,1824,1824,3
img_19610f8669cefd4c,Zweite Bearbeitungsstufe Viertel/_DSC0159_q3.JPG,Zweite Bearbeitungsstufe Viertel,test,DSC0159,quarter_suffix_removed,.jpg,1824,1824,3
img_8d224eb024ec953b,Zweite Bearbeitungsstufe Viertel/_DSC0159_q4.JPG,Zweite Bearbeitungsstufe Viertel,test,DSC0159,quarter_suffix_removed,.jpg,1824,1824,3
img_2e88b0981dbed5c3,Zweite Bearbeitungsstufe Viertel/_DSC0160_q1.JPG,Zweite Bearbeitungsstufe Viertel,train,DSC0160,quarter_suffix_removed,.jpg,1824,1824,3
img_e3d7a1703c56eb7f,Zweite Bearbeitungsstufe Viertel/_DSC0160_q2.JPG,Zweite Bearbeitungsstufe Viertel,train,DSC0160,quarter_suffix_removed,.jpg,1824,1824,3
img_b9cda9bed4a82cac,Zweite Bearbeitungsstufe Viertel/_DSC0160_q4.JPG,Zweite Bearbeitungsstufe Viertel,train,DSC0160,quarter_suffix_removed,.jpg,1824,1824,3
img_46f784665e3f87fa,Zweite Bearbeitungsstufe Viertel/_DSC0161_q1.JPG,Zweite Bearbeitungsstufe Viertel,train,DSC0161,quarter_suffix_removed,.jpg,1824,1824,3
img_b94ac8bdcb9db7a7,Zweite Bearbeitungsstufe Viertel/_DSC0161_q4.JPG,Zweite Bearbeitungsstufe Viertel,train,DSC0161,quarter_suffix_removed,.jpg,1824,1824,3
img_8495752d7a9102a3,Zweite Bearbeitungsstufe Viertel/_DSC0164_q2.JPG,Zweite Bearbeitungsstufe Viertel,train,DSC0164,quarter_suffix_removed,.jpg,1824,1824,3
img_a1d5f65c76456efb,Zweite Bearbeitungsstufe Viertel/_DSC0164_q3.JPG,Zweite Bearbeitungsstufe Viertel,train,DSC0164,quarter_suffix_removed,.jpg,1824,1824,3
img_50d1a665314d62a4,Zweite Bearbeitungsstufe Viertel/_DSC0164_q4.JPG,Zweite Bearbeitungsstufe Viertel,train,DSC0164,quarter_suffix_removed,.jpg,1824,1824,3
img_e796bbc6b4ef9da3,Zweite Bearbeitungsstufe Viertel/_DSC0165_q1.JPG,Zweite Bearbeitungsstufe Viertel,train,DSC0165,quarter_suffix_removed,.jpg,1824,1824,3
img_46669c01610900b0,Zweite Bearbeitungsstufe Viertel/_DSC0165_q2.JPG,Zweite Bearbeitungsstufe Viertel,train,DSC0165,quarter_suffix_removed,.jpg,1824,1824,3
img_b5845fbf5e9f006a,Zweite Bearbeitungsstufe Viertel/_DSC0165_q3.JPG,Zweite Bearbeitungsstufe Viertel,train,DSC0165,quarter_suffix_removed,.jpg,1824,1824,3
img_6b5dfe1bafdffdf0,Zweite Bearbeitungsstufe Viertel/_DSC0165_q4.JPG,Zweite Bearbeitungsstufe Viertel,train,DSC0165,quarter_suffix_removed,.jpg,1824,1824,3
img_932cfc1e6154b5c9,Zweite Bearbeitungsstufe Viertel/_DSC0169_q1.JPG,Zweite Bearbeitungsstufe Viertel,val,DSC0169,quarter_suffix_removed,.jpg,1824,1824,3
img_6f0f4d48db3fb7a2,Zweite Bearbeitungsstufe Viertel/_DSC0169_q2.JPG,Zweite Bearbeitungsstufe Viertel,val,DSC0169,quarter_suffix_removed,.jpg,1824,1824,3
img_113c3e4ae63d8bcd,Zweite Bearbeitungsstufe Viertel/_DSC0169_q3.JPG,Zweite Bearbeitungsstufe Viertel,val,DSC0169,quarter_suffix_removed,.jpg,1824,1824,3
img_1dbca9b3df5deb5c,Zweite Bearbeitungsstufe Viertel/_DSC0169_q4.JPG,Zweite Bearbeitungsstufe Viertel,val,DSC0169,quarter_suffix_removed,.jpg,1824,1824,3
img_0d8f80b88ec5b278,Zweite Bearbeitungsstufe Viertel/_DSC0170_q1.JPG,Zweite Bearbeitungsstufe Viertel,train,DSC0170,quarter_suffix_removed,.jpg,1824,1824,3
img_5c8e3c55e455113d,Zweite Bearbeitungsstufe Viertel/_DSC0170_q2.JPG,Zweite Bearbeitungsstufe Viertel,train,DSC0170,quarter_suffix_removed,.jpg,1824,1824,3
img_9cc78a5277a182c9,Zweite Bearbeitungsstufe Viertel/_DSC0170_q3.JPG,Zweite Bearbeitungsstufe Viertel,train,DSC0170,quarter_suffix_removed,.jpg,1824,1824,3
img_4b036820969fc5c1,Zweite Bearbeitungsstufe Viertel/_DSC0170_q4.JPG,Zweite Bearbeitungsstufe Viertel,train,DSC0170,quarter_suffix_removed,.jpg,1824,1824,3
img_d25d223711695ed6,Zweite Bearbeitungsstufe Viertel/_DSC0175_q1.JPG,Zweite Bearbeitungsstufe Viertel,train,DSC0175,quarter_suffix_removed,.jpg,1824,1824,3
img_005cdb7fbd4dac6c,Zweite Bearbeitungsstufe Viertel/_DSC0175_q2.JPG,Zweite Bearbeitungsstufe Viertel,train,DSC0175,quarter_suffix_removed,.jpg,1824,1824,3
img_f7a082255d85eea5,Zweite Bearbeitungsstufe Viertel/_DSC0175_q3.JPG,Zweite Bearbeitungsstufe Viertel,train,DSC0175,quarter_suffix_removed,.jpg,1824,1824,3
img_9f7947d559210985,Zweite Bearbeitungsstufe Viertel/_DSC0175_q4.JPG,Zweite Bearbeitungsstufe Viertel,train,DSC0175,quarter_suffix_removed,.jpg,1824,1824,3
img_0b2066f9a198d4fd,Zweite Bearbeitungsstufe Viertel/_DSC0182_q3.JPG,Zweite Bearbeitungsstufe Viertel,train,DSC0182,quarter_suffix_removed,.jpg,1824,1824,3
img_4a14c6045e4b8197,Zweite Bearbeitungsstufe Viertel/_DSC0185_q1.JPG,Zweite Bearbeitungsstufe Viertel,train,DSC0185,quarter_suffix_removed,.jpg,1824,1824,3
img_45c18611194156f9,Zweite Bearbeitungsstufe Viertel/_DSC0185_q2.JPG,Zweite Bearbeitungsstufe Viertel,train,DSC0185,quarter_suffix_removed,.jpg,1824,1824,3
img_686d07adb23e64c5,Zweite Bearbeitungsstufe Viertel/_DSC0185_q3.JPG,Zweite Bearbeitungsstufe Viertel,train,DSC0185,quarter_suffix_removed,.jpg,1824,1824,3
img_862ede9b488d0c86,Zweite Bearbeitungsstufe Viertel/_DSC0185_q4.JPG,Zweite Bearbeitungsstufe Viertel,train,DSC0185,quarter_suffix_removed,.jpg,1824,1824,3
img_ffe2bcadaf50b40a,Zweite Bearbeitungsstufe Viertel/_DSC0186_q1.JPG,Zweite Bearbeitungsstufe Viertel,test,DSC0186,quarter_suffix_removed,.jpg,1824,1824,3
img_54be3f2c1f3e7038,Zweite Bearbeitungsstufe Viertel/_DSC0186_q2.JPG,Zweite Bearbeitungsstufe Viertel,test,DSC0186,quarter_suffix_removed,.jpg,1824,1824,3
img_6b704d7772007810,Zweite Bearbeitungsstufe Viertel/_DSC0186_q4.JPG,Zweite Bearbeitungsstufe Viertel,test,DSC0186,quarter_suffix_removed,.jpg,1824,1824,3
img_e3f32b4e77d51f47,Zweite Bearbeitungsstufe Viertel/_DSC0198_q2.JPG,Zweite Bearbeitungsstufe Viertel,train,DSC0198,quarter_suffix_removed,.jpg,1824,1824,3
img_d2f98abcb8e42e48,Zweite Bearbeitungsstufe Viertel/_DSC0198_q3.JPG,Zweite Bearbeitungsstufe Viertel,train,DSC0198,quarter_suffix_removed,.jpg,1824,1824,3
img_e89f04b29bfcc74e,Zweite Bearbeitungsstufe Viertel/_DSC0198_q4.JPG,Zweite Bearbeitungsstufe Viertel,train,DSC0198,quarter_suffix_removed,.jpg,1824,1824,3
img_e10524cb1f518e8b,Zweite Bearbeitungsstufe Viertel/_DSC0199_q1.JPG,Zweite Bearbeitungsstufe Viertel,train,DSC0199,quarter_suffix_removed,.jpg,1824,1824,3
img_a63cec5fc42eb956,Zweite Bearbeitungsstufe Viertel/_DSC0199_q2.JPG,Zweite Bearbeitungsstufe Viertel,train,DSC0199,quarter_suffix_removed,.jpg,1824,1824,3
img_51fbf3bcf99b6592,Zweite Bearbeitungsstufe Viertel/_DSC0200_q3.JPG,Zweite Bearbeitungsstufe Viertel,val,DSC0200,quarter_suffix_removed,.jpg,1824,1824,3
img_87d2e61598820745,Zweite Bearbeitungsstufe Viertel/_DSC0200_q4.JPG,Zweite Bearbeitungsstufe Viertel,val,DSC0200,quarter_suffix_removed,.jpg,1824,1824,3
img_1a10cfb1810ce7de,Zweite Bearbeitungsstufe Viertel/_DSC0202_q1.JPG,Zweite Bearbeitungsstufe Viertel,train,DSC0202,quarter_suffix_removed,.jpg,1824,1824,3
img_b37e98f13cc2154c,Zweite Bearbeitungsstufe Viertel/_DSC0202_q2.JPG,Zweite Bearbeitungsstufe Viertel,train,DSC0202,quarter_suffix_removed,.jpg,1824,1824,3
img_9c65c132e015135d,Zweite Bearbeitungsstufe Viertel/_DSC0202_q4.JPG,Zweite Bearbeitungsstufe Viertel,train,DSC0202,quarter_suffix_removed,.jpg,1824,1824,3
img_d6bcb0ddaf0dc513,Zweite Bearbeitungsstufe Viertel/_DSC0203_q3.JPG,Zweite Bearbeitungsstufe Viertel,train,DSC0203,quarter_suffix_removed,.jpg,1824,1824,3
img_be10672d9aeff6e1,Zweite Bearbeitungsstufe Viertel/_DSC0203_q4.JPG,Zweite Bearbeitungsstufe Viertel,train,DSC0203,quarter_suffix_removed,.jpg,1824,1824,3
img_5f3d9913a2ad5694,Zweite Bearbeitungsstufe Viertel/_DSC0207_q2.JPG,Zweite Bearbeitungsstufe Viertel,train,DSC0207,quarter_suffix_removed,.jpg,1824,1824,3
img_7b83020e06c9cf54,Zweite Bearbeitungsstufe Viertel/_DSC0208_q1.JPG,Zweite Bearbeitungsstufe Viertel,train,DSC0208,quarter_suffix_removed,.jpg,1824,1824,3
img_e397381491e762e0,Zweite Bearbeitungsstufe Viertel/_DSC0208_q2.JPG,Zweite Bearbeitungsstufe Viertel,train,DSC0208,quarter_suffix_removed,.jpg,1824,1824,3
img_c7f1007601ed97ca,Zweite Bearbeitungsstufe Viertel/_DSC0208_q3.JPG,Zweite Bearbeitungsstufe Viertel,train,DSC0208,quarter_suffix_removed,.jpg,1824,1824,3
img_9684005e73186d87,Zweite Bearbeitungsstufe Viertel/_DSC0208_q4.JPG,Zweite Bearbeitungsstufe Viertel,train,DSC0208,quarter_suffix_removed,.jpg,1824,1824,3
img_b0a076e3fc6251d8,Zweite Bearbeitungsstufe Viertel/_DSC0209_q1.JPG,Zweite Bearbeitungsstufe Viertel,train,DSC0209,quarter_suffix_removed,.jpg,1824,1824,3
img_df1ddaf2fe3a5dcd,Zweite Bearbeitungsstufe Viertel/_DSC0209_q2.JPG,Zweite Bearbeitungsstufe Viertel,train,DSC0209,quarter_suffix_removed,.jpg,1824,1824,3
img_ff09550c0d6fb2fe,Zweite Bearbeitungsstufe Viertel/_DSC0209_q4.JPG,Zweite Bearbeitungsstufe Viertel,train,DSC0209,quarter_suffix_removed,.jpg,1824,1824,3
img_0d14d6a8ee5db9c5,Zweite Bearbeitungsstufe Viertel/_DSC0424_q1.JPG,Zweite Bearbeitungsstufe Viertel,train,DSC0424,quarter_suffix_removed,.jpg,1824,1824,3
img_36fad809a133eb14,Zweite Bearbeitungsstufe Viertel/_DSC0424_q2.JPG,Zweite Bearbeitungsstufe Viertel,train,DSC0424,quarter_suffix_removed,.jpg,1824,1824,3
img_d191b119984aebad,Zweite Bearbeitungsstufe Viertel/_DSC0425_q1.JPG,Zweite Bearbeitungsstufe Viertel,test,DSC0425,quarter_suffix_removed,.jpg,1824,1824,3
img_d216b5f8a0bcee34,Zweite Bearbeitungsstufe Viertel/_DSC0425_q2.JPG,Zweite Bearbeitungsstufe Viertel,test,DSC0425,quarter_suffix_removed,.jpg,1824,1824,3
img_a768499716d2b248,Zweite Bearbeitungsstufe Viertel/_DSC0426_q1.JPG,Zweite Bearbeitungsstufe Viertel,train,DSC0426,quarter_suffix_removed,.jpg,1824,1824,3
img_71dbef0361a36ede,Zweite Bearbeitungsstufe Viertel/_DSC0426_q2.JPG,Zweite Bearbeitungsstufe Viertel,train,DSC0426,quarter_suffix_removed,.jpg,1824,1824,3
img_d599b3f3bc935956,Zweite Bearbeitungsstufe Viertel/_DSC0439_q1.JPG,Zweite Bearbeitungsstufe Viertel,val,DSC0439,quarter_suffix_removed,.jpg,1824,1824,3
img_7a27fccc2a89b8d3,Zweite Bearbeitungsstufe Viertel/_DSC0439_q3.JPG,Zweite Bearbeitungsstufe Viertel,val,DSC0439,quarter_suffix_removed,.jpg,1824,1824,3
img_1304598f5970f30a,Zweite Bearbeitungsstufe Viertel/_DSC0439_q4.JPG,Zweite Bearbeitungsstufe Viertel,val,DSC0439,quarter_suffix_removed,.jpg,1824,1824,3
img_cd8988f849f1868b,Zweite Bearbeitungsstufe Viertel/_DSC0440_q2.JPG,Zweite Bearbeitungsstufe Viertel,train,DSC0440,quarter_suffix_removed,.jpg,1824,1824,3
img_99cbabf0f0948446,Zweite Bearbeitungsstufe Viertel/_DSC0440_q3.JPG,Zweite Bearbeitungsstufe Viertel,train,DSC0440,quarter_suffix_removed,.jpg,1824,1824,3
img_442d0801c864b8f4,Zweite Bearbeitungsstufe Viertel/_DSC0440_q4.JPG,Zweite Bearbeitungsstufe Viertel,train,DSC0440,quarter_suffix_removed,.jpg,1824,1824,3
img_79d8888403218255,Zweite Bearbeitungsstufe Viertel/_DSC0441_q1.JPG,Zweite Bearbeitungsstufe Viertel,test,DSC0441,quarter_suffix_removed,.jpg,1824,1824,3
img_315f573d72478bdb,Zweite Bearbeitungsstufe Viertel/_DSC0441_q2.JPG,Zweite Bearbeitungsstufe Viertel,test,DSC0441,quarter_suffix_removed,.jpg,1824,1824,3
img_f81c8634e017f7aa,Zweite Bearbeitungsstufe Viertel/_DSC0441_q3.JPG,Zweite Bearbeitungsstufe Viertel,test,DSC0441,quarter_suffix_removed,.jpg,1824,1824,3
img_bde5df7f32705567,Zweite Bearbeitungsstufe Viertel/_DSC0441_q4.JPG,Zweite Bearbeitungsstufe Viertel,test,DSC0441,quarter_suffix_removed,.jpg,1824,1824,3
img_b9776c089c9f2b69,Zweite Bearbeitungsstufe Viertel/_DSC0442_q1.JPG,Zweite Bearbeitungsstufe Viertel,test,DSC0442,quarter_suffix_removed,.jpg,1824,1824,3
img_850341e255dc33dd,Zweite Bearbeitungsstufe Viertel/_DSC0442_q2.JPG,Zweite Bearbeitungsstufe Viertel,test,DSC0442,quarter_suffix_removed,.jpg,1824,1824,3
img_068a90b8fceb6173,Zweite Bearbeitungsstufe Viertel/_DSC0442_q3.JPG,Zweite Bearbeitungsstufe Viertel,test,DSC0442,quarter_suffix_removed,.jpg,1824,1824,3
img_e8be76f25d5488a4,Zweite Bearbeitungsstufe Viertel/_DSC0443_q1.JPG,Zweite Bearbeitungsstufe Viertel,train,DSC0443,quarter_suffix_removed,.jpg,1824,1824,3
img_011d991da14af8f5,Zweite Bearbeitungsstufe Viertel/_DSC0443_q3.JPG,Zweite Bearbeitungsstufe Viertel,train,DSC0443,quarter_suffix_removed,.jpg,1824,1824,3
img_0900178bfe7f3540,Zweite Bearbeitungsstufe Viertel/_DSC0443_q4.JPG,Zweite Bearbeitungsstufe Viertel,train,DSC0443,quarter_suffix_removed,.jpg,1824,1824,3
img_8819720ba22ae81d,Zweite Bearbeitungsstufe Viertel/_DSC0444_q2.JPG,Zweite Bearbeitungsstufe Viertel,train,DSC0444,quarter_suffix_removed,.jpg,1824,1824,3
img_886e41921386db16,Zweite Bearbeitungsstufe Viertel/_DSC0444_q3.JPG,Zweite Bearbeitungsstufe Viertel,train,DSC0444,quarter_suffix_removed,.jpg,1824,1824,3
img_620592e67e324300,Zweite Bearbeitungsstufe Viertel/_DSC0444_q4.JPG,Zweite Bearbeitungsstufe Viertel,train,DSC0444,quarter_suffix_removed,.jpg,1824,1824,3
img_1d69eb10d3ed9910,Zweite Bearbeitungsstufe Viertel/_DSC0445_q1.JPG,Zweite Bearbeitungsstufe Viertel,train,DSC0445,quarter_suffix_removed,.jpg,1824,1824,3
img_8c0926fb0f85e954,Zweite Bearbeitungsstufe Viertel/_DSC0445_q2.JPG,Zweite Bearbeitungsstufe Viertel,train,DSC0445,quarter_suffix_removed,.jpg,1824,1824,3
img_4b1f20d252f7d006,Zweite Bearbeitungsstufe Viertel/_DSC0445_q3.JPG,Zweite Bearbeitungsstufe Viertel,train,DSC0445,quarter_suffix_removed,.jpg,1824,1824,3
img_11f6838d0d8a38e3,Zweite Bearbeitungsstufe Viertel/_DSC0446_q1.JPG,Zweite Bearbeitungsstufe Viertel,val,DSC0446,quarter_suffix_removed,.jpg,1824,1824,3
img_7b37650d45d50ab9,Zweite Bearbeitungsstufe Viertel/_DSC0446_q2.JPG,Zweite Bearbeitungsstufe Viertel,val,DSC0446,quarter_suffix_removed,.jpg,1824,1824,3
img_ac320c5f18b44d02,Zweite Bearbeitungsstufe Viertel/_DSC0446_q3.JPG,Zweite Bearbeitungsstufe Viertel,val,DSC0446,quarter_suffix_removed,.jpg,1824,1824,3
img_a6a97f02157c8f47,Zweite Bearbeitungsstufe Viertel/_DSC0447_q2.JPG,Zweite Bearbeitungsstufe Viertel,test,DSC0447,quarter_suffix_removed,.jpg,1824,1824,3
img_6a8dfd1481db30a8,Zweite Bearbeitungsstufe Viertel/_DSC0448_q1.JPG,Zweite Bearbeitungsstufe Viertel,train,DSC0448,quarter_suffix_removed,.jpg,1824,1824,3
img_09470af80156fe29,Zweite Bearbeitungsstufe Viertel/_DSC0448_q2.JPG,Zweite Bearbeitungsstufe Viertel,train,DSC0448,quarter_suffix_removed,.jpg,1824,1824,3
img_c1c16e341c2cd7ed,Zweite Bearbeitungsstufe Viertel/_DSC0449_q1.JPG,Zweite Bearbeitungsstufe Viertel,train,DSC0449,quarter_suffix_removed,.jpg,1824,1824,3
img_ead648b3d163cdd6,Zweite Bearbeitungsstufe Viertel/_DSC0449_q2.JPG,Zweite Bearbeitungsstufe Viertel,train,DSC0449,quarter_suffix_removed,.jpg,1824,1824,3
img_d1f02cf043d0fa63,Zweite Bearbeitungsstufe Viertel/_DSC0450_q2.JPG,Zweite Bearbeitungsstufe Viertel,train,DSC0450,quarter_suffix_removed,.jpg,1824,1824,3
img_5adc7bf1a83dcb45,Zweite Bearbeitungsstufe Viertel/_DSC0450_q3.JPG,Zweite Bearbeitungsstufe Viertel,train,DSC0450,quarter_suffix_removed,.jpg,1824,1824,3
img_3b369f4810964fb1,Zweite Bearbeitungsstufe Viertel/_DSC0450_q4.JPG,Zweite Bearbeitungsstufe Viertel,train,DSC0450,quarter_suffix_removed,.jpg,1824,1824,3
img_c73e0690d33bbeec,Zweite Bearbeitungsstufe Viertel/_DSC0451_q1.JPG,Zweite Bearbeitungsstufe Viertel,train,DSC0451,quarter_suffix_removed,.jpg,1824,1824,3
img_882d64abca03e541,Zweite Bearbeitungsstufe Viertel/_DSC0451_q2.JPG,Zweite Bearbeitungsstufe Viertel,train,DSC0451,quarter_suffix_removed,.jpg,1824,1824,3
img_00da0a12f40a226a,Zweite Bearbeitungsstufe Viertel/_DSC0451_q3.JPG,Zweite Bearbeitungsstufe Viertel,train,DSC0451,quarter_suffix_removed,.jpg,1824,1824,3
img_e7ebf6bdb73bcc27,Zweite Bearbeitungsstufe Viertel/_DSC0452_q1.JPG,Zweite Bearbeitungsstufe Viertel,train,DSC0452,quarter_suffix_removed,.jpg,1824,1824,3
img_8d07d08b9241e9db,Zweite Bearbeitungsstufe Viertel/_DSC0452_q2.JPG,Zweite Bearbeitungsstufe Viertel,train,DSC0452,quarter_suffix_removed,.jpg,1824,1824,3
img_55fe004ac18db8a5,Zweite Bearbeitungsstufe Viertel/_DSC0452_q3.JPG,Zweite Bearbeitungsstufe Viertel,train,DSC0452,quarter_suffix_removed,.jpg,1824,1824,3
img_ce4b1da6c7cd8bcb,Zweite Bearbeitungsstufe Viertel/_DSC0452_q4.JPG,Zweite Bearbeitungsstufe Viertel,train,DSC0452,quarter_suffix_removed,.jpg,1824,1824,3
img_3462814e90061828,Zweite Bearbeitungsstufe Viertel/_DSC0453_q1.JPG,Zweite Bearbeitungsstufe Viertel,test,DSC0453,quarter_suffix_removed,.jpg,1824,1824,3
img_22a5a852a93f3b55,Zweite Bearbeitungsstufe Viertel/_DSC0453_q2.JPG,Zweite Bearbeitungsstufe Viertel,test,DSC0453,quarter_suffix_removed,.jpg,1824,1824,3
img_0bf4103d80229193,Zweite Bearbeitungsstufe Viertel/_DSC0453_q3.JPG,Zweite Bearbeitungsstufe Viertel,test,DSC0453,quarter_suffix_removed,.jpg,1824,1824,3
img_c5fb1616d3c0c1de,Zweite Bearbeitungsstufe Viertel/_DSC0454_q1.JPG,Zweite Bearbeitungsstufe Viertel,train,DSC0454,quarter_suffix_removed,.jpg,1824,1824,3
img_6957ea6c97761fa8,Zweite Bearbeitungsstufe Viertel/_DSC0454_q3.JPG,Zweite Bearbeitungsstufe Viertel,train,DSC0454,quarter_suffix_removed,.jpg,1824,1824,3
img_13772df18ea6acf0,Zweite Bearbeitungsstufe Viertel/_DSC0461_q3.JPG,Zweite Bearbeitungsstufe Viertel,train,DSC0461,quarter_suffix_removed,.jpg,1824,1824,3
img_180325bba2dcdd23,Zweite Bearbeitungsstufe Viertel/_DSC0462_q2.JPG,Zweite Bearbeitungsstufe Viertel,test,DSC0462,quarter_suffix_removed,.jpg,1824,1824,3
img_e006ce255a7165d6,Zweite Bearbeitungsstufe Viertel/_DSC0462_q3.JPG,Zweite Bearbeitungsstufe Viertel,test,DSC0462,quarter_suffix_removed,.jpg,1824,1824,3
img_f4ea4e4fe05f98cd,Zweite Bearbeitungsstufe Viertel/_DSC0465_q4.JPG,Zweite Bearbeitungsstufe Viertel,val,DSC0465,quarter_suffix_removed,.jpg,1824,1824,3
img_b997f67bbb6eb337,Zweite Bearbeitungsstufe Viertel/_DSC0467_q3.JPG,Zweite Bearbeitungsstufe Viertel,train,DSC0467,quarter_suffix_removed,.jpg,1824,1824,3
img_519489cc6c2ef41f,Zweite Bearbeitungsstufe Viertel/_DSC0468_q3.JPG,Zweite Bearbeitungsstufe Viertel,train,DSC0468,quarter_suffix_removed,.jpg,1824,1824,3
img_22862bd10322965d,Zweite Bearbeitungsstufe Viertel/_DSC0468_q4.JPG,Zweite Bearbeitungsstufe Viertel,train,DSC0468,quarter_suffix_removed,.jpg,1824,1824,3
img_b53b1e6dcba449d7,Zweite Bearbeitungsstufe Viertel/_DSC0469_q3.JPG,Zweite Bearbeitungsstufe Viertel,train,DSC0469,quarter_suffix_removed,.jpg,1824,1824,3
img_aef08b0e0010b063,Zweite Bearbeitungsstufe Viertel/_DSC0470_q4.JPG,Zweite Bearbeitungsstufe Viertel,train,DSC0470,quarter_suffix_removed,.jpg,1824,1824,3
img_46c5db5913794c79,Zweite Bearbeitungsstufe Viertel/_DSC0471_q4.JPG,Zweite Bearbeitungsstufe Viertel,test,DSC0471,quarter_suffix_removed,.jpg,1824,1824,3
img_02a7a8a90043e413,Zweite Bearbeitungsstufe Viertel/_DSC0472_q1.JPG,Zweite Bearbeitungsstufe Viertel,train,DSC0472,quarter_suffix_removed,.jpg,1824,1824,3
img_e8ece0bf36b481ea,Zweite Bearbeitungsstufe Viertel/_DSC0472_q3.JPG,Zweite Bearbeitungsstufe Viertel,train,DSC0472,quarter_suffix_removed,.jpg,1824,1824,3
img_5ce33ace1f635096,Zweite Bearbeitungsstufe Viertel/_DSC1142_q1.JPG,Zweite Bearbeitungsstufe Viertel,train,DSC1142,quarter_suffix_removed,.jpg,1824,1824,3
img_6ab93a4474e4180a,Zweite Bearbeitungsstufe Viertel/_DSC1142_q2.JPG,Zweite Bearbeitungsstufe Viertel,train,DSC1142,quarter_suffix_removed,.jpg,1824,1824,3
img_bed2f24ed94d4b33,Zweite Bearbeitungsstufe Viertel/_DSC1142_q3.JPG,Zweite Bearbeitungsstufe Viertel,train,DSC1142,quarter_suffix_removed,.jpg,1824,1824,3
img_cfe1c4762e74dd8d,Zweite Bearbeitungsstufe Viertel/_DSC1142_q4.JPG,Zweite Bearbeitungsstufe Viertel,train,DSC1142,quarter_suffix_removed,.jpg,1824,1824,3
img_f81402a8513dda2c,Zweite Bearbeitungsstufe Viertel/_DSC1143_q1.JPG,Zweite Bearbeitungsstufe Viertel,val,DSC1143,quarter_suffix_removed,.jpg,1824,1824,3
img_81c541065a48383c,Zweite Bearbeitungsstufe Viertel/_DSC1143_q2.JPG,Zweite Bearbeitungsstufe Viertel,val,DSC1143,quarter_suffix_removed,.jpg,1824,1824,3
img_8c3957b7c920d5cb,Zweite Bearbeitungsstufe Viertel/_DSC1143_q3.JPG,Zweite Bearbeitungsstufe Viertel,val,DSC1143,quarter_suffix_removed,.jpg,1824,1824,3
img_f1568ea7dc2588ab,Zweite Bearbeitungsstufe Viertel/_DSC1143_q4.JPG,Zweite Bearbeitungsstufe Viertel,val,DSC1143,quarter_suffix_removed,.jpg,1824,1824,3
img_7b955df266c1ee5e,Zweite Bearbeitungsstufe Viertel/_DSC1144_q1.JPG,Zweite Bearbeitungsstufe Viertel,train,DSC1144,quarter_suffix_removed,.jpg,1824,1824,3
img_25b7d694aa201a16,Zweite Bearbeitungsstufe Viertel/_DSC1144_q2.JPG,Zweite Bearbeitungsstufe Viertel,train,DSC1144,quarter_suffix_removed,.jpg,1824,1824,3
img_0bcbb77c686e75f5,Zweite Bearbeitungsstufe Viertel/_DSC1144_q3.JPG,Zweite Bearbeitungsstufe Viertel,train,DSC1144,quarter_suffix_removed,.jpg,1824,1824,3
img_88ddf7515acb9c02,Zweite Bearbeitungsstufe Viertel/_DSC1144_q4.JPG,Zweite Bearbeitungsstufe Viertel,train,DSC1144,quarter_suffix_removed,.jpg,1824,1824,3
img_997c61f9b07d6fa5,Zweite Bearbeitungsstufe Viertel/_DSC1145_q1.JPG,Zweite Bearbeitungsstufe Viertel,train,DSC1145,quarter_suffix_removed,.jpg,1824,1824,3
img_b7599df6b2d6b496,Zweite Bearbeitungsstufe Viertel/_DSC1145_q2.JPG,Zweite Bearbeitungsstufe Viertel,train,DSC1145,quarter_suffix_removed,.jpg,1824,1824,3
img_5cac8b4c52c233aa,Zweite Bearbeitungsstufe Viertel/_DSC1145_q4.JPG,Zweite Bearbeitungsstufe Viertel,train,DSC1145,quarter_suffix_removed,.jpg,1824,1824,3
img_ea2ff1ebd0cce7b4,Zweite Bearbeitungsstufe Viertel/_DSC1146_q1.JPG,Zweite Bearbeitungsstufe Viertel,train,DSC1146,quarter_suffix_removed,.jpg,1824,1824,3
img_64d657fa56dc2afb,Zweite Bearbeitungsstufe Viertel/_DSC1146_q2.JPG,Zweite Bearbeitungsstufe Viertel,train,DSC1146,quarter_suffix_removed,.jpg,1824,1824,3
img_0a5102d731c68060,Zweite Bearbeitungsstufe Viertel/_DSC1146_q3.JPG,Zweite Bearbeitungsstufe Viertel,train,DSC1146,quarter_suffix_removed,.jpg,1824,1824,3
img_e4780adde3cdfc33,Zweite Bearbeitungsstufe Viertel/_DSC1146_q4.JPG,Zweite Bearbeitungsstufe Viertel,train,DSC1146,quarter_suffix_removed,.jpg,1824,1824,3
img_adc8863e901711c8,Zweite Bearbeitungsstufe Viertel/_DSC1147_q1.JPG,Zweite Bearbeitungsstufe Viertel,test,DSC1147,quarter_suffix_removed,.jpg,1824,1824,3
img_d2b7fcdd5540d116,Zweite Bearbeitungsstufe Viertel/_DSC1147_q2.JPG,Zweite Bearbeitungsstufe Viertel,test,DSC1147,quarter_suffix_removed,.jpg,1824,1824,3
img_a1e2b17317834c9f,Zweite Bearbeitungsstufe Viertel/_DSC1147_q3.JPG,Zweite Bearbeitungsstufe Viertel,test,DSC1147,quarter_suffix_removed,.jpg,1824,1824,3
img_f1eee339b5502c15,Zweite Bearbeitungsstufe Viertel/_DSC1147_q4.JPG,Zweite Bearbeitungsstufe Viertel,test,DSC1147,quarter_suffix_removed,.jpg,1824,1824,3
img_71af99c4a773a096,Zweite Bearbeitungsstufe Viertel/_DSC1148_q1.JPG,Zweite Bearbeitungsstufe Viertel,train,DSC1148,quarter_suffix_removed,.jpg,1824,1824,3
img_61ed397f670d3c1b,Zweite Bearbeitungsstufe Viertel/_DSC1148_q2.JPG,Zweite Bearbeitungsstufe Viertel,train,DSC1148,quarter_suffix_removed,.jpg,1824,1824,3
img_44cb56ec99ac934b,Zweite Bearbeitungsstufe Viertel/_DSC1148_q3.JPG,Zweite Bearbeitungsstufe Viertel,train,DSC1148,quarter_suffix_removed,.jpg,1824,1824,3
img_508f82b370c2036b,Zweite Bearbeitungsstufe Viertel/_DSC1148_q4.JPG,Zweite Bearbeitungsstufe Viertel,train,DSC1148,quarter_suffix_removed,.jpg,1824,1824,3
img_8e5460a78d1f958a,Zweite Bearbeitungsstufe Viertel/_DSC1149_q3.JPG,Zweite Bearbeitungsstufe Viertel,val,DSC1149,quarter_suffix_removed,.jpg,1824,1824,3
img_72341a1918149571,Zweite Bearbeitungsstufe Viertel/_DSC1149_q4.JPG,Zweite Bearbeitungsstufe Viertel,val,DSC1149,quarter_suffix_removed,.jpg,1824,1824,3
img_9793650845e0dfdf,Zweite Bearbeitungsstufe Viertel/_DSC1151_q4.JPG,Zweite Bearbeitungsstufe Viertel,train,DSC1151,quarter_suffix_removed,.jpg,1824,1824,3
img_7a2d3e039a8f6d55,Zweite Bearbeitungsstufe Viertel/_DSC1152_q1.JPG,Zweite Bearbeitungsstufe Viertel,train,DSC1152,quarter_suffix_removed,.jpg,1824,1824,3
img_6da539bb8e132001,Zweite Bearbeitungsstufe Viertel/_DSC1152_q2.JPG,Zweite Bearbeitungsstufe Viertel,train,DSC1152,quarter_suffix_removed,.jpg,1824,1824,3
img_d04a515597bb5aac,Zweite Bearbeitungsstufe Viertel/_DSC1152_q3.JPG,Zweite Bearbeitungsstufe Viertel,train,DSC1152,quarter_suffix_removed,.jpg,1824,1824,3
img_bdc14c438f578a0f,Zweite Bearbeitungsstufe Viertel/_DSC1152_q4.JPG,Zweite Bearbeitungsstufe Viertel,train,DSC1152,quarter_suffix_removed,.jpg,1824,1824,3
img_4a930d47e162d345,Zweite Bearbeitungsstufe Viertel/_DSC1153_q1.JPG,Zweite Bearbeitungsstufe Viertel,train,DSC1153,quarter_suffix_removed,.jpg,1824,1824,3
img_0368499201451304,Zweite Bearbeitungsstufe Viertel/_DSC1153_q2.JPG,Zweite Bearbeitungsstufe Viertel,train,DSC1153,quarter_suffix_removed,.jpg,1824,1824,3
img_c1041bb712f05613,Zweite Bearbeitungsstufe Viertel/_DSC1153_q3.JPG,Zweite Bearbeitungsstufe Viertel,train,DSC1153,quarter_suffix_removed,.jpg,1824,1824,3
img_8cbdb4a22236e419,Zweite Bearbeitungsstufe Viertel/_DSC1153_q4.JPG,Zweite Bearbeitungsstufe Viertel,train,DSC1153,quarter_suffix_removed,.jpg,1824,1824,3
img_a0f00a97ddf66a43,Zweite Bearbeitungsstufe Viertel/_DSC1154_q3.JPG,Zweite Bearbeitungsstufe Viertel,train,DSC1154,quarter_suffix_removed,.jpg,1824,1824,3
img_56aff8ddd29ab240,Zweite Bearbeitungsstufe Viertel/_DSC1154_q4.JPG,Zweite Bearbeitungsstufe Viertel,train,DSC1154,quarter_suffix_removed,.jpg,1824,1824,3
img_b7d5c8cc33c204a7,Zweite Bearbeitungsstufe Viertel/_DSC1155_q1.JPG,Zweite Bearbeitungsstufe Viertel,val,DSC1155,quarter_suffix_removed,.jpg,1824,1824,3
img_6704686ef1cd29f3,Zweite Bearbeitungsstufe Viertel/_DSC1155_q2.JPG,Zweite Bearbeitungsstufe Viertel,val,DSC1155,quarter_suffix_removed,.jpg,1824,1824,3
img_2b28c1a6ab3f0d71,Zweite Bearbeitungsstufe Viertel/_DSC1155_q3.JPG,Zweite Bearbeitungsstufe Viertel,val,DSC1155,quarter_suffix_removed,.jpg,1824,1824,3
img_55791ef997cb5588,Zweite Bearbeitungsstufe Viertel/_DSC1155_q4.JPG,Zweite Bearbeitungsstufe Viertel,val,DSC1155,quarter_suffix_removed,.jpg,1824,1824,3
img_a37c6367176f7fbc,Zweite Bearbeitungsstufe Viertel/_DSC1156_q1.JPG,Zweite Bearbeitungsstufe Viertel,train,DSC1156,quarter_suffix_removed,.jpg,1824,1824,3
img_0061a489ea16daff,Zweite Bearbeitungsstufe Viertel/_DSC1156_q2.JPG,Zweite Bearbeitungsstufe Viertel,train,DSC1156,quarter_suffix_removed,.jpg,1824,1824,3
img_04bd273012d70f09,Zweite Bearbeitungsstufe Viertel/_DSC1156_q3.JPG,Zweite Bearbeitungsstufe Viertel,train,DSC1156,quarter_suffix_removed,.jpg,1824,1824,3
img_6329e57e22e2ac5a,Zweite Bearbeitungsstufe Viertel/_DSC1157_q1.JPG,Zweite Bearbeitungsstufe Viertel,train,DSC1157,quarter_suffix_removed,.jpg,1824,1824,3
img_534aa3a16e958661,Zweite Bearbeitungsstufe Viertel/_DSC1157_q3.JPG,Zweite Bearbeitungsstufe Viertel,train,DSC1157,quarter_suffix_removed,.jpg,1824,1824,3
img_e3faef8a448c51a3,Zweite Bearbeitungsstufe Viertel/_DSC1158_q3.JPG,Zweite Bearbeitungsstufe Viertel,train,DSC1158,quarter_suffix_removed,.jpg,1824,1824,3
img_dad137d503e32099,Zweite Bearbeitungsstufe Viertel/_DSC1158_q4.JPG,Zweite Bearbeitungsstufe Viertel,train,DSC1158,quarter_suffix_removed,.jpg,1824,1824,3
img_72f6f41b4ecf8e23,Zweite Bearbeitungsstufe Viertel/_DSC1159_q3.JPG,Zweite Bearbeitungsstufe Viertel,test,DSC1159,quarter_suffix_removed,.jpg,1824,1824,3
img_5be81b9242cd2e7d,Zweite Bearbeitungsstufe Viertel/_DSC1159_q4.JPG,Zweite Bearbeitungsstufe Viertel,test,DSC1159,quarter_suffix_removed,.jpg,1824,1824,3
img_6931ecd1763da705,Zweite Bearbeitungsstufe Viertel/_DSC1160_q2.JPG,Zweite Bearbeitungsstufe Viertel,train,DSC1160,quarter_suffix_removed,.jpg,1824,1824,3
img_0e29065754e20623,Zweite Bearbeitungsstufe Viertel/_DSC1160_q3.JPG,Zweite Bearbeitungsstufe Viertel,train,DSC1160,quarter_suffix_removed,.jpg,1824,1824,3
img_46d7fe9c40ed06fd,Zweite Bearbeitungsstufe Viertel/_DSC1161_q2.JPG,Zweite Bearbeitungsstufe Viertel,val,DSC1161,quarter_suffix_removed,.jpg,1824,1824,3
img_cda605b9976bda9f,Zweite Bearbeitungsstufe Viertel/_DSC1161_q3.JPG,Zweite Bearbeitungsstufe Viertel,val,DSC1161,quarter_suffix_removed,.jpg,1824,1824,3
img_8102b64a88d97e11,Zweite Bearbeitungsstufe Viertel/_DSC1161_q4.JPG,Zweite Bearbeitungsstufe Viertel,val,DSC1161,quarter_suffix_removed,.jpg,1824,1824,3
img_d464f4ff8ce0bc5b,Zweite Bearbeitungsstufe Viertel/_DSC1162_q1.JPG,Zweite Bearbeitungsstufe Viertel,train,DSC1162,quarter_suffix_removed,.jpg,1824,1824,3
img_665cf5a091cfa081,Zweite Bearbeitungsstufe Viertel/_DSC1162_q2.JPG,Zweite Bearbeitungsstufe Viertel,train,DSC1162,quarter_suffix_removed,.jpg,1824,1824,3
img_6c1cd8ae6a9ffbf0,Zweite Bearbeitungsstufe Viertel/_DSC1162_q3.JPG,Zweite Bearbeitungsstufe Viertel,train,DSC1162,quarter_suffix_removed,.jpg,1824,1824,3
img_aa88596fbffa1da5,Zweite Bearbeitungsstufe Viertel/_DSC1162_q4.JPG,Zweite Bearbeitungsstufe Viertel,train,DSC1162,quarter_suffix_removed,.jpg,1824,1824,3
img_c0cbc04853261cde,Zweite Bearbeitungsstufe Viertel/_DSC1163_q1.JPG,Zweite Bearbeitungsstufe Viertel,val,DSC1163,quarter_suffix_removed,.jpg,1824,1824,3
img_9742d91776d9c5e5,Zweite Bearbeitungsstufe Viertel/_DSC1163_q3.JPG,Zweite Bearbeitungsstufe Viertel,val,DSC1163,quarter_suffix_removed,.jpg,1824,1824,3
img_3cc7d57dddaeb415,Zweite Bearbeitungsstufe Viertel/_DSC1164_q2.JPG,Zweite Bearbeitungsstufe Viertel,train,DSC1164,quarter_suffix_removed,.jpg,1824,1824,3
img_59230ecc71fb95df,Zweite Bearbeitungsstufe Viertel/_DSC1164_q3.JPG,Zweite Bearbeitungsstufe Viertel,train,DSC1164,quarter_suffix_removed,.jpg,1824,1824,3
img_09f3f19e75955a8f,Zweite Bearbeitungsstufe Viertel/_DSC1164_q4.JPG,Zweite Bearbeitungsstufe Viertel,train,DSC1164,quarter_suffix_removed,.jpg,1824,1824,3
img_e9b124c8359a9023,Zweite Bearbeitungsstufe Viertel/_DSC1166_q1.JPG,Zweite Bearbeitungsstufe Viertel,train,DSC1166,quarter_suffix_removed,.jpg,1824,1824,3
img_58fe47d327f9e2f2,Zweite Bearbeitungsstufe Viertel/_DSC1166_q3.JPG,Zweite Bearbeitungsstufe Viertel,train,DSC1166,quarter_suffix_removed,.jpg,1824,1824,3
img_936322a43ba6162e,Zweite Bearbeitungsstufe Viertel/_DSC1167_q1.JPG,Zweite Bearbeitungsstufe Viertel,train,DSC1167,quarter_suffix_removed,.jpg,1824,1824,3
img_276aac6c822e8877,Zweite Bearbeitungsstufe Viertel/_DSC1167_q2.JPG,Zweite Bearbeitungsstufe Viertel,train,DSC1167,quarter_suffix_removed,.jpg,1824,1824,3
img_9ede74b41c0005db,Zweite Bearbeitungsstufe Viertel/_DSC1168_q1.JPG,Zweite Bearbeitungsstufe Viertel,test,DSC1168,quarter_suffix_removed,.jpg,1824,1824,3
img_88afd5d9e696004a,Zweite Bearbeitungsstufe Viertel/_DSC1168_q2.JPG,Zweite Bearbeitungsstufe Viertel,test,DSC1168,quarter_suffix_removed,.jpg,1824,1824,3
img_622b0669335399a3,Zweite Bearbeitungsstufe Viertel/_DSC1168_q3.JPG,Zweite Bearbeitungsstufe Viertel,test,DSC1168,quarter_suffix_removed,.jpg,1824,1824,3
img_6a7032fb0ba7cdd6,Zweite Bearbeitungsstufe Viertel/_DSC1168_q4.JPG,Zweite Bearbeitungsstufe Viertel,test,DSC1168,quarter_suffix_removed,.jpg,1824,1824,3
img_d2b2fc1db81c4a72,Zweite Bearbeitungsstufe Viertel/_DSC1169_q1.JPG,Zweite Bearbeitungsstufe Viertel,train,DSC1169,quarter_suffix_removed,.jpg,1824,1824,3
img_98c2cf620f234ce0,Zweite Bearbeitungsstufe Viertel/_DSC1169_q2.JPG,Zweite Bearbeitungsstufe Viertel,train,DSC1169,quarter_suffix_removed,.jpg,1824,1824,3
img_32e2dcd2f0e4294e,Zweite Bearbeitungsstufe Viertel/_DSC1169_q3.JPG,Zweite Bearbeitungsstufe Viertel,train,DSC1169,quarter_suffix_removed,.jpg,1824,1824,3
img_35b62c87a4da4973,Zweite Bearbeitungsstufe Viertel/_DSC1169_q4.JPG,Zweite Bearbeitungsstufe Viertel,train,DSC1169,quarter_suffix_removed,.jpg,1824,1824,3
img_86fa4448349a9592,Zweite Bearbeitungsstufe Viertel/_DSC1170_q2.JPG,Zweite Bearbeitungsstufe Viertel,train,DSC1170,quarter_suffix_removed,.jpg,1824,1824,3
img_0bac8126bfd12820,Zweite Bearbeitungsstufe Viertel/_DSC1171_q1.JPG,Zweite Bearbeitungsstufe Viertel,train,DSC1171,quarter_suffix_removed,.jpg,1824,1824,3
img_30e7be7a1ebc5992,Zweite Bearbeitungsstufe Viertel/_DSC1171_q2.JPG,Zweite Bearbeitungsstufe Viertel,train,DSC1171,quarter_suffix_removed,.jpg,1824,1824,3
img_4b72e16d5bf20293,Zweite Bearbeitungsstufe Viertel/_DSC1172_q1.JPG,Zweite Bearbeitungsstufe Viertel,train,DSC1172,quarter_suffix_removed,.jpg,1824,1824,3
img_800ad3f0f35219a1,Zweite Bearbeitungsstufe Viertel/_DSC1172_q3.JPG,Zweite Bearbeitungsstufe Viertel,train,DSC1172,quarter_suffix_removed,.jpg,1824,1824,3
img_ae5a8daed2d51581,Zweite Bearbeitungsstufe Viertel/_DSC1172_q4.JPG,Zweite Bearbeitungsstufe Viertel,train,DSC1172,quarter_suffix_removed,.jpg,1824,1824,3
img_9a05c61fdb4caf1d,Zweite Bearbeitungsstufe Viertel/_DSC1173_q1.JPG,Zweite Bearbeitungsstufe Viertel,train,DSC1173,quarter_suffix_removed,.jpg,1824,1824,3
img_daab1b5e80f5d19f,Zweite Bearbeitungsstufe Viertel/_DSC1173_q2.JPG,Zweite Bearbeitungsstufe Viertel,train,DSC1173,quarter_suffix_removed,.jpg,1824,1824,3
img_9ce2541224ebb45a,Zweite Bearbeitungsstufe Viertel/_DSC1173_q3.JPG,Zweite Bearbeitungsstufe Viertel,train,DSC1173,quarter_suffix_removed,.jpg,1824,1824,3
img_c2f095fb72b84bf4,Zweite Bearbeitungsstufe Viertel/_DSC1174_q1.JPG,Zweite Bearbeitungsstufe Viertel,train,DSC1174,quarter_suffix_removed,.jpg,1824,1824,3
img_660a6735ecaac957,Zweite Bearbeitungsstufe Viertel/_DSC1174_q2.JPG,Zweite Bearbeitungsstufe Viertel,train,DSC1174,quarter_suffix_removed,.jpg,1824,1824,3
img_cb45c691b2e3ee59,Zweite Bearbeitungsstufe Viertel/_DSC1174_q3.JPG,Zweite Bearbeitungsstufe Viertel,train,DSC1174,quarter_suffix_removed,.jpg,1824,1824,3
img_fd1d573cac2543e9,Zweite Bearbeitungsstufe Viertel/_DSC1174_q4.JPG,Zweite Bearbeitungsstufe Viertel,train,DSC1174,quarter_suffix_removed,.jpg,1824,1824,3
img_d0736d0170a8428d,Zweite Bearbeitungsstufe Viertel/_DSC1175_q1.JPG,Zweite Bearbeitungsstufe Viertel,train,DSC1175,quarter_suffix_removed,.jpg,1824,1824,3
img_083a8e8e6daee72c,Zweite Bearbeitungsstufe Viertel/_DSC1175_q2.JPG,Zweite Bearbeitungsstufe Viertel,train,DSC1175,quarter_suffix_removed,.jpg,1824,1824,3
img_93e7487f493dbe9a,Zweite Bearbeitungsstufe Viertel/_DSC1175_q3.JPG,Zweite Bearbeitungsstufe Viertel,train,DSC1175,quarter_suffix_removed,.jpg,1824,1824,3
img_60d9832e65a85ac4,Zweite Bearbeitungsstufe Viertel/_DSC1175_q4.JPG,Zweite Bearbeitungsstufe Viertel,train,DSC1175,quarter_suffix_removed,.jpg,1824,1824,3
img_2b4d0ff5005e4276,Zweite Bearbeitungsstufe Viertel/_DSC1176_q1.JPG,Zweite Bearbeitungsstufe Viertel,val,DSC1176,quarter_suffix_removed,.jpg,1824,1824,3
img_5e58ab39a9c213ff,Zweite Bearbeitungsstufe Viertel/_DSC1176_q2.JPG,Zweite Bearbeitungsstufe Viertel,val,DSC1176,quarter_suffix_removed,.jpg,1824,1824,3
img_acb3c03cd715e312,Zweite Bearbeitungsstufe Viertel/_DSC1176_q3.JPG,Zweite Bearbeitungsstufe Viertel,val,DSC1176,quarter_suffix_removed,.jpg,1824,1824,3
img_80511f5fbe436838,Zweite Bearbeitungsstufe Viertel/_DSC1176_q4.JPG,Zweite Bearbeitungsstufe Viertel,val,DSC1176,quarter_suffix_removed,.jpg,1824,1824,3
img_6b4107d26e9f5236,Zweite Bearbeitungsstufe Viertel/_DSC1178_q2.JPG,Zweite Bearbeitungsstufe Viertel,train,DSC1178,quarter_suffix_removed,.jpg,1824,1824,3
img_cc23b889e510b636,Zweite Bearbeitungsstufe Viertel/_DSC1178_q3.JPG,Zweite Bearbeitungsstufe Viertel,train,DSC1178,quarter_suffix_removed,.jpg,1824,1824,3
img_f24a2f736f707046,Zweite Bearbeitungsstufe Viertel/_DSC1178_q4.JPG,Zweite Bearbeitungsstufe Viertel,train,DSC1178,quarter_suffix_removed,.jpg,1824,1824,3
img_8e46104d424667ab,Zweite Bearbeitungsstufe Viertel/_DSC1180_q1.JPG,Zweite Bearbeitungsstufe Viertel,train,DSC1180,quarter_suffix_removed,.jpg,1824,1824,3
img_f73d68ea22558e71,Zweite Bearbeitungsstufe Viertel/_DSC1180_q2.JPG,Zweite Bearbeitungsstufe Viertel,train,DSC1180,quarter_suffix_removed,.jpg,1824,1824,3
img_2bcffb6991acc64c,Zweite Bearbeitungsstufe Viertel/_DSC1180_q3.JPG,Zweite Bearbeitungsstufe Viertel,train,DSC1180,quarter_suffix_removed,.jpg,1824,1824,3
img_8ab49f017dc6b0f7,Zweite Bearbeitungsstufe Viertel/_DSC1180_q4.JPG,Zweite Bearbeitungsstufe Viertel,train,DSC1180,quarter_suffix_removed,.jpg,1824,1824,3
img_f5118a9019603acc,Zweite Bearbeitungsstufe Viertel/_DSC1181_q1.JPG,Zweite Bearbeitungsstufe Viertel,test,DSC1181,quarter_suffix_removed,.jpg,1824,1824,3
img_7fb6332d23f4791b,Zweite Bearbeitungsstufe Viertel/_DSC1181_q2.JPG,Zweite Bearbeitungsstufe Viertel,test,DSC1181,quarter_suffix_removed,.jpg,1824,1824,3
img_de768ccd71b15c68,Zweite Bearbeitungsstufe Viertel/_DSC1181_q3.JPG,Zweite Bearbeitungsstufe Viertel,test,DSC1181,quarter_suffix_removed,.jpg,1824,1824,3
img_8f68ce308d09b1fa,Zweite Bearbeitungsstufe Viertel/_DSC1182_q1.JPG,Zweite Bearbeitungsstufe Viertel,train,DSC1182,quarter_suffix_removed,.jpg,1824,1824,3
img_458e0f5cc5a40de9,Zweite Bearbeitungsstufe Viertel/_DSC1182_q2.JPG,Zweite Bearbeitungsstufe Viertel,train,DSC1182,quarter_suffix_removed,.jpg,1824,1824,3
img_3d881177b918788b,Zweite Bearbeitungsstufe Viertel/_DSC1182_q3.JPG,Zweite Bearbeitungsstufe Viertel,train,DSC1182,quarter_suffix_removed,.jpg,1824,1824,3
img_9b360999e03f6850,Zweite Bearbeitungsstufe Viertel/_DSC1182_q4.JPG,Zweite Bearbeitungsstufe Viertel,train,DSC1182,quarter_suffix_removed,.jpg,1824,1824,3
img_0affc55d7e02e726,Zweite Bearbeitungsstufe Viertel/_DSC1183_q1.JPG,Zweite Bearbeitungsstufe Viertel,test,DSC1183,quarter_suffix_removed,.jpg,1824,1824,3
img_6edb56d57ba28ada,Zweite Bearbeitungsstufe Viertel/_DSC1183_q2.JPG,Zweite Bearbeitungsstufe Viertel,test,DSC1183,quarter_suffix_removed,.jpg,1824,1824,3
img_f80c01ffc06569b6,Zweite Bearbeitungsstufe Viertel/_DSC1183_q3.JPG,Zweite Bearbeitungsstufe Viertel,test,DSC1183,quarter_suffix_removed,.jpg,1824,1824,3
img_03fd66d3248d23c3,Zweite Bearbeitungsstufe Viertel/_DSC1183_q4.JPG,Zweite Bearbeitungsstufe Viertel,test,DSC1183,quarter_suffix_removed,.jpg,1824,1824,3
img_bf395daf43cfbe24,Zweite Bearbeitungsstufe Viertel/_DSC1184_q1.JPG,Zweite Bearbeitungsstufe Viertel,train,DSC1184,quarter_suffix_removed,.jpg,1824,1824,3
img_6f01d5855f36e409,Zweite Bearbeitungsstufe Viertel/_DSC1184_q2.JPG,Zweite Bearbeitungsstufe Viertel,train,DSC1184,quarter_suffix_removed,.jpg,1824,1824,3
img_4d31a0cbd3edc804,Zweite Bearbeitungsstufe Viertel/_DSC1184_q3.JPG,Zweite Bearbeitungsstufe Viertel,train,DSC1184,quarter_suffix_removed,.jpg,1824,1824,3
img_2eb966c44eb7e6d1,Zweite Bearbeitungsstufe Viertel/_DSC1184_q4.JPG,Zweite Bearbeitungsstufe Viertel,train,DSC1184,quarter_suffix_removed,.jpg,1824,1824,3
img_ff024c68aa5c6de7,Zweite Bearbeitungsstufe Viertel/_DSC1185_q1.JPG,Zweite Bearbeitungsstufe Viertel,train,DSC1185,quarter_suffix_removed,.jpg,1824,1824,3
img_9083d49bfdfe318d,Zweite Bearbeitungsstufe Viertel/_DSC1185_q2.JPG,Zweite Bearbeitungsstufe Viertel,train,DSC1185,quarter_suffix_removed,.jpg,1824,1824,3
img_e39501cbadb9e1e3,Zweite Bearbeitungsstufe Viertel/_DSC1185_q3.JPG,Zweite Bearbeitungsstufe Viertel,train,DSC1185,quarter_suffix_removed,.jpg,1824,1824,3
img_c4376a1b7eb80a67,Zweite Bearbeitungsstufe Viertel/_DSC1185_q4.JPG,Zweite Bearbeitungsstufe Viertel,train,DSC1185,quarter_suffix_removed,.jpg,1824,1824,3
img_5e382b492960c364,Zweite Bearbeitungsstufe Viertel/_DSC1186_q1.JPG,Zweite Bearbeitungsstufe Viertel,train,DSC1186,quarter_suffix_removed,.jpg,1824,1824,3
img_4fa218114018e7a4,Zweite Bearbeitungsstufe Viertel/_DSC1186_q2.JPG,Zweite Bearbeitungsstufe Viertel,train,DSC1186,quarter_suffix_removed,.jpg,1824,1824,3
img_e72902a59e807933,Zweite Bearbeitungsstufe Viertel/_DSC1186_q3.JPG,Zweite Bearbeitungsstufe Viertel,train,DSC1186,quarter_suffix_removed,.jpg,1824,1824,3
img_577349b8532b61f6,Zweite Bearbeitungsstufe Viertel/_DSC1186_q4.JPG,Zweite Bearbeitungsstufe Viertel,train,DSC1186,quarter_suffix_removed,.jpg,1824,1824,3
img_6f6136a157b22b5c,Zweite Bearbeitungsstufe Viertel/_DSC1187_q1.JPG,Zweite Bearbeitungsstufe Viertel,train,DSC1187,quarter_suffix_removed,.jpg,1824,1824,3
img_b02f5d65f1cb0054,Zweite Bearbeitungsstufe Viertel/_DSC1187_q2.JPG,Zweite Bearbeitungsstufe Viertel,train,DSC1187,quarter_suffix_removed,.jpg,1824,1824,3
img_418be0f18dab0081,Zweite Bearbeitungsstufe Viertel/_DSC1187_q4.JPG,Zweite Bearbeitungsstufe Viertel,train,DSC1187,quarter_suffix_removed,.jpg,1824,1824,3
img_b17a839a3cfccfa0,Zweite Bearbeitungsstufe Viertel/_DSC1188_q1.JPG,Zweite Bearbeitungsstufe Viertel,val,DSC1188,quarter_suffix_removed,.jpg,1824,1824,3
img_cc2cc180f0fca730,Zweite Bearbeitungsstufe Viertel/_DSC1188_q2.JPG,Zweite Bearbeitungsstufe Viertel,val,DSC1188,quarter_suffix_removed,.jpg,1824,1824,3
img_965475c06a3ad2f9,Zweite Bearbeitungsstufe Viertel/_DSC1188_q3.JPG,Zweite Bearbeitungsstufe Viertel,val,DSC1188,quarter_suffix_removed,.jpg,1824,1824,3
img_fd2267347a78b536,Zweite Bearbeitungsstufe Viertel/_DSC1188_q4.JPG,Zweite Bearbeitungsstufe Viertel,val,DSC1188,quarter_suffix_removed,.jpg,1824,1824,3
img_d63c905d2fdd0b90,Zweite Bearbeitungsstufe Viertel/_DSC1189_q1.JPG,Zweite Bearbeitungsstufe Viertel,train,DSC1189,quarter_suffix_removed,.jpg,1824,1824,3
img_e551b11c01889727,Zweite Bearbeitungsstufe Viertel/_DSC1189_q2.JPG,Zweite Bearbeitungsstufe Viertel,train,DSC1189,quarter_suffix_removed,.jpg,1824,1824,3
img_39902f73289c32a6,Zweite Bearbeitungsstufe Viertel/_DSC1189_q3.JPG,Zweite Bearbeitungsstufe Viertel,train,DSC1189,quarter_suffix_removed,.jpg,1824,1824,3
img_4f774a2e0bb2bbee,Zweite Bearbeitungsstufe Viertel/_DSC1189_q4.JPG,Zweite Bearbeitungsstufe Viertel,train,DSC1189,quarter_suffix_removed,.jpg,1824,1824,3
img_1f221582f88bcd51,Zweite Bearbeitungsstufe Viertel/_DSC1190_q1.JPG,Zweite Bearbeitungsstufe Viertel,train,DSC1190,quarter_suffix_removed,.jpg,1824,1824,3
img_2f765016c3151070,Zweite Bearbeitungsstufe Viertel/_DSC1190_q2.JPG,Zweite Bearbeitungsstufe Viertel,train,DSC1190,quarter_suffix_removed,.jpg,1824,1824,3
img_a67000be37fb75e5,Zweite Bearbeitungsstufe Viertel/_DSC1190_q3.JPG,Zweite Bearbeitungsstufe Viertel,train,DSC1190,quarter_suffix_removed,.jpg,1824,1824,3
img_b544ad136726fe78,Zweite Bearbeitungsstufe Viertel/_DSC1190_q4.JPG,Zweite Bearbeitungsstufe Viertel,train,DSC1190,quarter_suffix_removed,.jpg,1824,1824,3
img_efb7998a541dde92,Zweite Bearbeitungsstufe Viertel/_DSC1191_q1.JPG,Zweite Bearbeitungsstufe Viertel,val,DSC1191,quarter_suffix_removed,.jpg,1824,1824,3
img_04aaa6871ac0abdd,Zweite Bearbeitungsstufe Viertel/_DSC1191_q2.JPG,Zweite Bearbeitungsstufe Viertel,val,DSC1191,quarter_suffix_removed,.jpg,1824,1824,3
img_e6230f6db2919c07,Zweite Bearbeitungsstufe Viertel/_DSC1191_q4.JPG,Zweite Bearbeitungsstufe Viertel,val,DSC1191,quarter_suffix_removed,.jpg,1824,1824,3
img_c4d884391920dd9b,Zweite Bearbeitungsstufe Viertel/_DSC1192_q3.JPG,Zweite Bearbeitungsstufe Viertel,val,DSC1192,quarter_suffix_removed,.jpg,1824,1824,3
img_41995d7df9271a66,Zweite Bearbeitungsstufe Viertel/_DSC1193_q1.JPG,Zweite Bearbeitungsstufe Viertel,train,DSC1193,quarter_suffix_removed,.jpg,1824,1824,3
img_bd05d9e90a9b6710,Zweite Bearbeitungsstufe Viertel/_DSC1193_q2.JPG,Zweite Bearbeitungsstufe Viertel,train,DSC1193,quarter_suffix_removed,.jpg,1824,1824,3
img_c8ae6ac7fecc27f9,Zweite Bearbeitungsstufe Viertel/_DSC1193_q3.JPG,Zweite Bearbeitungsstufe Viertel,train,DSC1193,quarter_suffix_removed,.jpg,1824,1824,3
img_990d8a890cbdc1c2,Zweite Bearbeitungsstufe Viertel/_DSC1195_q1.JPG,Zweite Bearbeitungsstufe Viertel,test,DSC1195,quarter_suffix_removed,.jpg,1824,1824,3
img_95a254252f7adb0a,Zweite Bearbeitungsstufe Viertel/_DSC1195_q2.JPG,Zweite Bearbeitungsstufe Viertel,test,DSC1195,quarter_suffix_removed,.jpg,1824,1824,3
img_420e10c2f601e80f,Zweite Bearbeitungsstufe Viertel/_DSC1195_q3.JPG,Zweite Bearbeitungsstufe Viertel,test,DSC1195,quarter_suffix_removed,.jpg,1824,1824,3
img_4a76890c4a0f5982,Zweite Bearbeitungsstufe Viertel/_DSC1195_q4.JPG,Zweite Bearbeitungsstufe Viertel,test,DSC1195,quarter_suffix_removed,.jpg,1824,1824,3
img_94f6e9f0128c4e4c,Zweite Bearbeitungsstufe Viertel/_DSC1196_q1.JPG,Zweite Bearbeitungsstufe Viertel,train,DSC1196,quarter_suffix_removed,.jpg,1824,1824,3
img_e7353a27c80e6f69,Zweite Bearbeitungsstufe Viertel/_DSC1196_q2.JPG,Zweite Bearbeitungsstufe Viertel,train,DSC1196,quarter_suffix_removed,.jpg,1824,1824,3
img_9a364849f6326108,Zweite Bearbeitungsstufe Viertel/_DSC1197_q1.JPG,Zweite Bearbeitungsstufe Viertel,train,DSC1197,quarter_suffix_removed,.jpg,1824,1824,3
img_13f5837e03680248,Zweite Bearbeitungsstufe Viertel/_DSC1197_q2.JPG,Zweite Bearbeitungsstufe Viertel,train,DSC1197,quarter_suffix_removed,.jpg,1824,1824,3
img_300d6a78c3187c32,Zweite Bearbeitungsstufe Viertel/_DSC1197_q3.JPG,Zweite Bearbeitungsstufe Viertel,train,DSC1197,quarter_suffix_removed,.jpg,1824,1824,3
img_51a659ed532e091b,Zweite Bearbeitungsstufe Viertel/_DSC1197_q4.JPG,Zweite Bearbeitungsstufe Viertel,train,DSC1197,quarter_suffix_removed,.jpg,1824,1824,3
img_f2aad7cfc89cf836,Zweite Bearbeitungsstufe Viertel/_DSC1198_q1.JPG,Zweite Bearbeitungsstufe Viertel,train,DSC1198,quarter_suffix_removed,.jpg,1824,1824,3
img_916b38417b573ca3,Zweite Bearbeitungsstufe Viertel/_DSC1198_q2.JPG,Zweite Bearbeitungsstufe Viertel,train,DSC1198,quarter_suffix_removed,.jpg,1824,1824,3
img_ff5544a8896f68ae,Zweite Bearbeitungsstufe Viertel/_DSC1198_q3.JPG,Zweite Bearbeitungsstufe Viertel,train,DSC1198,quarter_suffix_removed,.jpg,1824,1824,3
img_8ff9fe8526306824,Zweite Bearbeitungsstufe Viertel/_DSC1198_q4.JPG,Zweite Bearbeitungsstufe Viertel,train,DSC1198,quarter_suffix_removed,.jpg,1824,1824,3
img_9c5e57955d9e2e14,Zweite Bearbeitungsstufe Viertel/_DSC1199_q1.JPG,Zweite Bearbeitungsstufe Viertel,train,DSC1199,quarter_suffix_removed,.jpg,1824,1824,3
img_3864742976342c21,Zweite Bearbeitungsstufe Viertel/_DSC1199_q2.JPG,Zweite Bearbeitungsstufe Viertel,train,DSC1199,quarter_suffix_removed,.jpg,1824,1824,3
img_ad5ff4709356d44e,Zweite Bearbeitungsstufe Viertel/_DSC1199_q3.JPG,Zweite Bearbeitungsstufe Viertel,train,DSC1199,quarter_suffix_removed,.jpg,1824,1824,3
img_b617207c2ecc985e,Zweite Bearbeitungsstufe Viertel/_DSC1200_q1.JPG,Zweite Bearbeitungsstufe Viertel,train,DSC1200,quarter_suffix_removed,.jpg,1824,1824,3
img_c0d10cd266f55c26,Zweite Bearbeitungsstufe Viertel/_DSC1200_q2.JPG,Zweite Bearbeitungsstufe Viertel,train,DSC1200,quarter_suffix_removed,.jpg,1824,1824,3
img_5f7517d3855fd83c,Zweite Bearbeitungsstufe Viertel/_DSC1200_q3.JPG,Zweite Bearbeitungsstufe Viertel,train,DSC1200,quarter_suffix_removed,.jpg,1824,1824,3
img_20f88b0a340da016,Zweite Bearbeitungsstufe Viertel/_DSC1200_q4.JPG,Zweite Bearbeitungsstufe Viertel,train,DSC1200,quarter_suffix_removed,.jpg,1824,1824,3
img_2de566b0ef370f9a,Zweite Bearbeitungsstufe Viertel/_DSC1201_q1.JPG,Zweite Bearbeitungsstufe Viertel,train,DSC1201,quarter_suffix_removed,.jpg,1824,1824,3
img_7d2019eca219068b,Zweite Bearbeitungsstufe Viertel/_DSC1201_q2.JPG,Zweite Bearbeitungsstufe Viertel,train,DSC1201,quarter_suffix_removed,.jpg,1824,1824,3
img_25498b1a7dc4f5ea,Zweite Bearbeitungsstufe Viertel/_DSC1201_q3.JPG,Zweite Bearbeitungsstufe Viertel,train,DSC1201,quarter_suffix_removed,.jpg,1824,1824,3
img_55307aee5664824f,Zweite Bearbeitungsstufe Viertel/_DSC1202_q2.JPG,Zweite Bearbeitungsstufe Viertel,test,DSC1202,quarter_suffix_removed,.jpg,1824,1824,3
img_15f4a64ab38fd20c,Zweite Bearbeitungsstufe Viertel/_DSC1202_q3.JPG,Zweite Bearbeitungsstufe Viertel,test,DSC1202,quarter_suffix_removed,.jpg,1824,1824,3
img_ee85cce9aecbd94a,Zweite Bearbeitungsstufe Viertel/_DSC1202_q4.JPG,Zweite Bearbeitungsstufe Viertel,test,DSC1202,quarter_suffix_removed,.jpg,1824,1824,3
img_6da2b04fac8f147e,Zweite Bearbeitungsstufe Viertel/_DSC1203_q1.JPG,Zweite Bearbeitungsstufe Viertel,val,DSC1203,quarter_suffix_removed,.jpg,1824,1824,3
img_805b4d20f7800fda,Zweite Bearbeitungsstufe Viertel/_DSC1203_q2.JPG,Zweite Bearbeitungsstufe Viertel,val,DSC1203,quarter_suffix_removed,.jpg,1824,1824,3
img_e8430cab94d865cf,Zweite Bearbeitungsstufe Viertel/_DSC1203_q3.JPG,Zweite Bearbeitungsstufe Viertel,val,DSC1203,quarter_suffix_removed,.jpg,1824,1824,3
img_045bfafd5eaa04ad,Zweite Bearbeitungsstufe Viertel/_DSC1203_q4.JPG,Zweite Bearbeitungsstufe Viertel,val,DSC1203,quarter_suffix_removed,.jpg,1824,1824,3
img_a44abbac57d2479d,Zweite Bearbeitungsstufe Viertel/_DSC1204_q1.JPG,Zweite Bearbeitungsstufe Viertel,train,DSC1204,quarter_suffix_removed,.jpg,1824,1824,3
img_06625bdcd533699b,Zweite Bearbeitungsstufe Viertel/_DSC1204_q2.JPG,Zweite Bearbeitungsstufe Viertel,train,DSC1204,quarter_suffix_removed,.jpg,1824,1824,3
img_518e680743e6fb66,Zweite Bearbeitungsstufe Viertel/_DSC1204_q3.JPG,Zweite Bearbeitungsstufe Viertel,train,DSC1204,quarter_suffix_removed,.jpg,1824,1824,3
img_dbc71fd544cd52ed,Zweite Bearbeitungsstufe Viertel/_DSC1205_q1.JPG,Zweite Bearbeitungsstufe Viertel,train,DSC1205,quarter_suffix_removed,.jpg,1824,1824,3
img_4d210b1d069ea6ba,Zweite Bearbeitungsstufe Viertel/_DSC1205_q2.JPG,Zweite Bearbeitungsstufe Viertel,train,DSC1205,quarter_suffix_removed,.jpg,1824,1824,3
img_ed66736769d8347d,Zweite Bearbeitungsstufe Viertel/_DSC1205_q3.JPG,Zweite Bearbeitungsstufe Viertel,train,DSC1205,quarter_suffix_removed,.jpg,1824,1824,3
img_bf63a0623cd6fba3,Zweite Bearbeitungsstufe Viertel/_DSC1205_q4.JPG,Zweite Bearbeitungsstufe Viertel,train,DSC1205,quarter_suffix_removed,.jpg,1824,1824,3
img_8fc1c81901506b53,Zweite Bearbeitungsstufe Viertel/_DSC1207_q1.JPG,Zweite Bearbeitungsstufe Viertel,test,DSC1207,quarter_suffix_removed,.jpg,1824,1824,3
img_9f73f3490e6a8e9c,Zweite Bearbeitungsstufe Viertel/_DSC1207_q2.JPG,Zweite Bearbeitungsstufe Viertel,test,DSC1207,quarter_suffix_removed,.jpg,1824,1824,3
img_ff57ecf641df2cb7,Zweite Bearbeitungsstufe Viertel/_DSC1207_q3.JPG,Zweite Bearbeitungsstufe Viertel,test,DSC1207,quarter_suffix_removed,.jpg,1824,1824,3
img_f5e79fff72b09db5,Zweite Bearbeitungsstufe Viertel/_DSC1207_q4.JPG,Zweite Bearbeitungsstufe Viertel,test,DSC1207,quarter_suffix_removed,.jpg,1824,1824,3
img_f209e3103f125aef,Zweite Bearbeitungsstufe Viertel/_DSC1208_q1.JPG,Zweite Bearbeitungsstufe Viertel,train,DSC1208,quarter_suffix_removed,.jpg,1824,1824,3
img_5dd37b66d90fbddb,Zweite Bearbeitungsstufe Viertel/_DSC1208_q2.JPG,Zweite Bearbeitungsstufe Viertel,train,DSC1208,quarter_suffix_removed,.jpg,1824,1824,3
img_9b927963192e66a0,Zweite Bearbeitungsstufe Viertel/_DSC1208_q3.JPG,Zweite Bearbeitungsstufe Viertel,train,DSC1208,quarter_suffix_removed,.jpg,1824,1824,3
img_9d88df94e70eb886,Zweite Bearbeitungsstufe Viertel/_DSC1208_q4.JPG,Zweite Bearbeitungsstufe Viertel,train,DSC1208,quarter_suffix_removed,.jpg,1824,1824,3
img_2ee5b9a211a6664d,Zweite Bearbeitungsstufe Viertel/_DSC1209_q1.JPG,Zweite Bearbeitungsstufe Viertel,val,DSC1209,quarter_suffix_removed,.jpg,1824,1824,3
img_83a85fbfaf93ca4c,Zweite Bearbeitungsstufe Viertel/_DSC1209_q2.JPG,Zweite Bearbeitungsstufe Viertel,val,DSC1209,quarter_suffix_removed,.jpg,1824,1824,3
img_8c31a6d66aa05018,Zweite Bearbeitungsstufe Viertel/_DSC1209_q3.JPG,Zweite Bearbeitungsstufe Viertel,val,DSC1209,quarter_suffix_removed,.jpg,1824,1824,3
img_104385712730bea6,Zweite Bearbeitungsstufe Viertel/_DSC1210_q1.JPG,Zweite Bearbeitungsstufe Viertel,train,DSC1210,quarter_suffix_removed,.jpg,1824,1824,3
img_54d1ea18065da4a2,Zweite Bearbeitungsstufe Viertel/_DSC1210_q2.JPG,Zweite Bearbeitungsstufe Viertel,train,DSC1210,quarter_suffix_removed,.jpg,1824,1824,3
img_7acf07816dc64d2a,Zweite Bearbeitungsstufe Viertel/_DSC1210_q3.JPG,Zweite Bearbeitungsstufe Viertel,train,DSC1210,quarter_suffix_removed,.jpg,1824,1824,3
img_ee90470fa573619d,Zweite Bearbeitungsstufe Viertel/_DSC1210_q4.JPG,Zweite Bearbeitungsstufe Viertel,train,DSC1210,quarter_suffix_removed,.jpg,1824,1824,3
img_d5819e31054fdfb7,Zweite Bearbeitungsstufe Viertel/_DSC1211_q1.JPG,Zweite Bearbeitungsstufe Viertel,train,DSC1211,quarter_suffix_removed,.jpg,1824,1824,3
img_9c4640b02cd5efc8,Zweite Bearbeitungsstufe Viertel/_DSC1211_q2.JPG,Zweite Bearbeitungsstufe Viertel,train,DSC1211,quarter_suffix_removed,.jpg,1824,1824,3
img_beb556296e13aef7,Zweite Bearbeitungsstufe Viertel/_DSC1211_q3.JPG,Zweite Bearbeitungsstufe Viertel,train,DSC1211,quarter_suffix_removed,.jpg,1824,1824,3
img_d834d72cd1882df1,Zweite Bearbeitungsstufe Viertel/_DSC1211_q4.JPG,Zweite Bearbeitungsstufe Viertel,train,DSC1211,quarter_suffix_removed,.jpg,1824,1824,3
img_784a3c32de933a4d,Zweite Bearbeitungsstufe Viertel/_DSC1212_q1.JPG,Zweite Bearbeitungsstufe Viertel,train,DSC1212,quarter_suffix_removed,.jpg,1824,1824,3
img_a732776c6886d9a2,Zweite Bearbeitungsstufe Viertel/_DSC1212_q2.JPG,Zweite Bearbeitungsstufe Viertel,train,DSC1212,quarter_suffix_removed,.jpg,1824,1824,3
img_64ed9bf610a5937e,Zweite Bearbeitungsstufe Viertel/_DSC1212_q4.JPG,Zweite Bearbeitungsstufe Viertel,train,DSC1212,quarter_suffix_removed,.jpg,1824,1824,3
img_c72133e78fcf1322,Zweite Bearbeitungsstufe Viertel/_DSC1213_q1.JPG,Zweite Bearbeitungsstufe Viertel,test,DSC1213,quarter_suffix_removed,.jpg,1824,1824,3
img_138a51cf2d58544c,Zweite Bearbeitungsstufe Viertel/_DSC1213_q2.JPG,Zweite Bearbeitungsstufe Viertel,test,DSC1213,quarter_suffix_removed,.jpg,1824,1824,3
img_500ef227a7a8fecb,Zweite Bearbeitungsstufe Viertel/_DSC1214_q1.JPG,Zweite Bearbeitungsstufe Viertel,train,DSC1214,quarter_suffix_removed,.jpg,1824,1824,3
img_82f7e0320ec3a3d1,Zweite Bearbeitungsstufe Viertel/_DSC1214_q2.JPG,Zweite Bearbeitungsstufe Viertel,train,DSC1214,quarter_suffix_removed,.jpg,1824,1824,3
img_9fbe2d5b3c2918e1,Zweite Bearbeitungsstufe Viertel/_DSC1214_q3.JPG,Zweite Bearbeitungsstufe Viertel,train,DSC1214,quarter_suffix_removed,.jpg,1824,1824,3
img_5a0cb1bbe0de9a97,Zweite Bearbeitungsstufe Viertel/_DSC1215_q1.JPG,Zweite Bearbeitungsstufe Viertel,train,DSC1215,quarter_suffix_removed,.jpg,1824,1824,3
img_8c6d27784a47029d,Zweite Bearbeitungsstufe Viertel/_DSC1215_q2.JPG,Zweite Bearbeitungsstufe Viertel,train,DSC1215,quarter_suffix_removed,.jpg,1824,1824,3
img_738e99a4e133e5fe,Zweite Bearbeitungsstufe Viertel/_DSC1215_q4.JPG,Zweite Bearbeitungsstufe Viertel,train,DSC1215,quarter_suffix_removed,.jpg,1824,1824,3
img_ebc0cf8109447b1e,Zweite Bearbeitungsstufe Viertel/_DSC1216_q1.JPG,Zweite Bearbeitungsstufe Viertel,train,DSC1216,quarter_suffix_removed,.jpg,1824,1824,3
img_cc17674c89deaf63,Zweite Bearbeitungsstufe Viertel/_DSC1216_q2.JPG,Zweite Bearbeitungsstufe Viertel,train,DSC1216,quarter_suffix_removed,.jpg,1824,1824,3
img_dcb7f2a49df40fcd,Zweite Bearbeitungsstufe Viertel/_DSC1230_q2.JPG,Zweite Bearbeitungsstufe Viertel,train,DSC1230,quarter_suffix_removed,.jpg,1824,1824,3
img_80926bdb217bf991,Zweite Bearbeitungsstufe Viertel/_DSC1230_q3.JPG,Zweite Bearbeitungsstufe Viertel,train,DSC1230,quarter_suffix_removed,.jpg,1824,1824,3
img_68bbae820f0d013f,Zweite Bearbeitungsstufe Viertel/_DSC1230_q4.JPG,Zweite Bearbeitungsstufe Viertel,train,DSC1230,quarter_suffix_removed,.jpg,1824,1824,3
img_5567b7d7774856aa,Zweite Bearbeitungsstufe Viertel/_DSC1231_q1.JPG,Zweite Bearbeitungsstufe Viertel,train,DSC1231,quarter_suffix_removed,.jpg,1824,1824,3
img_7d7d5b4056139d9b,Zweite Bearbeitungsstufe Viertel/_DSC1231_q2.JPG,Zweite Bearbeitungsstufe Viertel,train,DSC1231,quarter_suffix_removed,.jpg,1824,1824,3
img_68d46c471b31be7d,Zweite Bearbeitungsstufe Viertel/_DSC1231_q3.JPG,Zweite Bearbeitungsstufe Viertel,train,DSC1231,quarter_suffix_removed,.jpg,1824,1824,3
img_3f12ab1041bdf331,Zweite Bearbeitungsstufe Viertel/_DSC1231_q4.JPG,Zweite Bearbeitungsstufe Viertel,train,DSC1231,quarter_suffix_removed,.jpg,1824,1824,3
img_f89be29474237b92,Zweite Bearbeitungsstufe Viertel/_DSC1287_q2.JPG,Zweite Bearbeitungsstufe Viertel,val,DSC1287,quarter_suffix_removed,.jpg,1824,1824,3
img_75e7b1ba331c5040,Zweite Bearbeitungsstufe Viertel/_DSC1287_q3.JPG,Zweite Bearbeitungsstufe Viertel,val,DSC1287,quarter_suffix_removed,.jpg,1824,1824,3
img_18796055783bb4ad,Zweite Bearbeitungsstufe Viertel/_DSC1287_q4.JPG,Zweite Bearbeitungsstufe Viertel,val,DSC1287,quarter_suffix_removed,.jpg,1824,1824,3
img_c9e9a393c3813a8a,Zweite Bearbeitungsstufe Viertel/_DSC1288_q1.JPG,Zweite Bearbeitungsstufe Viertel,test,DSC1288,quarter_suffix_removed,.jpg,1824,1824,3
img_e0cae8936dacffa3,Zweite Bearbeitungsstufe Viertel/_DSC1288_q2.JPG,Zweite Bearbeitungsstufe Viertel,test,DSC1288,quarter_suffix_removed,.jpg,1824,1824,3
img_1fa3541a6dd412e9,Zweite Bearbeitungsstufe Viertel/_DSC1288_q3.JPG,Zweite Bearbeitungsstufe Viertel,test,DSC1288,quarter_suffix_removed,.jpg,1824,1824,3
img_135fc358fedc5d19,Zweite Bearbeitungsstufe Viertel/_DSC1288_q4.JPG,Zweite Bearbeitungsstufe Viertel,test,DSC1288,quarter_suffix_removed,.jpg,1824,1824,3
img_a8d172aa7125009d,Zweite Bearbeitungsstufe Viertel/_DSC1289_q1.JPG,Zweite Bearbeitungsstufe Viertel,train,DSC1289,quarter_suffix_removed,.jpg,1824,1824,3
img_68bc43d7f3a13c27,Zweite Bearbeitungsstufe Viertel/_DSC1289_q3.JPG,Zweite Bearbeitungsstufe Viertel,train,DSC1289,quarter_suffix_removed,.jpg,1824,1824,3
img_12c0f7aa28067b5e,Zweite Bearbeitungsstufe Viertel/_DSC1290_q1.JPG,Zweite Bearbeitungsstufe Viertel,train,DSC1290,quarter_suffix_removed,.jpg,1824,1824,3
img_e5bd822a3ac792b4,Zweite Bearbeitungsstufe Viertel/_DSC1292_q2.JPG,Zweite Bearbeitungsstufe Viertel,train,DSC1292,quarter_suffix_removed,.jpg,1824,1824,3
img_0b6a99b66eb72bc2,Zweite Bearbeitungsstufe Viertel/_DSC1292_q4.JPG,Zweite Bearbeitungsstufe Viertel,train,DSC1292,quarter_suffix_removed,.jpg,1824,1824,3
img_44e30b0b44bff86f,Zweite Bearbeitungsstufe Viertel/_DSC1493_q1.JPG,Zweite Bearbeitungsstufe Viertel,val,DSC1493,quarter_suffix_removed,.jpg,1824,1824,3
img_866ba06c11d92c13,Zweite Bearbeitungsstufe Viertel/_DSC1493_q2.JPG,Zweite Bearbeitungsstufe Viertel,val,DSC1493,quarter_suffix_removed,.jpg,1824,1824,3
img_cfe4eed560d09883,Zweite Bearbeitungsstufe Viertel/_DSC1493_q3.JPG,Zweite Bearbeitungsstufe Viertel,val,DSC1493,quarter_suffix_removed,.jpg,1824,1824,3
img_9638242a3f52b07c,Zweite Bearbeitungsstufe Viertel/_DSC1493_q4.JPG,Zweite Bearbeitungsstufe Viertel,val,DSC1493,quarter_suffix_removed,.jpg,1824,1824,3
img_4bf6cf96f68db012,Zweite Bearbeitungsstufe Viertel/_DSC1494_q3.JPG,Zweite Bearbeitungsstufe Viertel,train,DSC1494,quarter_suffix_removed,.jpg,1824,1824,3
img_b7d1012a0e714283,Zweite Bearbeitungsstufe Viertel/_DSC1494_q4.JPG,Zweite Bearbeitungsstufe Viertel,train,DSC1494,quarter_suffix_removed,.jpg,1824,1824,3
img_9920feb5897aa866,Zweite Bearbeitungsstufe Viertel/_DSC1495_q1.JPG,Zweite Bearbeitungsstufe Viertel,train,DSC1495,quarter_suffix_removed,.jpg,1824,1824,3
img_1df571b50cd28c99,Zweite Bearbeitungsstufe Viertel/_DSC1495_q2.JPG,Zweite Bearbeitungsstufe Viertel,train,DSC1495,quarter_suffix_removed,.jpg,1824,1824,3
img_51b7c9a63352488f,Zweite Bearbeitungsstufe Viertel/_DSC1495_q3.JPG,Zweite Bearbeitungsstufe Viertel,train,DSC1495,quarter_suffix_removed,.jpg,1824,1824,3
img_cc109635da2cc35f,Zweite Bearbeitungsstufe Viertel/_DSC1495_q4.JPG,Zweite Bearbeitungsstufe Viertel,train,DSC1495,quarter_suffix_removed,.jpg,1824,1824,3
img_a1c7f16465cb28f2,Zweite Bearbeitungsstufe Viertel/_DSC1496_q1.JPG,Zweite Bearbeitungsstufe Viertel,train,DSC1496,quarter_suffix_removed,.jpg,1824,1824,3
img_274216163cbb9ef3,Zweite Bearbeitungsstufe Viertel/_DSC1496_q2.JPG,Zweite Bearbeitungsstufe Viertel,train,DSC1496,quarter_suffix_removed,.jpg,1824,1824,3
img_50ad642f2d4e1d21,Zweite Bearbeitungsstufe Viertel/_DSC1496_q3.JPG,Zweite Bearbeitungsstufe Viertel,train,DSC1496,quarter_suffix_removed,.jpg,1824,1824,3
img_5e515ab3712788c9,Zweite Bearbeitungsstufe Viertel/_DSC1496_q4.JPG,Zweite Bearbeitungsstufe Viertel,train,DSC1496,quarter_suffix_removed,.jpg,1824,1824,3
img_f388888a533fbec6,Zweite Bearbeitungsstufe Viertel/_DSC1498_q1.JPG,Zweite Bearbeitungsstufe Viertel,train,DSC1498,quarter_suffix_removed,.jpg,1824,1824,3
img_47cbca91ed80dbcf,Zweite Bearbeitungsstufe Viertel/_DSC1498_q2.JPG,Zweite Bearbeitungsstufe Viertel,train,DSC1498,quarter_suffix_removed,.jpg,1824,1824,3
img_2915f5211c30a121,Zweite Bearbeitungsstufe Viertel/_DSC1498_q4.JPG,Zweite Bearbeitungsstufe Viertel,train,DSC1498,quarter_suffix_removed,.jpg,1824,1824,3
img_9235e149615a5d0e,Zweite Bearbeitungsstufe Viertel/_DSC1499_q1.JPG,Zweite Bearbeitungsstufe Viertel,train,DSC1499,quarter_suffix_removed,.jpg,1824,1824,3
img_5bd63903e26581e3,Zweite Bearbeitungsstufe Viertel/_DSC1499_q2.JPG,Zweite Bearbeitungsstufe Viertel,train,DSC1499,quarter_suffix_removed,.jpg,1824,1824,3
img_76694249c3169534,Zweite Bearbeitungsstufe Viertel/_DSC1499_q3.JPG,Zweite Bearbeitungsstufe Viertel,train,DSC1499,quarter_suffix_removed,.jpg,1824,1824,3
img_d9c90cc227b56349,Zweite Bearbeitungsstufe Viertel/_DSC1500_q1.JPG,Zweite Bearbeitungsstufe Viertel,test,DSC1500,quarter_suffix_removed,.jpg,1824,1824,3
img_8de58a332106286d,Zweite Bearbeitungsstufe Viertel/_DSC1500_q2.JPG,Zweite Bearbeitungsstufe Viertel,test,DSC1500,quarter_suffix_removed,.jpg,1824,1824,3
img_bfa9bf2c3504c723,Zweite Bearbeitungsstufe Viertel/_DSC1500_q3.JPG,Zweite Bearbeitungsstufe Viertel,test,DSC1500,quarter_suffix_removed,.jpg,1824,1824,3
img_5023d0e9697bf58d,Zweite Bearbeitungsstufe Viertel/_DSC1501_q1.JPG,Zweite Bearbeitungsstufe Viertel,val,DSC1501,quarter_suffix_removed,.jpg,1824,1824,3
img_8cabab8c99f0b972,Zweite Bearbeitungsstufe Viertel/_DSC1501_q2.JPG,Zweite Bearbeitungsstufe Viertel,val,DSC1501,quarter_suffix_removed,.jpg,1824,1824,3
img_01476fed54cf7198,Zweite Bearbeitungsstufe Viertel/_DSC1501_q4.JPG,Zweite Bearbeitungsstufe Viertel,val,DSC1501,quarter_suffix_removed,.jpg,1824,1824,3
img_cbefce50d53a2ef8,Zweite Bearbeitungsstufe Viertel/_DSC1502_q1.JPG,Zweite Bearbeitungsstufe Viertel,train,DSC1502,quarter_suffix_removed,.jpg,1824,1824,3
img_41ca335baf692487,Zweite Bearbeitungsstufe Viertel/_DSC1502_q2.JPG,Zweite Bearbeitungsstufe Viertel,train,DSC1502,quarter_suffix_removed,.jpg,1824,1824,3
img_63ffecad4847deaa,Zweite Bearbeitungsstufe Viertel/_DSC1502_q3.JPG,Zweite Bearbeitungsstufe Viertel,train,DSC1502,quarter_suffix_removed,.jpg,1824,1824,3
img_1be7b641452b3023,Zweite Bearbeitungsstufe Viertel/_DSC1502_q4.JPG,Zweite Bearbeitungsstufe Viertel,train,DSC1502,quarter_suffix_removed,.jpg,1824,1824,3
img_0a3dbb554f7ab6c2,Zweite Bearbeitungsstufe Viertel/_DSC1503_q1.JPG,Zweite Bearbeitungsstufe Viertel,train,DSC1503,quarter_suffix_removed,.jpg,1824,1824,3
img_c57698f7f175d7dc,Zweite Bearbeitungsstufe Viertel/_DSC1503_q3.JPG,Zweite Bearbeitungsstufe Viertel,train,DSC1503,quarter_suffix_removed,.jpg,1824,1824,3
img_85b7eeee597856c0,Zweite Bearbeitungsstufe Viertel/_DSC1503_q4.JPG,Zweite Bearbeitungsstufe Viertel,train,DSC1503,quarter_suffix_removed,.jpg,1824,1824,3
img_cc7c72cc63811712,Zweite Bearbeitungsstufe Viertel/_DSC1504_q2.JPG,Zweite Bearbeitungsstufe Viertel,train,DSC1504,quarter_suffix_removed,.jpg,1824,1824,3
img_338bd1b9eaef7393,Zweite Bearbeitungsstufe Viertel/_DSC1504_q3.JPG,Zweite Bearbeitungsstufe Viertel,train,DSC1504,quarter_suffix_removed,.jpg,1824,1824,3
img_8b162e760f5035ae,Zweite Bearbeitungsstufe Viertel/_DSC1504_q4.JPG,Zweite Bearbeitungsstufe Viertel,train,DSC1504,quarter_suffix_removed,.jpg,1824,1824,3
img_406d6811ea9d77a9,Zweite Bearbeitungsstufe Viertel/_DSC1505_q3.JPG,Zweite Bearbeitungsstufe Viertel,val,DSC1505,quarter_suffix_removed,.jpg,1824,1824,3
img_debd9fbd2952e603,Zweite Bearbeitungsstufe Viertel/_DSC1505_q4.JPG,Zweite Bearbeitungsstufe Viertel,val,DSC1505,quarter_suffix_removed,.jpg,1824,1824,3
img_ddc5c0419c8ee4df,Zweite Bearbeitungsstufe Viertel/_DSC1506_q1.JPG,Zweite Bearbeitungsstufe Viertel,train,DSC1506,quarter_suffix_removed,.jpg,1824,1824,3
img_39ceb361fad8ed37,Zweite Bearbeitungsstufe Viertel/_DSC1506_q2.JPG,Zweite Bearbeitungsstufe Viertel,train,DSC1506,quarter_suffix_removed,.jpg,1824,1824,3
img_1dc8014a0133d1a0,Zweite Bearbeitungsstufe Viertel/_DSC1507_q1.JPG,Zweite Bearbeitungsstufe Viertel,train,DSC1507,quarter_suffix_removed,.jpg,1824,1824,3
img_4bc108604de7ecf8,Zweite Bearbeitungsstufe Viertel/_DSC1509_q1.JPG,Zweite Bearbeitungsstufe Viertel,test,DSC1509,quarter_suffix_removed,.jpg,1824,1824,3
img_c3bb8fee789b815d,Zweite Bearbeitungsstufe Viertel/_DSC1510_q2.JPG,Zweite Bearbeitungsstufe Viertel,train,DSC1510,quarter_suffix_removed,.jpg,1824,1824,3
img_85385b9ec08d57f0,Zweite Bearbeitungsstufe Viertel/_DSC1510_q4.JPG,Zweite Bearbeitungsstufe Viertel,train,DSC1510,quarter_suffix_removed,.jpg,1824,1824,3
img_c6b0c95b8f700ed4,Zweite Bearbeitungsstufe Viertel/_DSC1511_q1.JPG,Zweite Bearbeitungsstufe Viertel,train,DSC1511,quarter_suffix_removed,.jpg,1824,1824,3
img_bfd515d2ec178f41,Zweite Bearbeitungsstufe Viertel/_DSC1511_q2.JPG,Zweite Bearbeitungsstufe Viertel,train,DSC1511,quarter_suffix_removed,.jpg,1824,1824,3
img_8623805072f7d89c,Zweite Bearbeitungsstufe Viertel/_DSC1511_q3.JPG,Zweite Bearbeitungsstufe Viertel,train,DSC1511,quarter_suffix_removed,.jpg,1824,1824,3
img_dc80faa201eb8937,Zweite Bearbeitungsstufe Viertel/_DSC1512_q1.JPG,Zweite Bearbeitungsstufe Viertel,test,DSC1512,quarter_suffix_removed,.jpg,1824,1824,3
img_58311bbfd36db248,Zweite Bearbeitungsstufe Viertel/_DSC1512_q2.JPG,Zweite Bearbeitungsstufe Viertel,test,DSC1512,quarter_suffix_removed,.jpg,1824,1824,3
img_7bee59cd0f995193,Zweite Bearbeitungsstufe Viertel/_DSC1512_q3.JPG,Zweite Bearbeitungsstufe Viertel,test,DSC1512,quarter_suffix_removed,.jpg,1824,1824,3
img_51ae34b20e5074bc,Zweite Bearbeitungsstufe Viertel/_DSC1512_q4.JPG,Zweite Bearbeitungsstufe Viertel,test,DSC1512,quarter_suffix_removed,.jpg,1824,1824,3
img_1f3de013f763ccf4,Zweite Bearbeitungsstufe Viertel/_DSC1513_q1.JPG,Zweite Bearbeitungsstufe Viertel,train,DSC1513,quarter_suffix_removed,.jpg,1824,1824,3
img_26baa15b6fb1888c,Zweite Bearbeitungsstufe Viertel/_DSC1513_q2.JPG,Zweite Bearbeitungsstufe Viertel,train,DSC1513,quarter_suffix_removed,.jpg,1824,1824,3
img_8131b464893e1a24,Zweite Bearbeitungsstufe Viertel/_DSC1513_q3.JPG,Zweite Bearbeitungsstufe Viertel,train,DSC1513,quarter_suffix_removed,.jpg,1824,1824,3
img_25f21e483a04b40f,Zweite Bearbeitungsstufe Viertel/_DSC1513_q4.JPG,Zweite Bearbeitungsstufe Viertel,train,DSC1513,quarter_suffix_removed,.jpg,1824,1824,3
img_12c69aefa3084f7c,Zweite Bearbeitungsstufe Viertel/_DSC1514_q1.JPG,Zweite Bearbeitungsstufe Viertel,val,DSC1514,quarter_suffix_removed,.jpg,1824,1824,3
img_f476f25f044d57cd,Zweite Bearbeitungsstufe Viertel/_DSC1514_q2.JPG,Zweite Bearbeitungsstufe Viertel,val,DSC1514,quarter_suffix_removed,.jpg,1824,1824,3
img_1b6106d31442e3cb,Zweite Bearbeitungsstufe Viertel/_DSC1514_q3.JPG,Zweite Bearbeitungsstufe Viertel,val,DSC1514,quarter_suffix_removed,.jpg,1824,1824,3
img_ca5151c2d3739412,Zweite Bearbeitungsstufe Viertel/_DSC1514_q4.JPG,Zweite Bearbeitungsstufe Viertel,val,DSC1514,quarter_suffix_removed,.jpg,1824,1824,3
img_d1aed6f35bc6e8bf,Zweite Bearbeitungsstufe Viertel/_DSC1515_q1.JPG,Zweite Bearbeitungsstufe Viertel,train,DSC1515,quarter_suffix_removed,.jpg,1824,1824,3
img_24312857c8425847,Zweite Bearbeitungsstufe Viertel/_DSC1515_q2.JPG,Zweite Bearbeitungsstufe Viertel,train,DSC1515,quarter_suffix_removed,.jpg,1824,1824,3
img_bc57bb49753d7dc1,Zweite Bearbeitungsstufe Viertel/_DSC1515_q3.JPG,Zweite Bearbeitungsstufe Viertel,train,DSC1515,quarter_suffix_removed,.jpg,1824,1824,3
img_a65e5c09e98968fd,Zweite Bearbeitungsstufe Viertel/_DSC1517_q1.JPG,Zweite Bearbeitungsstufe Viertel,test,DSC1517,quarter_suffix_removed,.jpg,1824,1824,3
img_c35ebc93eefbc9e8,Zweite Bearbeitungsstufe Viertel/_DSC1517_q2.JPG,Zweite Bearbeitungsstufe Viertel,test,DSC1517,quarter_suffix_removed,.jpg,1824,1824,3
img_c44d1497d68efd12,Zweite Bearbeitungsstufe Viertel/_DSC1517_q3.JPG,Zweite Bearbeitungsstufe Viertel,test,DSC1517,quarter_suffix_removed,.jpg,1824,1824,3
img_0e6309b7f3ee01e9,Zweite Bearbeitungsstufe Viertel/_DSC1518_q1.JPG,Zweite Bearbeitungsstufe Viertel,train,DSC1518,quarter_suffix_removed,.jpg,1824,1824,3
img_e3d2e5b3fdbe25b5,Zweite Bearbeitungsstufe Viertel/_DSC1518_q3.JPG,Zweite Bearbeitungsstufe Viertel,train,DSC1518,quarter_suffix_removed,.jpg,1824,1824,3
img_29915c2890a388d7,Zweite Bearbeitungsstufe Viertel/_DSC1518_q4.JPG,Zweite Bearbeitungsstufe Viertel,train,DSC1518,quarter_suffix_removed,.jpg,1824,1824,3
img_dc92df9b3d03016f,Zweite Bearbeitungsstufe Viertel/_DSC1519_q1.JPG,Zweite Bearbeitungsstufe Viertel,test,DSC1519,quarter_suffix_removed,.jpg,1824,1824,3
img_338a565f6bcdd4ae,Zweite Bearbeitungsstufe Viertel/_DSC1519_q2.JPG,Zweite Bearbeitungsstufe Viertel,test,DSC1519,quarter_suffix_removed,.jpg,1824,1824,3
img_ae468697d60641db,Zweite Bearbeitungsstufe Viertel/_DSC1520_q1.JPG,Zweite Bearbeitungsstufe Viertel,val,DSC1520,quarter_suffix_removed,.jpg,1824,1824,3
img_043a090d28ce8133,Zweite Bearbeitungsstufe Viertel/_DSC1520_q3.JPG,Zweite Bearbeitungsstufe Viertel,val,DSC1520,quarter_suffix_removed,.jpg,1824,1824,3
img_2b16bb1b1bb02703,Zweite Bearbeitungsstufe Viertel/_DSC1520_q4.JPG,Zweite Bearbeitungsstufe Viertel,val,DSC1520,quarter_suffix_removed,.jpg,1824,1824,3
img_f1ac3f796374b6c4,Zweite Bearbeitungsstufe Viertel/_DSC1521_q1.JPG,Zweite Bearbeitungsstufe Viertel,train,DSC1521,quarter_suffix_removed,.jpg,1824,1824,3
img_bbfb8ab9f3f2e484,Zweite Bearbeitungsstufe Viertel/_DSC1521_q2.JPG,Zweite Bearbeitungsstufe Viertel,train,DSC1521,quarter_suffix_removed,.jpg,1824,1824,3
img_eb15fac556abb7ee,Zweite Bearbeitungsstufe Viertel/_DSC1521_q3.JPG,Zweite Bearbeitungsstufe Viertel,train,DSC1521,quarter_suffix_removed,.jpg,1824,1824,3
img_85ba75b513032e4f,Zweite Bearbeitungsstufe Viertel/_DSC1521_q4.JPG,Zweite Bearbeitungsstufe Viertel,train,DSC1521,quarter_suffix_removed,.jpg,1824,1824,3
img_eee1c5ad768b40a6,Zweite Bearbeitungsstufe Viertel/_DSC1522_q1.JPG,Zweite Bearbeitungsstufe Viertel,train,DSC1522,quarter_suffix_removed,.jpg,1824,1824,3
img_a9c3bb6fa7ca6823,Zweite Bearbeitungsstufe Viertel/_DSC1522_q2.JPG,Zweite Bearbeitungsstufe Viertel,train,DSC1522,quarter_suffix_removed,.jpg,1824,1824,3
img_24a5378267bb49ab,Zweite Bearbeitungsstufe Viertel/_DSC1522_q4.JPG,Zweite Bearbeitungsstufe Viertel,train,DSC1522,quarter_suffix_removed,.jpg,1824,1824,3
img_876edc78f7c48abf,Zweite Bearbeitungsstufe Viertel/_DSC1523_q1.JPG,Zweite Bearbeitungsstufe Viertel,train,DSC1523,quarter_suffix_removed,.jpg,1824,1824,3
img_a302473e3f3976ca,Zweite Bearbeitungsstufe Viertel/_DSC1523_q2.JPG,Zweite Bearbeitungsstufe Viertel,train,DSC1523,quarter_suffix_removed,.jpg,1824,1824,3
img_013ffa39ce9b5f43,Zweite Bearbeitungsstufe Viertel/_DSC1525_q1.JPG,Zweite Bearbeitungsstufe Viertel,train,DSC1525,quarter_suffix_removed,.jpg,1824,1824,3
img_9ca05c343db233c6,Zweite Bearbeitungsstufe Viertel/_DSC1525_q3.JPG,Zweite Bearbeitungsstufe Viertel,train,DSC1525,quarter_suffix_removed,.jpg,1824,1824,3
img_20272ad5a436fdf6,Zweite Bearbeitungsstufe Viertel/_DSC1525_q4.JPG,Zweite Bearbeitungsstufe Viertel,train,DSC1525,quarter_suffix_removed,.jpg,1824,1824,3
img_2d99e19918dcabb2,Zweite Bearbeitungsstufe Viertel/_DSC1526_q3.JPG,Zweite Bearbeitungsstufe Viertel,train,DSC1526,quarter_suffix_removed,.jpg,1824,1824,3
img_315f0927dd9a7405,Zweite Bearbeitungsstufe Viertel/_DSC1527_q1.JPG,Zweite Bearbeitungsstufe Viertel,train,DSC1527,quarter_suffix_removed,.jpg,1824,1824,3
img_641d3404b1af9440,Zweite Bearbeitungsstufe Viertel/_DSC1527_q2.JPG,Zweite Bearbeitungsstufe Viertel,train,DSC1527,quarter_suffix_removed,.jpg,1824,1824,3
img_f2e128d549f3297a,Zweite Bearbeitungsstufe Viertel/_DSC1527_q3.JPG,Zweite Bearbeitungsstufe Viertel,train,DSC1527,quarter_suffix_removed,.jpg,1824,1824,3
img_cf6b7d81e247a6db,Zweite Bearbeitungsstufe Viertel/_DSC1527_q4.JPG,Zweite Bearbeitungsstufe Viertel,train,DSC1527,quarter_suffix_removed,.jpg,1824,1824,3
img_32cf43b221683576,Zweite Bearbeitungsstufe Viertel/_DSC1529_q1.JPG,Zweite Bearbeitungsstufe Viertel,train,DSC1529,quarter_suffix_removed,.jpg,1824,1824,3
img_11e12934f3a4c844,Zweite Bearbeitungsstufe Viertel/_DSC1529_q2.JPG,Zweite Bearbeitungsstufe Viertel,train,DSC1529,quarter_suffix_removed,.jpg,1824,1824,3
img_1a141cfa14db67f4,Zweite Bearbeitungsstufe Viertel/_DSC1529_q4.JPG,Zweite Bearbeitungsstufe Viertel,train,DSC1529,quarter_suffix_removed,.jpg,1824,1824,3
img_48302f45aba05348,Zweite Bearbeitungsstufe Viertel/_DSC1547_q1.JPG,Zweite Bearbeitungsstufe Viertel,test,DSC1547,quarter_suffix_removed,.jpg,1824,1824,3
img_28ad553be3c7d3bf,Zweite Bearbeitungsstufe Viertel/_DSC1547_q3.JPG,Zweite Bearbeitungsstufe Viertel,test,DSC1547,quarter_suffix_removed,.jpg,1824,1824,3
img_162b9ebf1ad5347a,Zweite Bearbeitungsstufe Viertel/_DSC1547_q4.JPG,Zweite Bearbeitungsstufe Viertel,test,DSC1547,quarter_suffix_removed,.jpg,1824,1824,3
img_229a4bb6edf6b146,Zweite Bearbeitungsstufe Viertel/_DSC1548_q1.JPG,Zweite Bearbeitungsstufe Viertel,train,DSC1548,quarter_suffix_removed,.jpg,1824,1824,3
img_fe6e3ebaaac28ca9,Zweite Bearbeitungsstufe Viertel/_DSC1548_q2.JPG,Zweite Bearbeitungsstufe Viertel,train,DSC1548,quarter_suffix_removed,.jpg,1824,1824,3
img_d2b0dcf4d6fb62ee,Zweite Bearbeitungsstufe Viertel/_DSC1548_q4.JPG,Zweite Bearbeitungsstufe Viertel,train,DSC1548,quarter_suffix_removed,.jpg,1824,1824,3
img_39c178f089163800,Zweite Bearbeitungsstufe Viertel/_DSC1549_q1.JPG,Zweite Bearbeitungsstufe Viertel,train,DSC1549,quarter_suffix_removed,.jpg,1824,1824,3
img_5deacb8a9f358f1b,Zweite Bearbeitungsstufe Viertel/_DSC1549_q2.JPG,Zweite Bearbeitungsstufe Viertel,train,DSC1549,quarter_suffix_removed,.jpg,1824,1824,3
img_be032df3043c31e1,Zweite Bearbeitungsstufe Viertel/_DSC1549_q4.JPG,Zweite Bearbeitungsstufe Viertel,train,DSC1549,quarter_suffix_removed,.jpg,1824,1824,3
img_7f4c1fb423825655,Zweite Bearbeitungsstufe Viertel/_DSC1550_q1.JPG,Zweite Bearbeitungsstufe Viertel,train,DSC1550,quarter_suffix_removed,.jpg,1824,1824,3
img_c4d8fbb1c00c72e5,Zweite Bearbeitungsstufe Viertel/_DSC1550_q2.JPG,Zweite Bearbeitungsstufe Viertel,train,DSC1550,quarter_suffix_removed,.jpg,1824,1824,3
img_b68dd372ff462768,Zweite Bearbeitungsstufe Viertel/_DSC1550_q3.JPG,Zweite Bearbeitungsstufe Viertel,train,DSC1550,quarter_suffix_removed,.jpg,1824,1824,3
img_94ee8e513955c0ef,Zweite Bearbeitungsstufe Viertel/_DSC1550_q4.JPG,Zweite Bearbeitungsstufe Viertel,train,DSC1550,quarter_suffix_removed,.jpg,1824,1824,3
img_edfd0f4061a2a5a8,Zweite Bearbeitungsstufe Viertel/_DSC1553_q1.JPG,Zweite Bearbeitungsstufe Viertel,train,DSC1553,quarter_suffix_removed,.jpg,1824,1824,3
img_e4b97d42432a3a53,Zweite Bearbeitungsstufe Viertel/_DSC1553_q2.JPG,Zweite Bearbeitungsstufe Viertel,train,DSC1553,quarter_suffix_removed,.jpg,1824,1824,3
img_5c99017c4c2fba35,Zweite Bearbeitungsstufe Viertel/_DSC1553_q3.JPG,Zweite Bearbeitungsstufe Viertel,train,DSC1553,quarter_suffix_removed,.jpg,1824,1824,3
img_d3c36393a18183a9,Zweite Bearbeitungsstufe Viertel/_DSC1554_q2.JPG,Zweite Bearbeitungsstufe Viertel,train,DSC1554,quarter_suffix_removed,.jpg,1824,1824,3
img_6b97c4d75b3c4ca2,Zweite Bearbeitungsstufe Viertel/_DSC1555_q2.JPG,Zweite Bearbeitungsstufe Viertel,val,DSC1555,quarter_suffix_removed,.jpg,1824,1824,3
img_dfcd66228d7d7899,Zweite Bearbeitungsstufe Viertel/_DSC1555_q3.JPG,Zweite Bearbeitungsstufe Viertel,val,DSC1555,quarter_suffix_removed,.jpg,1824,1824,3
img_34a6d44bc6e9c08c,Zweite Bearbeitungsstufe Viertel/_DSC1555_q4.JPG,Zweite Bearbeitungsstufe Viertel,val,DSC1555,quarter_suffix_removed,.jpg,1824,1824,3
img_9b859f9863ab3ee2,Zweite Bearbeitungsstufe Viertel/_DSC1556_q3.JPG,Zweite Bearbeitungsstufe Viertel,train,DSC1556,quarter_suffix_removed,.jpg,1824,1824,3
img_1a4d85ef95482066,Zweite Bearbeitungsstufe Viertel/_DSC1556_q4.JPG,Zweite Bearbeitungsstufe Viertel,train,DSC1556,quarter_suffix_removed,.jpg,1824,1824,3
img_d6622b366cb11b65,Zweite Bearbeitungsstufe Viertel/_DSC1558_q1.JPG,Zweite Bearbeitungsstufe Viertel,test,DSC1558,quarter_suffix_removed,.jpg,1824,1824,3
img_7435305eac1ca5fe,Zweite Bearbeitungsstufe Viertel/_DSC1558_q2.JPG,Zweite Bearbeitungsstufe Viertel,test,DSC1558,quarter_suffix_removed,.jpg,1824,1824,3
img_74262c288a6cade1,Zweite Bearbeitungsstufe Viertel/_DSC1558_q3.JPG,Zweite Bearbeitungsstufe Viertel,test,DSC1558,quarter_suffix_removed,.jpg,1824,1824,3
img_6322536180ae0472,Zweite Bearbeitungsstufe Viertel/_DSC1558_q4.JPG,Zweite Bearbeitungsstufe Viertel,test,DSC1558,quarter_suffix_removed,.jpg,1824,1824,3
img_e2c4d7e1a838e7ad,Zweite Bearbeitungsstufe Viertel/_DSC1560_q1.JPG,Zweite Bearbeitungsstufe Viertel,train,DSC1560,quarter_suffix_removed,.jpg,1824,1824,3
img_b585fbc807b5dbf3,Zweite Bearbeitungsstufe Viertel/_DSC1560_q2.JPG,Zweite Bearbeitungsstufe Viertel,train,DSC1560,quarter_suffix_removed,.jpg,1824,1824,3
img_a19c309ac7a9eed2,Zweite Bearbeitungsstufe Viertel/_DSC1560_q3.JPG,Zweite Bearbeitungsstufe Viertel,train,DSC1560,quarter_suffix_removed,.jpg,1824,1824,3
img_9a506a67546e1709,Zweite Bearbeitungsstufe Viertel/_DSC1560_q4.JPG,Zweite Bearbeitungsstufe Viertel,train,DSC1560,quarter_suffix_removed,.jpg,1824,1824,3
img_8cb6ec9bb3538285,Zweite Bearbeitungsstufe Viertel/_DSC1561_q1.JPG,Zweite Bearbeitungsstufe Viertel,train,DSC1561,quarter_suffix_removed,.jpg,1824,1824,3
img_2197583135a56586,Zweite Bearbeitungsstufe Viertel/_DSC1561_q2.JPG,Zweite Bearbeitungsstufe Viertel,train,DSC1561,quarter_suffix_removed,.jpg,1824,1824,3
img_066b8ccddf550981,Zweite Bearbeitungsstufe Viertel/_DSC1561_q3.JPG,Zweite Bearbeitungsstufe Viertel,train,DSC1561,quarter_suffix_removed,.jpg,1824,1824,3
img_2a2a72a8280e3d8d,Zweite Bearbeitungsstufe Viertel/_DSC1562_q1.JPG,Zweite Bearbeitungsstufe Viertel,train,DSC1562,quarter_suffix_removed,.jpg,1824,1824,3
img_45ffe679abd35687,Zweite Bearbeitungsstufe Viertel/_DSC1562_q2.JPG,Zweite Bearbeitungsstufe Viertel,train,DSC1562,quarter_suffix_removed,.jpg,1824,1824,3
img_44e567eab40c6150,Zweite Bearbeitungsstufe Viertel/_DSC1562_q4.JPG,Zweite Bearbeitungsstufe Viertel,train,DSC1562,quarter_suffix_removed,.jpg,1824,1824,3
img_287b87cdd3a7926d,Zweite Bearbeitungsstufe Viertel/_DSC1563_q1.JPG,Zweite Bearbeitungsstufe Viertel,val,DSC1563,quarter_suffix_removed,.jpg,1824,1824,3
img_251a6f64c884b4a7,Zweite Bearbeitungsstufe Viertel/_DSC1563_q2.JPG,Zweite Bearbeitungsstufe Viertel,val,DSC1563,quarter_suffix_removed,.jpg,1824,1824,3
img_caca6b90eafecfe7,Zweite Bearbeitungsstufe Viertel/_DSC1563_q3.JPG,Zweite Bearbeitungsstufe Viertel,val,DSC1563,quarter_suffix_removed,.jpg,1824,1824,3
img_44401ef0b1136b97,Zweite Bearbeitungsstufe Viertel/_DSC1563_q4.JPG,Zweite Bearbeitungsstufe Viertel,val,DSC1563,quarter_suffix_removed,.jpg,1824,1824,3
img_aee0ce12ff19e435,Zweite Bearbeitungsstufe Viertel/_DSC1564_q1.JPG,Zweite Bearbeitungsstufe Viertel,train,DSC1564,quarter_suffix_removed,.jpg,1824,1824,3
img_abcf7b06cf4fe5e8,Zweite Bearbeitungsstufe Viertel/_DSC1564_q2.JPG,Zweite Bearbeitungsstufe Viertel,train,DSC1564,quarter_suffix_removed,.jpg,1824,1824,3
img_7789955b0db9f2c9,Zweite Bearbeitungsstufe Viertel/_DSC1564_q3.JPG,Zweite Bearbeitungsstufe Viertel,train,DSC1564,quarter_suffix_removed,.jpg,1824,1824,3
img_438de693def037e6,Zweite Bearbeitungsstufe Viertel/_DSC1564_q4.JPG,Zweite Bearbeitungsstufe Viertel,train,DSC1564,quarter_suffix_removed,.jpg,1824,1824,3
img_bd94eab4dc21de15,Zweite Bearbeitungsstufe Viertel/_DSC1565_q1.JPG,Zweite Bearbeitungsstufe Viertel,test,DSC1565,quarter_suffix_removed,.jpg,1824,1824,3
img_8ed2b0e05533f519,Zweite Bearbeitungsstufe Viertel/_DSC1565_q2.JPG,Zweite Bearbeitungsstufe Viertel,test,DSC1565,quarter_suffix_removed,.jpg,1824,1824,3
img_3f41767cbedbd688,Zweite Bearbeitungsstufe Viertel/_DSC1565_q3.JPG,Zweite Bearbeitungsstufe Viertel,test,DSC1565,quarter_suffix_removed,.jpg,1824,1824,3
img_3f67672534dcc4fd,Zweite Bearbeitungsstufe Viertel/_DSC1566_q1.JPG,Zweite Bearbeitungsstufe Viertel,train,DSC1566,quarter_suffix_removed,.jpg,1824,1824,3
img_bbf074fcbcb03390,Zweite Bearbeitungsstufe Viertel/_DSC1566_q3.JPG,Zweite Bearbeitungsstufe Viertel,train,DSC1566,quarter_suffix_removed,.jpg,1824,1824,3
img_dd6a8e0538019a09,Zweite Bearbeitungsstufe Viertel/_DSC1566_q4.JPG,Zweite Bearbeitungsstufe Viertel,train,DSC1566,quarter_suffix_removed,.jpg,1824,1824,3
img_f431ea1bd09ad6b5,Zweite Bearbeitungsstufe Viertel/_DSC1567_q2.JPG,Zweite Bearbeitungsstufe Viertel,train,DSC1567,quarter_suffix_removed,.jpg,1824,1824,3
img_bd0c1c34db08275f,Zweite Bearbeitungsstufe Viertel/_DSC1567_q3.JPG,Zweite Bearbeitungsstufe Viertel,train,DSC1567,quarter_suffix_removed,.jpg,1824,1824,3
img_3f978327161dd89a,Zweite Bearbeitungsstufe Viertel/_DSC1567_q4.JPG,Zweite Bearbeitungsstufe Viertel,train,DSC1567,quarter_suffix_removed,.jpg,1824,1824,3
img_bced6c152ffbb992,Zweite Bearbeitungsstufe Viertel/_DSC1568_q1.JPG,Zweite Bearbeitungsstufe Viertel,train,DSC1568,quarter_suffix_removed,.jpg,1824,1824,3
img_5e88da8cfd12e9f3,Zweite Bearbeitungsstufe Viertel/_DSC1568_q2.JPG,Zweite Bearbeitungsstufe Viertel,train,DSC1568,quarter_suffix_removed,.jpg,1824,1824,3
img_9b58c83b57bd3a72,Zweite Bearbeitungsstufe Viertel/_DSC1568_q3.JPG,Zweite Bearbeitungsstufe Viertel,train,DSC1568,quarter_suffix_removed,.jpg,1824,1824,3
img_21bad6476128e1ef,Zweite Bearbeitungsstufe Viertel/_DSC1568_q4.JPG,Zweite Bearbeitungsstufe Viertel,train,DSC1568,quarter_suffix_removed,.jpg,1824,1824,3
img_3e11157d620b9589,Zweite Bearbeitungsstufe Viertel/_DSC1569_q1.JPG,Zweite Bearbeitungsstufe Viertel,train,DSC1569,quarter_suffix_removed,.jpg,1824,1824,3
img_1bf213552f7f0104,Zweite Bearbeitungsstufe Viertel/_DSC1569_q4.JPG,Zweite Bearbeitungsstufe Viertel,train,DSC1569,quarter_suffix_removed,.jpg,1824,1824,3
img_d89d57739130e485,Zweite Bearbeitungsstufe Viertel/_DSC1570_q1.JPG,Zweite Bearbeitungsstufe Viertel,val,DSC1570,quarter_suffix_removed,.jpg,1824,1824,3
img_cbbe68081900ce3c,Zweite Bearbeitungsstufe Viertel/_DSC1570_q2.JPG,Zweite Bearbeitungsstufe Viertel,val,DSC1570,quarter_suffix_removed,.jpg,1824,1824,3
img_21f47ba6b9e8ec29,Zweite Bearbeitungsstufe Viertel/_DSC1571_q1.JPG,Zweite Bearbeitungsstufe Viertel,train,DSC1571,quarter_suffix_removed,.jpg,1824,1824,3
img_a993a9a3f3aa07b5,Zweite Bearbeitungsstufe Viertel/_DSC1571_q2.JPG,Zweite Bearbeitungsstufe Viertel,train,DSC1571,quarter_suffix_removed,.jpg,1824,1824,3
img_55ca6745f21d76b6,Zweite Bearbeitungsstufe Viertel/_DSC1572_q1.JPG,Zweite Bearbeitungsstufe Viertel,train,DSC1572,quarter_suffix_removed,.jpg,1824,1824,3
img_78006445944ad2e0,Zweite Bearbeitungsstufe Viertel/_DSC1572_q2.JPG,Zweite Bearbeitungsstufe Viertel,train,DSC1572,quarter_suffix_removed,.jpg,1824,1824,3
img_68879dbd6bca47a0,Zweite Bearbeitungsstufe Viertel/_DSC1572_q3.JPG,Zweite Bearbeitungsstufe Viertel,train,DSC1572,quarter_suffix_removed,.jpg,1824,1824,3
img_d3fe48bd9354fb2f,Zweite Bearbeitungsstufe Viertel/_DSC1572_q4.JPG,Zweite Bearbeitungsstufe Viertel,train,DSC1572,quarter_suffix_removed,.jpg,1824,1824,3
img_95ab63e5afb9bd8b,Zweite Bearbeitungsstufe Viertel/_DSC1573_q2.JPG,Zweite Bearbeitungsstufe Viertel,test,DSC1573,quarter_suffix_removed,.jpg,1824,1824,3
img_0bfa27667056f269,Zweite Bearbeitungsstufe Viertel/_DSC1573_q4.JPG,Zweite Bearbeitungsstufe Viertel,test,DSC1573,quarter_suffix_removed,.jpg,1824,1824,3
img_1fa16922132cff9e,Zweite Bearbeitungsstufe Viertel/_DSC1574_q1.JPG,Zweite Bearbeitungsstufe Viertel,train,DSC1574,quarter_suffix_removed,.jpg,1824,1824,3
img_a3c02fe0e5c102bd,Zweite Bearbeitungsstufe Viertel/_DSC1574_q2.JPG,Zweite Bearbeitungsstufe Viertel,train,DSC1574,quarter_suffix_removed,.jpg,1824,1824,3
img_fa81f67f77bb98e0,Zweite Bearbeitungsstufe Viertel/_DSC1574_q3.JPG,Zweite Bearbeitungsstufe Viertel,train,DSC1574,quarter_suffix_removed,.jpg,1824,1824,3
img_1f9272fe03380e85,Zweite Bearbeitungsstufe Viertel/_DSC1574_q4.JPG,Zweite Bearbeitungsstufe Viertel,train,DSC1574,quarter_suffix_removed,.jpg,1824,1824,3
img_df3ff6b2699e8050,Zweite Bearbeitungsstufe Viertel/_DSC1575_q1.JPG,Zweite Bearbeitungsstufe Viertel,test,DSC1575,quarter_suffix_removed,.jpg,1824,1824,3
img_8080405ab169efe5,Zweite Bearbeitungsstufe Viertel/_DSC1575_q2.JPG,Zweite Bearbeitungsstufe Viertel,test,DSC1575,quarter_suffix_removed,.jpg,1824,1824,3
img_a88e63be8cd1e769,Zweite Bearbeitungsstufe Viertel/_DSC1575_q3.JPG,Zweite Bearbeitungsstufe Viertel,test,DSC1575,quarter_suffix_removed,.jpg,1824,1824,3
img_443a6f544687d549,Zweite Bearbeitungsstufe Viertel/_DSC1575_q4.JPG,Zweite Bearbeitungsstufe Viertel,test,DSC1575,quarter_suffix_removed,.jpg,1824,1824,3
img_dc88cf893808701d,Zweite Bearbeitungsstufe Viertel/_DSC1576_q1.JPG,Zweite Bearbeitungsstufe Viertel,train,DSC1576,quarter_suffix_removed,.jpg,1824,1824,3
img_7a990c5a3abcf078,Zweite Bearbeitungsstufe Viertel/_DSC1576_q2.JPG,Zweite Bearbeitungsstufe Viertel,train,DSC1576,quarter_suffix_removed,.jpg,1824,1824,3
img_14fdc84adb19321f,Zweite Bearbeitungsstufe Viertel/_DSC1576_q3.JPG,Zweite Bearbeitungsstufe Viertel,train,DSC1576,quarter_suffix_removed,.jpg,1824,1824,3
img_cfbdeb555eee6d1d,Zweite Bearbeitungsstufe Viertel/_DSC1576_q4.JPG,Zweite Bearbeitungsstufe Viertel,train,DSC1576,quarter_suffix_removed,.jpg,1824,1824,3
img_db5a1d178e63856a,Zweite Bearbeitungsstufe Viertel/_DSC1577_q3.JPG,Zweite Bearbeitungsstufe Viertel,train,DSC1577,quarter_suffix_removed,.jpg,1824,1824,3
img_5f999f155dda2276,Zweite Bearbeitungsstufe Viertel/_DSC1578_q1.JPG,Zweite Bearbeitungsstufe Viertel,val,DSC1578,quarter_suffix_removed,.jpg,1824,1824,3
img_72b50546bbd67086,Zweite Bearbeitungsstufe Viertel/_DSC1578_q2.JPG,Zweite Bearbeitungsstufe Viertel,val,DSC1578,quarter_suffix_removed,.jpg,1824,1824,3
img_7946115098e8cbe4,Zweite Bearbeitungsstufe Viertel/_DSC1578_q3.JPG,Zweite Bearbeitungsstufe Viertel,val,DSC1578,quarter_suffix_removed,.jpg,1824,1824,3
img_0a421e42d0e83498,Zweite Bearbeitungsstufe Viertel/_DSC1578_q4.JPG,Zweite Bearbeitungsstufe Viertel,val,DSC1578,quarter_suffix_removed,.jpg,1824,1824,3
img_0fbbdc4d1a4cc19c,Zweite Bearbeitungsstufe Viertel/_DSC1579_q2.JPG,Zweite Bearbeitungsstufe Viertel,train,DSC1579,quarter_suffix_removed,.jpg,1824,1824,3
img_442742443e12f0be,Zweite Bearbeitungsstufe Viertel/_DSC1579_q3.JPG,Zweite Bearbeitungsstufe Viertel,train,DSC1579,quarter_suffix_removed,.jpg,1824,1824,3
img_16babff0a9e6a601,Zweite Bearbeitungsstufe Viertel/_DSC1579_q4.JPG,Zweite Bearbeitungsstufe Viertel,train,DSC1579,quarter_suffix_removed,.jpg,1824,1824,3
img_db8f556db0367fa4,Zweite Bearbeitungsstufe Viertel/_DSC1580_q1.JPG,Zweite Bearbeitungsstufe Viertel,train,DSC1580,quarter_suffix_removed,.jpg,1824,1824,3
img_77175b67887b1e90,Zweite Bearbeitungsstufe Viertel/_DSC1580_q2.JPG,Zweite Bearbeitungsstufe Viertel,train,DSC1580,quarter_suffix_removed,.jpg,1824,1824,3
img_ee1ce232b096d970,Zweite Bearbeitungsstufe Viertel/_DSC1580_q3.JPG,Zweite Bearbeitungsstufe Viertel,train,DSC1580,quarter_suffix_removed,.jpg,1824,1824,3
img_479c031f20649400,Zweite Bearbeitungsstufe Viertel/_DSC1580_q4.JPG,Zweite Bearbeitungsstufe Viertel,train,DSC1580,quarter_suffix_removed,.jpg,1824,1824,3
img_5e7c72ac9f3578da,Zweite Bearbeitungsstufe Viertel/_DSC1581_q1.JPG,Zweite Bearbeitungsstufe Viertel,val,DSC1581,quarter_suffix_removed,.jpg,1824,1824,3
img_35a7b82ae26a54f0,Zweite Bearbeitungsstufe Viertel/_DSC1581_q3.JPG,Zweite Bearbeitungsstufe Viertel,val,DSC1581,quarter_suffix_removed,.jpg,1824,1824,3
img_c80e27f18761be78,Zweite Bearbeitungsstufe Viertel/_DSC1581_q4.JPG,Zweite Bearbeitungsstufe Viertel,val,DSC1581,quarter_suffix_removed,.jpg,1824,1824,3
img_5ea53e7832e063d4,Zweite Bearbeitungsstufe Viertel/_DSC1582_q1.JPG,Zweite Bearbeitungsstufe Viertel,train,DSC1582,quarter_suffix_removed,.jpg,1824,1824,3
img_76d5d02bad6309f7,Zweite Bearbeitungsstufe Viertel/_DSC1582_q2.JPG,Zweite Bearbeitungsstufe Viertel,train,DSC1582,quarter_suffix_removed,.jpg,1824,1824,3
img_e88bbedc52069d1a,Zweite Bearbeitungsstufe Viertel/_DSC1582_q3.JPG,Zweite Bearbeitungsstufe Viertel,train,DSC1582,quarter_suffix_removed,.jpg,1824,1824,3
img_8a6510aecd95dd6b,Zweite Bearbeitungsstufe Viertel/_DSC1582_q4.JPG,Zweite Bearbeitungsstufe Viertel,train,DSC1582,quarter_suffix_removed,.jpg,1824,1824,3
img_118e44fdfaf682e3,Zweite Bearbeitungsstufe Viertel/_DSC1583_q1.JPG,Zweite Bearbeitungsstufe Viertel,train,DSC1583,quarter_suffix_removed,.jpg,1824,1824,3
img_44cc8b5d05eecc36,Zweite Bearbeitungsstufe Viertel/_DSC1583_q2.JPG,Zweite Bearbeitungsstufe Viertel,train,DSC1583,quarter_suffix_removed,.jpg,1824,1824,3
img_6dba9d29d01285f5,Zweite Bearbeitungsstufe Viertel/_DSC1583_q3.JPG,Zweite Bearbeitungsstufe Viertel,train,DSC1583,quarter_suffix_removed,.jpg,1824,1824,3
img_fbfc1fcb0fa12f7c,Zweite Bearbeitungsstufe Viertel/_DSC1583_q4.JPG,Zweite Bearbeitungsstufe Viertel,train,DSC1583,quarter_suffix_removed,.jpg,1824,1824,3
img_c4f7d21921312ea2,Zweite Bearbeitungsstufe Viertel/_DSC1584_q1.JPG,Zweite Bearbeitungsstufe Viertel,test,DSC1584,quarter_suffix_removed,.jpg,1824,1824,3
img_bc3a0a6f4f7521cd,Zweite Bearbeitungsstufe Viertel/_DSC1584_q2.JPG,Zweite Bearbeitungsstufe Viertel,test,DSC1584,quarter_suffix_removed,.jpg,1824,1824,3
img_dd6aceb97e9a23f9,Zweite Bearbeitungsstufe Viertel/_DSC1584_q3.JPG,Zweite Bearbeitungsstufe Viertel,test,DSC1584,quarter_suffix_removed,.jpg,1824,1824,3
img_7ab8ca2f41b6ad67,Zweite Bearbeitungsstufe Viertel/_DSC1584_q4.JPG,Zweite Bearbeitungsstufe Viertel,test,DSC1584,quarter_suffix_removed,.jpg,1824,1824,3
img_592b069dbacf30d4,Zweite Bearbeitungsstufe Viertel/_DSC1585_q1.JPG,Zweite Bearbeitungsstufe Viertel,train,DSC1585,quarter_suffix_removed,.jpg,1824,1824,3
img_971b3add86742921,Zweite Bearbeitungsstufe Viertel/_DSC1585_q2.JPG,Zweite Bearbeitungsstufe Viertel,train,DSC1585,quarter_suffix_removed,.jpg,1824,1824,3
img_6e5d707dfe8860ff,Zweite Bearbeitungsstufe Viertel/_DSC1586_q1.JPG,Zweite Bearbeitungsstufe Viertel,train,DSC1586,quarter_suffix_removed,.jpg,1824,1824,3
img_c5e56e8f6b0cec1e,Zweite Bearbeitungsstufe Viertel/_DSC1586_q2.JPG,Zweite Bearbeitungsstufe Viertel,train,DSC1586,quarter_suffix_removed,.jpg,1824,1824,3
img_f53d68203f3bfcf4,Zweite Bearbeitungsstufe Viertel/_DSC1586_q3.JPG,Zweite Bearbeitungsstufe Viertel,train,DSC1586,quarter_suffix_removed,.jpg,1824,1824,3
img_f29047e2869972da,Zweite Bearbeitungsstufe Viertel/_DSC1586_q4.JPG,Zweite Bearbeitungsstufe Viertel,train,DSC1586,quarter_suffix_removed,.jpg,1824,1824,3
img_8b8837e317b59061,Zweite Bearbeitungsstufe Viertel/_DSC1587_q2.JPG,Zweite Bearbeitungsstufe Viertel,train,DSC1587,quarter_suffix_removed,.jpg,1824,1824,3
img_52598e1f649a8bb5,Zweite Bearbeitungsstufe Viertel/_DSC1587_q3.JPG,Zweite Bearbeitungsstufe Viertel,train,DSC1587,quarter_suffix_removed,.jpg,1824,1824,3
img_64dae6b0f6290e03,Zweite Bearbeitungsstufe Viertel/_DSC1587_q4.JPG,Zweite Bearbeitungsstufe Viertel,train,DSC1587,quarter_suffix_removed,.jpg,1824,1824,3
img_60e168f719e9be48,Zweite Bearbeitungsstufe Viertel/_DSC1588_q1.JPG,Zweite Bearbeitungsstufe Viertel,val,DSC1588,quarter_suffix_removed,.jpg,1824,1824,3
img_e52fc56b120c37cb,Zweite Bearbeitungsstufe Viertel/_DSC1588_q2.JPG,Zweite Bearbeitungsstufe Viertel,val,DSC1588,quarter_suffix_removed,.jpg,1824,1824,3
img_8aa661a4e3015ede,Zweite Bearbeitungsstufe Viertel/_DSC1588_q3.JPG,Zweite Bearbeitungsstufe Viertel,val,DSC1588,quarter_suffix_removed,.jpg,1824,1824,3
img_b9020b08ac51c662,Zweite Bearbeitungsstufe Viertel/_DSC1588_q4.JPG,Zweite Bearbeitungsstufe Viertel,val,DSC1588,quarter_suffix_removed,.jpg,1824,1824,3
img_51cb8e6accdedc77,Zweite Bearbeitungsstufe Viertel/_DSC1590_q2.JPG,Zweite Bearbeitungsstufe Viertel,train,DSC1590,quarter_suffix_removed,.jpg,1824,1824,3
img_3287977dc78fe96a,Zweite Bearbeitungsstufe Viertel/_DSC1590_q3.JPG,Zweite Bearbeitungsstufe Viertel,train,DSC1590,quarter_suffix_removed,.jpg,1824,1824,3
img_cf34435151410c12,Zweite Bearbeitungsstufe Viertel/_DSC1590_q4.JPG,Zweite Bearbeitungsstufe Viertel,train,DSC1590,quarter_suffix_removed,.jpg,1824,1824,3
img_065eccd36952c5fc,Zweite Bearbeitungsstufe Viertel/_DSC1591_q1.JPG,Zweite Bearbeitungsstufe Viertel,train,DSC1591,quarter_suffix_removed,.jpg,1824,1824,3
img_06af91908054c2d6,Zweite Bearbeitungsstufe Viertel/_DSC1591_q2.JPG,Zweite Bearbeitungsstufe Viertel,train,DSC1591,quarter_suffix_removed,.jpg,1824,1824,3
img_6bfd928a25e888ce,Zweite Bearbeitungsstufe Viertel/_DSC1591_q3.JPG,Zweite Bearbeitungsstufe Viertel,train,DSC1591,quarter_suffix_removed,.jpg,1824,1824,3
img_022ca53874ded2cd,Zweite Bearbeitungsstufe Viertel/_DSC1591_q4.JPG,Zweite Bearbeitungsstufe Viertel,train,DSC1591,quarter_suffix_removed,.jpg,1824,1824,3
img_3482a112a8a5e236,Zweite Bearbeitungsstufe Viertel/_DSC1592_q1.JPG,Zweite Bearbeitungsstufe Viertel,test,DSC1592,quarter_suffix_removed,.jpg,1824,1824,3
img_062b0bdf8d7991dc,Zweite Bearbeitungsstufe Viertel/_DSC1592_q2.JPG,Zweite Bearbeitungsstufe Viertel,test,DSC1592,quarter_suffix_removed,.jpg,1824,1824,3
img_2521c660678eb376,Zweite Bearbeitungsstufe Viertel/_DSC1592_q4.JPG,Zweite Bearbeitungsstufe Viertel,test,DSC1592,quarter_suffix_removed,.jpg,1824,1824,3
img_abfd2a852bbb04ce,Zweite Bearbeitungsstufe Viertel/_DSC1593_q1.JPG,Zweite Bearbeitungsstufe Viertel,train,DSC1593,quarter_suffix_removed,.jpg,1824,1824,3
img_4d7f4c337a7ed4b9,Zweite Bearbeitungsstufe Viertel/_DSC1593_q2.JPG,Zweite Bearbeitungsstufe Viertel,train,DSC1593,quarter_suffix_removed,.jpg,1824,1824,3
img_c29c4b029fabcc0a,Zweite Bearbeitungsstufe Viertel/_DSC1593_q4.JPG,Zweite Bearbeitungsstufe Viertel,train,DSC1593,quarter_suffix_removed,.jpg,1824,1824,3
img_15e4aaf35a19a78c,Zweite Bearbeitungsstufe Viertel/_DSC1594_q1.JPG,Zweite Bearbeitungsstufe Viertel,train,DSC1594,quarter_suffix_removed,.jpg,1824,1824,3
img_b1072acf18498ce5,Zweite Bearbeitungsstufe Viertel/_DSC1594_q3.JPG,Zweite Bearbeitungsstufe Viertel,train,DSC1594,quarter_suffix_removed,.jpg,1824,1824,3
img_1d8eb6343df00677,Zweite Bearbeitungsstufe Viertel/_DSC1595_q1.JPG,Zweite Bearbeitungsstufe Viertel,train,DSC1595,quarter_suffix_removed,.jpg,1824,1824,3
img_19fececf2a183ac4,Zweite Bearbeitungsstufe Viertel/_DSC1595_q2.JPG,Zweite Bearbeitungsstufe Viertel,train,DSC1595,quarter_suffix_removed,.jpg,1824,1824,3
img_aba2d3a14ab640a6,Zweite Bearbeitungsstufe Viertel/_DSC1595_q3.JPG,Zweite Bearbeitungsstufe Viertel,train,DSC1595,quarter_suffix_removed,.jpg,1824,1824,3
img_be3dd770d13b9fb0,Zweite Bearbeitungsstufe Viertel/_DSC1596_q1.JPG,Zweite Bearbeitungsstufe Viertel,train,DSC1596,quarter_suffix_removed,.jpg,1824,1824,3
img_3b7b52cc111b0c5a,Zweite Bearbeitungsstufe Viertel/_DSC1596_q2.JPG,Zweite Bearbeitungsstufe Viertel,train,DSC1596,quarter_suffix_removed,.jpg,1824,1824,3
img_b3078fe257f1556a,Zweite Bearbeitungsstufe Viertel/_DSC1596_q3.JPG,Zweite Bearbeitungsstufe Viertel,train,DSC1596,quarter_suffix_removed,.jpg,1824,1824,3
img_35b21b66b52c1e14,Zweite Bearbeitungsstufe Viertel/_DSC1596_q4.JPG,Zweite Bearbeitungsstufe Viertel,train,DSC1596,quarter_suffix_removed,.jpg,1824,1824,3
img_6d0e263614b2a578,Zweite Bearbeitungsstufe Viertel/_DSC1597_q1.JPG,Zweite Bearbeitungsstufe Viertel,train,DSC1597,quarter_suffix_removed,.jpg,1824,1824,3
img_b1ac14bb448d9ee7,Zweite Bearbeitungsstufe Viertel/_DSC1597_q2.JPG,Zweite Bearbeitungsstufe Viertel,train,DSC1597,quarter_suffix_removed,.jpg,1824,1824,3
img_b796d016fc2e995c,Zweite Bearbeitungsstufe Viertel/_DSC1597_q3.JPG,Zweite Bearbeitungsstufe Viertel,train,DSC1597,quarter_suffix_removed,.jpg,1824,1824,3
img_21517a86efab27f4,Zweite Bearbeitungsstufe Viertel/_DSC1597_q4.JPG,Zweite Bearbeitungsstufe Viertel,train,DSC1597,quarter_suffix_removed,.jpg,1824,1824,3
img_1a7ce030279eac29,Zweite Bearbeitungsstufe Viertel/_DSC1598_q2.JPG,Zweite Bearbeitungsstufe Viertel,train,DSC1598,quarter_suffix_removed,.jpg,1824,1824,3
img_39eb96ec15f76a3d,Zweite Bearbeitungsstufe Viertel/_DSC1598_q3.JPG,Zweite Bearbeitungsstufe Viertel,train,DSC1598,quarter_suffix_removed,.jpg,1824,1824,3
img_7042b4359cbca7c4,Zweite Bearbeitungsstufe Viertel/_DSC1598_q4.JPG,Zweite Bearbeitungsstufe Viertel,train,DSC1598,quarter_suffix_removed,.jpg,1824,1824,3
img_1c2689e47d95739e,Zweite Bearbeitungsstufe Viertel/_DSC1599_q1.JPG,Zweite Bearbeitungsstufe Viertel,train,DSC1599,quarter_suffix_removed,.jpg,1824,1824,3
img_fc78fef7191f886d,Zweite Bearbeitungsstufe Viertel/_DSC1599_q2.JPG,Zweite Bearbeitungsstufe Viertel,train,DSC1599,quarter_suffix_removed,.jpg,1824,1824,3
img_29c73e1b2c0322a7,Zweite Bearbeitungsstufe Viertel/_DSC1600_q1.JPG,Zweite Bearbeitungsstufe Viertel,train,DSC1600,quarter_suffix_removed,.jpg,1824,1824,3
img_5a51f8e36eea03dc,Zweite Bearbeitungsstufe Viertel/_DSC1600_q2.JPG,Zweite Bearbeitungsstufe Viertel,train,DSC1600,quarter_suffix_removed,.jpg,1824,1824,3
img_42f2b641a15018b8,Zweite Bearbeitungsstufe Viertel/_DSC1600_q3.JPG,Zweite Bearbeitungsstufe Viertel,train,DSC1600,quarter_suffix_removed,.jpg,1824,1824,3
img_b708d56523561923,Zweite Bearbeitungsstufe Viertel/_DSC1600_q4.JPG,Zweite Bearbeitungsstufe Viertel,train,DSC1600,quarter_suffix_removed,.jpg,1824,1824,3
img_d9745a241014baa2,Zweite Bearbeitungsstufe Viertel/_DSC1601_q1.JPG,Zweite Bearbeitungsstufe Viertel,train,DSC1601,quarter_suffix_removed,.jpg,1824,1824,3
img_b2330f0028100b1f,Zweite Bearbeitungsstufe Viertel/_DSC1601_q2.JPG,Zweite Bearbeitungsstufe Viertel,train,DSC1601,quarter_suffix_removed,.jpg,1824,1824,3
img_291784a3690bf9bf,Zweite Bearbeitungsstufe Viertel/_DSC1602_q1.JPG,Zweite Bearbeitungsstufe Viertel,test,DSC1602,quarter_suffix_removed,.jpg,1824,1824,3
img_41f439a4a6650eae,Zweite Bearbeitungsstufe Viertel/_DSC1602_q2.JPG,Zweite Bearbeitungsstufe Viertel,test,DSC1602,quarter_suffix_removed,.jpg,1824,1824,3
img_cf6b1a7670704095,Zweite Bearbeitungsstufe Viertel/_DSC1602_q3.JPG,Zweite Bearbeitungsstufe Viertel,test,DSC1602,quarter_suffix_removed,.jpg,1824,1824,3
img_9a063ddb16dc8c9d,Zweite Bearbeitungsstufe Viertel/_DSC1602_q4.JPG,Zweite Bearbeitungsstufe Viertel,test,DSC1602,quarter_suffix_removed,.jpg,1824,1824,3
img_9dde95db107455d9,Zweite Bearbeitungsstufe Viertel/_DSC1603_q1.JPG,Zweite Bearbeitungsstufe Viertel,train,DSC1603,quarter_suffix_removed,.jpg,1824,1824,3
img_3d07c091b8e5a2dd,Zweite Bearbeitungsstufe Viertel/_DSC1603_q2.JPG,Zweite Bearbeitungsstufe Viertel,train,DSC1603,quarter_suffix_removed,.jpg,1824,1824,3
img_9070da4eec67760e,Zweite Bearbeitungsstufe Viertel/_DSC1603_q3.JPG,Zweite Bearbeitungsstufe Viertel,train,DSC1603,quarter_suffix_removed,.jpg,1824,1824,3
img_f946c889f817916e,Zweite Bearbeitungsstufe Viertel/_DSC1603_q4.JPG,Zweite Bearbeitungsstufe Viertel,train,DSC1603,quarter_suffix_removed,.jpg,1824,1824,3
img_00e5d91889a9a56e,Zweite Bearbeitungsstufe Viertel/_DSC1604_q1.JPG,Zweite Bearbeitungsstufe Viertel,val,DSC1604,quarter_suffix_removed,.jpg,1824,1824,3
img_9f17fe2544a36376,Zweite Bearbeitungsstufe Viertel/_DSC1604_q2.JPG,Zweite Bearbeitungsstufe Viertel,val,DSC1604,quarter_suffix_removed,.jpg,1824,1824,3
img_1197929ab861d057,Zweite Bearbeitungsstufe Viertel/_DSC1604_q3.JPG,Zweite Bearbeitungsstufe Viertel,val,DSC1604,quarter_suffix_removed,.jpg,1824,1824,3
img_473f6914a776d4fa,Zweite Bearbeitungsstufe Viertel/_DSC1604_q4.JPG,Zweite Bearbeitungsstufe Viertel,val,DSC1604,quarter_suffix_removed,.jpg,1824,1824,3
img_322e3b9d1e297c44,Zweite Bearbeitungsstufe Viertel/_DSC1605_q1.JPG,Zweite Bearbeitungsstufe Viertel,train,DSC1605,quarter_suffix_removed,.jpg,1824,1824,3
img_6d9710fc41f58817,Zweite Bearbeitungsstufe Viertel/_DSC1605_q2.JPG,Zweite Bearbeitungsstufe Viertel,train,DSC1605,quarter_suffix_removed,.jpg,1824,1824,3
img_996f1035582ff09b,Zweite Bearbeitungsstufe Viertel/_DSC1605_q3.JPG,Zweite Bearbeitungsstufe Viertel,train,DSC1605,quarter_suffix_removed,.jpg,1824,1824,3
img_ed227bbe369ee1ad,Zweite Bearbeitungsstufe Viertel/_DSC1605_q4.JPG,Zweite Bearbeitungsstufe Viertel,train,DSC1605,quarter_suffix_removed,.jpg,1824,1824,3
img_4aeaebf49ed6b8ce,Zweite Bearbeitungsstufe Viertel/_DSC1607_q1.JPG,Zweite Bearbeitungsstufe Viertel,train,DSC1607,quarter_suffix_removed,.jpg,1824,1824,3
img_f0b78bcd48eb4883,Zweite Bearbeitungsstufe Viertel/_DSC1607_q2.JPG,Zweite Bearbeitungsstufe Viertel,train,DSC1607,quarter_suffix_removed,.jpg,1824,1824,3
img_241f3b52fc67e5d2,Zweite Bearbeitungsstufe Viertel/_DSC1607_q3.JPG,Zweite Bearbeitungsstufe Viertel,train,DSC1607,quarter_suffix_removed,.jpg,1824,1824,3
img_ff448309070f2a3a,Zweite Bearbeitungsstufe Viertel/_DSC1607_q4.JPG,Zweite Bearbeitungsstufe Viertel,train,DSC1607,quarter_suffix_removed,.jpg,1824,1824,3
img_e817c3893fe83804,Zweite Bearbeitungsstufe Viertel/_DSC1608_q1.JPG,Zweite Bearbeitungsstufe Viertel,train,DSC1608,quarter_suffix_removed,.jpg,1824,1824,3
img_a5f9c836b7af95ef,Zweite Bearbeitungsstufe Viertel/_DSC1608_q2.JPG,Zweite Bearbeitungsstufe Viertel,train,DSC1608,quarter_suffix_removed,.jpg,1824,1824,3
img_56f428f61aee3ff7,Zweite Bearbeitungsstufe Viertel/_DSC1608_q3.JPG,Zweite Bearbeitungsstufe Viertel,train,DSC1608,quarter_suffix_removed,.jpg,1824,1824,3
img_d6e39f87f17d8a50,Zweite Bearbeitungsstufe Viertel/_DSC1608_q4.JPG,Zweite Bearbeitungsstufe Viertel,train,DSC1608,quarter_suffix_removed,.jpg,1824,1824,3
img_177db42a2bcecf74,Zweite Bearbeitungsstufe Viertel/_DSC1610_q1.JPG,Zweite Bearbeitungsstufe Viertel,train,DSC1610,quarter_suffix_removed,.jpg,1824,1824,3
img_2e55b5fbdf82050a,Zweite Bearbeitungsstufe Viertel/_DSC1610_q2.JPG,Zweite Bearbeitungsstufe Viertel,train,DSC1610,quarter_suffix_removed,.jpg,1824,1824,3
img_381c208ad11c02ca,Zweite Bearbeitungsstufe Viertel/_DSC1610_q3.JPG,Zweite Bearbeitungsstufe Viertel,train,DSC1610,quarter_suffix_removed,.jpg,1824,1824,3
img_322c566825b321f3,Zweite Bearbeitungsstufe Viertel/_DSC1610_q4.JPG,Zweite Bearbeitungsstufe Viertel,train,DSC1610,quarter_suffix_removed,.jpg,1824,1824,3
img_e05d8ebb0c4cc47f,Zweite Bearbeitungsstufe Viertel/_DSC1611_q1.JPG,Zweite Bearbeitungsstufe Viertel,test,DSC1611,quarter_suffix_removed,.jpg,1824,1824,3
img_db16cea688018308,Zweite Bearbeitungsstufe Viertel/_DSC1611_q2.JPG,Zweite Bearbeitungsstufe Viertel,test,DSC1611,quarter_suffix_removed,.jpg,1824,1824,3
img_350b65e257baed68,Zweite Bearbeitungsstufe Viertel/_DSC1611_q3.JPG,Zweite Bearbeitungsstufe Viertel,test,DSC1611,quarter_suffix_removed,.jpg,1824,1824,3
img_36eb06e6335aa1ca,Zweite Bearbeitungsstufe Viertel/_DSC1611_q4.JPG,Zweite Bearbeitungsstufe Viertel,test,DSC1611,quarter_suffix_removed,.jpg,1824,1824,3
img_eeba8141b4ddfcc8,Zweite Bearbeitungsstufe Viertel/_DSC1613_q1.JPG,Zweite Bearbeitungsstufe Viertel,train,DSC1613,quarter_suffix_removed,.jpg,1824,1824,3
img_ffb78a60cbaf171d,Zweite Bearbeitungsstufe Viertel/_DSC1613_q2.JPG,Zweite Bearbeitungsstufe Viertel,train,DSC1613,quarter_suffix_removed,.jpg,1824,1824,3
img_80dadc574c8cdfc0,Zweite Bearbeitungsstufe Viertel/_DSC1613_q3.JPG,Zweite Bearbeitungsstufe Viertel,train,DSC1613,quarter_suffix_removed,.jpg,1824,1824,3
img_02feddc2eecf9f0a,Zweite Bearbeitungsstufe Viertel/_DSC1613_q4.JPG,Zweite Bearbeitungsstufe Viertel,train,DSC1613,quarter_suffix_removed,.jpg,1824,1824,3
img_ec57ad09d61d60c7,Zweite Bearbeitungsstufe Viertel/_DSC1614_q1.JPG,Zweite Bearbeitungsstufe Viertel,val,DSC1614,quarter_suffix_removed,.jpg,1824,1824,3
img_25a3fb1e089d4a3f,Zweite Bearbeitungsstufe Viertel/_DSC1614_q2.JPG,Zweite Bearbeitungsstufe Viertel,val,DSC1614,quarter_suffix_removed,.jpg,1824,1824,3
img_770bae952c1e02ff,Zweite Bearbeitungsstufe Viertel/_DSC1614_q3.JPG,Zweite Bearbeitungsstufe Viertel,val,DSC1614,quarter_suffix_removed,.jpg,1824,1824,3
img_6fd6667421b8be79,Zweite Bearbeitungsstufe Viertel/_DSC1614_q4.JPG,Zweite Bearbeitungsstufe Viertel,val,DSC1614,quarter_suffix_removed,.jpg,1824,1824,3
img_c95266a743a21956,Zweite Bearbeitungsstufe Viertel/_DSC1615_q1.JPG,Zweite Bearbeitungsstufe Viertel,val,DSC1615,quarter_suffix_removed,.jpg,1824,1824,3
img_43542350f9b2bc82,Zweite Bearbeitungsstufe Viertel/_DSC1615_q3.JPG,Zweite Bearbeitungsstufe Viertel,val,DSC1615,quarter_suffix_removed,.jpg,1824,1824,3
img_cf6d1b3e0b56ca68,Zweite Bearbeitungsstufe Viertel/_DSC1616_q2.JPG,Zweite Bearbeitungsstufe Viertel,val,DSC1616,quarter_suffix_removed,.jpg,1824,1824,3
img_00d92f8777a719ba,Zweite Bearbeitungsstufe Viertel/_DSC1616_q3.JPG,Zweite Bearbeitungsstufe Viertel,val,DSC1616,quarter_suffix_removed,.jpg,1824,1824,3
img_3e68737da2e91ebc,Zweite Bearbeitungsstufe Viertel/_DSC1616_q4.JPG,Zweite Bearbeitungsstufe Viertel,val,DSC1616,quarter_suffix_removed,.jpg,1824,1824,3
img_caa724986ed1aa4e,Zweite Bearbeitungsstufe Viertel/_DSC1617_q1.JPG,Zweite Bearbeitungsstufe Viertel,train,DSC1617,quarter_suffix_removed,.jpg,1824,1824,3
img_5d61d36c14a1f824,Zweite Bearbeitungsstufe Viertel/_DSC1617_q2.JPG,Zweite Bearbeitungsstufe Viertel,train,DSC1617,quarter_suffix_removed,.jpg,1824,1824,3
img_17a8d2dd8052bc31,Zweite Bearbeitungsstufe Viertel/_DSC1617_q3.JPG,Zweite Bearbeitungsstufe Viertel,train,DSC1617,quarter_suffix_removed,.jpg,1824,1824,3
img_cdbbfe9d33d2a08c,Zweite Bearbeitungsstufe Viertel/_DSC1618_q1.JPG,Zweite Bearbeitungsstufe Viertel,test,DSC1618,quarter_suffix_removed,.jpg,1824,1824,3
img_c170548982fd7a36,Zweite Bearbeitungsstufe Viertel/_DSC1618_q2.JPG,Zweite Bearbeitungsstufe Viertel,test,DSC1618,quarter_suffix_removed,.jpg,1824,1824,3
img_8c9cfbcc2363c157,Zweite Bearbeitungsstufe Viertel/_DSC1618_q3.JPG,Zweite Bearbeitungsstufe Viertel,test,DSC1618,quarter_suffix_removed,.jpg,1824,1824,3
img_018ba01aa8b39077,Zweite Bearbeitungsstufe Viertel/_DSC1619_q1.JPG,Zweite Bearbeitungsstufe Viertel,train,DSC1619,quarter_suffix_removed,.jpg,1824,1824,3
img_75e91bb7a73abb8c,Zweite Bearbeitungsstufe Viertel/_DSC1619_q2.JPG,Zweite Bearbeitungsstufe Viertel,train,DSC1619,quarter_suffix_removed,.jpg,1824,1824,3
img_6de1f982cce2b3a8,Zweite Bearbeitungsstufe Viertel/_DSC1619_q3.JPG,Zweite Bearbeitungsstufe Viertel,train,DSC1619,quarter_suffix_removed,.jpg,1824,1824,3
img_f21114b1ba750e82,Zweite Bearbeitungsstufe Viertel/_DSC1619_q4.JPG,Zweite Bearbeitungsstufe Viertel,train,DSC1619,quarter_suffix_removed,.jpg,1824,1824,3
img_a7aede2e7516ecb6,Zweite Bearbeitungsstufe Viertel/_DSC1620_q1.JPG,Zweite Bearbeitungsstufe Viertel,train,DSC1620,quarter_suffix_removed,.jpg,1824,1824,3
img_f11b3d81c55cc6ba,Zweite Bearbeitungsstufe Viertel/_DSC1620_q3.JPG,Zweite Bearbeitungsstufe Viertel,train,DSC1620,quarter_suffix_removed,.jpg,1824,1824,3
img_a356eb2e2b8026be,Zweite Bearbeitungsstufe Viertel/_DSC1620_q4.JPG,Zweite Bearbeitungsstufe Viertel,train,DSC1620,quarter_suffix_removed,.jpg,1824,1824,3
img_ff9dade32b8fbf05,Zweite Bearbeitungsstufe Viertel/_DSC1621_q1.JPG,Zweite Bearbeitungsstufe Viertel,train,DSC1621,quarter_suffix_removed,.jpg,1824,1824,3
img_c27fc25c5fa2dfdb,Zweite Bearbeitungsstufe Viertel/_DSC1621_q2.JPG,Zweite Bearbeitungsstufe Viertel,train,DSC1621,quarter_suffix_removed,.jpg,1824,1824,3
img_2793a23dfe9ad937,Zweite Bearbeitungsstufe Viertel/_DSC1621_q3.JPG,Zweite Bearbeitungsstufe Viertel,train,DSC1621,quarter_suffix_removed,.jpg,1824,1824,3
img_926247e0676d489f,Zweite Bearbeitungsstufe Viertel/_DSC1621_q4.JPG,Zweite Bearbeitungsstufe Viertel,train,DSC1621,quarter_suffix_removed,.jpg,1824,1824,3
img_f4378365f1eb8cab,Zweite Bearbeitungsstufe Viertel/_DSC1622_q1.JPG,Zweite Bearbeitungsstufe Viertel,train,DSC1622,quarter_suffix_removed,.jpg,1824,1824,3
img_9a1f7ff4fd0482be,Zweite Bearbeitungsstufe Viertel/_DSC1622_q2.JPG,Zweite Bearbeitungsstufe Viertel,train,DSC1622,quarter_suffix_removed,.jpg,1824,1824,3
img_41ab5d04236e9bc9,Zweite Bearbeitungsstufe Viertel/_DSC1623_q1.JPG,Zweite Bearbeitungsstufe Viertel,train,DSC1623,quarter_suffix_removed,.jpg,1824,1824,3
img_d6b2673c72a9098e,Zweite Bearbeitungsstufe Viertel/_DSC1623_q2.JPG,Zweite Bearbeitungsstufe Viertel,train,DSC1623,quarter_suffix_removed,.jpg,1824,1824,3
img_d5e906a5c4d2fc83,Zweite Bearbeitungsstufe Viertel/_DSC1623_q3.JPG,Zweite Bearbeitungsstufe Viertel,train,DSC1623,quarter_suffix_removed,.jpg,1824,1824,3
img_15aa784b801d4c8c,Zweite Bearbeitungsstufe Viertel/_DSC1623_q4.JPG,Zweite Bearbeitungsstufe Viertel,train,DSC1623,quarter_suffix_removed,.jpg,1824,1824,3
img_61de105d1d1c78a9,Zweite Bearbeitungsstufe Viertel/_DSC1624_q3.JPG,Zweite Bearbeitungsstufe Viertel,test,DSC1624,quarter_suffix_removed,.jpg,1824,1824,3
img_d92bae750f9cd7d0,Zweite Bearbeitungsstufe Viertel/_DSC1624_q4.JPG,Zweite Bearbeitungsstufe Viertel,test,DSC1624,quarter_suffix_removed,.jpg,1824,1824,3
img_99fc33d01a4cb3b1,Zweite Bearbeitungsstufe Viertel/_DSC1625_q3.JPG,Zweite Bearbeitungsstufe Viertel,train,DSC1625,quarter_suffix_removed,.jpg,1824,1824,3
img_091718d59cc0827c,Zweite Bearbeitungsstufe Viertel/_DSC1625_q4.JPG,Zweite Bearbeitungsstufe Viertel,train,DSC1625,quarter_suffix_removed,.jpg,1824,1824,3
img_2a06ee02c2369f5d,Zweite Bearbeitungsstufe Viertel/_DSC1626_q3.JPG,Zweite Bearbeitungsstufe Viertel,train,DSC1626,quarter_suffix_removed,.jpg,1824,1824,3
img_a7fa38e465c13c56,Zweite Bearbeitungsstufe Viertel/_DSC1626_q4.JPG,Zweite Bearbeitungsstufe Viertel,train,DSC1626,quarter_suffix_removed,.jpg,1824,1824,3
img_695b1390b6c4c576,Zweite Bearbeitungsstufe Viertel/_DSC1627_q1.JPG,Zweite Bearbeitungsstufe Viertel,train,DSC1627,quarter_suffix_removed,.jpg,1824,1824,3
img_7ebb58e536343b1f,Zweite Bearbeitungsstufe Viertel/_DSC1627_q2.JPG,Zweite Bearbeitungsstufe Viertel,train,DSC1627,quarter_suffix_removed,.jpg,1824,1824,3
img_88853c8b79bc28a9,Zweite Bearbeitungsstufe Viertel/_DSC1627_q4.JPG,Zweite Bearbeitungsstufe Viertel,train,DSC1627,quarter_suffix_removed,.jpg,1824,1824,3
img_29ec5894d8f442a0,Zweite Bearbeitungsstufe Viertel/_DSC1628_q3.JPG,Zweite Bearbeitungsstufe Viertel,train,DSC1628,quarter_suffix_removed,.jpg,1824,1824,3
img_d8c9d25ca42a3c5f,Zweite Bearbeitungsstufe Viertel/_DSC1628_q4.JPG,Zweite Bearbeitungsstufe Viertel,train,DSC1628,quarter_suffix_removed,.jpg,1824,1824,3
img_0ee1b85eb5dffa71,Zweite Bearbeitungsstufe Viertel/_DSC1629_q3.JPG,Zweite Bearbeitungsstufe Viertel,val,DSC1629,quarter_suffix_removed,.jpg,1824,1824,3
img_c834f7e6080ed681,Zweite Bearbeitungsstufe Viertel/_DSC1629_q4.JPG,Zweite Bearbeitungsstufe Viertel,val,DSC1629,quarter_suffix_removed,.jpg,1824,1824,3
img_119b7d833ad7367b,Zweite Bearbeitungsstufe Viertel/_DSC1630_q3.JPG,Zweite Bearbeitungsstufe Viertel,train,DSC1630,quarter_suffix_removed,.jpg,1824,1824,3
img_d43f5dd14941cd86,Zweite Bearbeitungsstufe Viertel/_DSC1631_q2.JPG,Zweite Bearbeitungsstufe Viertel,train,DSC1631,quarter_suffix_removed,.jpg,1824,1824,3
img_ea5d176610b5d55e,Zweite Bearbeitungsstufe Viertel/_DSC1631_q3.JPG,Zweite Bearbeitungsstufe Viertel,train,DSC1631,quarter_suffix_removed,.jpg,1824,1824,3
img_ccff2d2c0ac6a23c,Zweite Bearbeitungsstufe Viertel/_DSC1631_q4.JPG,Zweite Bearbeitungsstufe Viertel,train,DSC1631,quarter_suffix_removed,.jpg,1824,1824,3
img_b752b70d2cccd22e,Zweite Bearbeitungsstufe Viertel/_DSC1632_q1.JPG,Zweite Bearbeitungsstufe Viertel,test,DSC1632,quarter_suffix_removed,.jpg,1824,1824,3
img_fbca03df9823da8e,Zweite Bearbeitungsstufe Viertel/_DSC1632_q2.JPG,Zweite Bearbeitungsstufe Viertel,test,DSC1632,quarter_suffix_removed,.jpg,1824,1824,3
img_7e6de4984bd1af3f,Zweite Bearbeitungsstufe Viertel/_DSC1632_q3.JPG,Zweite Bearbeitungsstufe Viertel,test,DSC1632,quarter_suffix_removed,.jpg,1824,1824,3
img_9efa1706b62dece1,Zweite Bearbeitungsstufe Viertel/_DSC1632_q4.JPG,Zweite Bearbeitungsstufe Viertel,test,DSC1632,quarter_suffix_removed,.jpg,1824,1824,3
img_5812edfaa82b3383,Zweite Bearbeitungsstufe Viertel/_DSC1633_q1.JPG,Zweite Bearbeitungsstufe Viertel,val,DSC1633,quarter_suffix_removed,.jpg,1824,1824,3
img_2e9c53090356c1ac,Zweite Bearbeitungsstufe Viertel/_DSC1633_q3.JPG,Zweite Bearbeitungsstufe Viertel,val,DSC1633,quarter_suffix_removed,.jpg,1824,1824,3
img_8545280683c7ecbf,Zweite Bearbeitungsstufe Viertel/_DSC1633_q4.JPG,Zweite Bearbeitungsstufe Viertel,val,DSC1633,quarter_suffix_removed,.jpg,1824,1824,3
img_fabdfcb0e3032386,Zweite Bearbeitungsstufe Viertel/_DSC1635_q3.JPG,Zweite Bearbeitungsstufe Viertel,train,DSC1635,quarter_suffix_removed,.jpg,1824,1824,3
img_212b4ace98aea2a1,Zweite Bearbeitungsstufe Viertel/_DSC1635_q4.JPG,Zweite Bearbeitungsstufe Viertel,train,DSC1635,quarter_suffix_removed,.jpg,1824,1824,3
img_524c2f2bb44504bb,Zweite Bearbeitungsstufe Viertel/_DSC1636_q1.JPG,Zweite Bearbeitungsstufe Viertel,train,DSC1636,quarter_suffix_removed,.jpg,1824,1824,3
img_c7ce9964ac049209,Zweite Bearbeitungsstufe Viertel/_DSC1636_q3.JPG,Zweite Bearbeitungsstufe Viertel,train,DSC1636,quarter_suffix_removed,.jpg,1824,1824,3
img_8a7a5242fc6ff67f,Zweite Bearbeitungsstufe Viertel/_DSC1636_q4.JPG,Zweite Bearbeitungsstufe Viertel,train,DSC1636,quarter_suffix_removed,.jpg,1824,1824,3
img_e6f48fe65f885659,Zweite Bearbeitungsstufe Viertel/_DSC1638_q1.JPG,Zweite Bearbeitungsstufe Viertel,train,DSC1638,quarter_suffix_removed,.jpg,1824,1824,3
img_373157273514eab6,Zweite Bearbeitungsstufe Viertel/_DSC1638_q2.JPG,Zweite Bearbeitungsstufe Viertel,train,DSC1638,quarter_suffix_removed,.jpg,1824,1824,3
img_b56f24df9807b2af,Zweite Bearbeitungsstufe Viertel/_DSC1638_q3.JPG,Zweite Bearbeitungsstufe Viertel,train,DSC1638,quarter_suffix_removed,.jpg,1824,1824,3
img_ba5c43c30c4de618,Zweite Bearbeitungsstufe Viertel/_DSC1638_q4.JPG,Zweite Bearbeitungsstufe Viertel,train,DSC1638,quarter_suffix_removed,.jpg,1824,1824,3
img_741a1b8d3e6e4589,Zweite Bearbeitungsstufe Viertel/_DSC1639_q4.JPG,Zweite Bearbeitungsstufe Viertel,test,DSC1639,quarter_suffix_removed,.jpg,1824,1824,3
img_29de96ae094aed1c,Zweite Bearbeitungsstufe Viertel/_DSC1640_q2.JPG,Zweite Bearbeitungsstufe Viertel,train,DSC1640,quarter_suffix_removed,.jpg,1824,1824,3
img_404dc0eba1a8230b,Zweite Bearbeitungsstufe Viertel/_DSC1640_q3.JPG,Zweite Bearbeitungsstufe Viertel,train,DSC1640,quarter_suffix_removed,.jpg,1824,1824,3
img_fcb1c19a7375694c,Zweite Bearbeitungsstufe Viertel/_DSC1640_q4.JPG,Zweite Bearbeitungsstufe Viertel,train,DSC1640,quarter_suffix_removed,.jpg,1824,1824,3
img_f77999e7a2fa9801,Zweite Bearbeitungsstufe Viertel/_DSC1641_q1.JPG,Zweite Bearbeitungsstufe Viertel,val,DSC1641,quarter_suffix_removed,.jpg,1824,1824,3
img_63598b34b1553371,Zweite Bearbeitungsstufe Viertel/_DSC1641_q2.JPG,Zweite Bearbeitungsstufe Viertel,val,DSC1641,quarter_suffix_removed,.jpg,1824,1824,3
img_fb56b1d27f64c20e,Zweite Bearbeitungsstufe Viertel/_DSC1641_q3.JPG,Zweite Bearbeitungsstufe Viertel,val,DSC1641,quarter_suffix_removed,.jpg,1824,1824,3
img_97d17ff42c70275d,Zweite Bearbeitungsstufe Viertel/_DSC1641_q4.JPG,Zweite Bearbeitungsstufe Viertel,val,DSC1641,quarter_suffix_removed,.jpg,1824,1824,3
img_68860d41d07937cd,Zweite Bearbeitungsstufe Viertel/_DSC1642_q1.JPG,Zweite Bearbeitungsstufe Viertel,test,DSC1642,quarter_suffix_removed,.jpg,1824,1824,3
img_1cb86981df8e64e5,Zweite Bearbeitungsstufe Viertel/_DSC1642_q3.JPG,Zweite Bearbeitungsstufe Viertel,test,DSC1642,quarter_suffix_removed,.jpg,1824,1824,3
img_b24a78cf8e1052f8,Zweite Bearbeitungsstufe Viertel/_DSC1642_q4.JPG,Zweite Bearbeitungsstufe Viertel,test,DSC1642,quarter_suffix_removed,.jpg,1824,1824,3
img_b5218344823af7e5,Zweite Bearbeitungsstufe Viertel/_DSC1643_q3.JPG,Zweite Bearbeitungsstufe Viertel,train,DSC1643,quarter_suffix_removed,.jpg,1824,1824,3
img_2381625988b44f16,Zweite Bearbeitungsstufe Viertel/_DSC1643_q4.JPG,Zweite Bearbeitungsstufe Viertel,train,DSC1643,quarter_suffix_removed,.jpg,1824,1824,3
img_a05021e26d182905,Zweite Bearbeitungsstufe Viertel/_DSC1644_q1.JPG,Zweite Bearbeitungsstufe Viertel,train,DSC1644,quarter_suffix_removed,.jpg,1824,1824,3
img_d8c65df9f0181c00,Zweite Bearbeitungsstufe Viertel/_DSC1644_q2.JPG,Zweite Bearbeitungsstufe Viertel,train,DSC1644,quarter_suffix_removed,.jpg,1824,1824,3
img_acda7fe388f4ee6d,Zweite Bearbeitungsstufe Viertel/_DSC1644_q3.JPG,Zweite Bearbeitungsstufe Viertel,train,DSC1644,quarter_suffix_removed,.jpg,1824,1824,3
img_455e131359f129ac,Zweite Bearbeitungsstufe Viertel/_DSC1644_q4.JPG,Zweite Bearbeitungsstufe Viertel,train,DSC1644,quarter_suffix_removed,.jpg,1824,1824,3
img_83a2d583e1e56e5d,Zweite Bearbeitungsstufe Viertel/_DSC1645_q1.JPG,Zweite Bearbeitungsstufe Viertel,train,DSC1645,quarter_suffix_removed,.jpg,1824,1824,3
img_d3a8dd479ce36181,Zweite Bearbeitungsstufe Viertel/_DSC1645_q2.JPG,Zweite Bearbeitungsstufe Viertel,train,DSC1645,quarter_suffix_removed,.jpg,1824,1824,3
img_dac249933125419c,Zweite Bearbeitungsstufe Viertel/_DSC1645_q3.JPG,Zweite Bearbeitungsstufe Viertel,train,DSC1645,quarter_suffix_removed,.jpg,1824,1824,3
img_b9f650e208bbb8cb,Zweite Bearbeitungsstufe Viertel/_DSC1645_q4.JPG,Zweite Bearbeitungsstufe Viertel,train,DSC1645,quarter_suffix_removed,.jpg,1824,1824,3
img_c99d6ea92384425b,Zweite Bearbeitungsstufe Viertel/_DSC1646_q1.JPG,Zweite Bearbeitungsstufe Viertel,test,DSC1646,quarter_suffix_removed,.jpg,1824,1824,3
img_76fdb99498658cdf,Zweite Bearbeitungsstufe Viertel/_DSC1646_q2.JPG,Zweite Bearbeitungsstufe Viertel,test,DSC1646,quarter_suffix_removed,.jpg,1824,1824,3
img_ed4660a807f5c2d4,Zweite Bearbeitungsstufe Viertel/_DSC1647_q1.JPG,Zweite Bearbeitungsstufe Viertel,val,DSC1647,quarter_suffix_removed,.jpg,1824,1824,3
img_1617335159d29331,Zweite Bearbeitungsstufe Viertel/_DSC1648_q1.JPG,Zweite Bearbeitungsstufe Viertel,train,DSC1648,quarter_suffix_removed,.jpg,1824,1824,3
img_89e955264faacf74,Zweite Bearbeitungsstufe Viertel/_DSC1648_q2.JPG,Zweite Bearbeitungsstufe Viertel,train,DSC1648,quarter_suffix_removed,.jpg,1824,1824,3
img_6483f390252ac851,Zweite Bearbeitungsstufe Viertel/_DSC1648_q3.JPG,Zweite Bearbeitungsstufe Viertel,train,DSC1648,quarter_suffix_removed,.jpg,1824,1824,3
img_cc31fd09c900ca71,Zweite Bearbeitungsstufe Viertel/_DSC1648_q4.JPG,Zweite Bearbeitungsstufe Viertel,train,DSC1648,quarter_suffix_removed,.jpg,1824,1824,3
img_cd743526ceac9424,Zweite Bearbeitungsstufe Viertel/_DSC1649_q1.JPG,Zweite Bearbeitungsstufe Viertel,train,DSC1649,quarter_suffix_removed,.jpg,1824,1824,3
img_314fe1242972bb1b,Zweite Bearbeitungsstufe Viertel/_DSC1649_q2.JPG,Zweite Bearbeitungsstufe Viertel,train,DSC1649,quarter_suffix_removed,.jpg,1824,1824,3
img_4144885e731e7f1e,Zweite Bearbeitungsstufe Viertel/_DSC1649_q3.JPG,Zweite Bearbeitungsstufe Viertel,train,DSC1649,quarter_suffix_removed,.jpg,1824,1824,3
img_20a4705f81b611d2,Zweite Bearbeitungsstufe Viertel/_DSC1649_q4.JPG,Zweite Bearbeitungsstufe Viertel,train,DSC1649,quarter_suffix_removed,.jpg,1824,1824,3
img_2fe535eaaa97b847,Zweite Bearbeitungsstufe Viertel/_DSC1650_q1.JPG,Zweite Bearbeitungsstufe Viertel,test,DSC1650,quarter_suffix_removed,.jpg,1824,1824,3
img_791fe2c7ee086875,Zweite Bearbeitungsstufe Viertel/_DSC1650_q2.JPG,Zweite Bearbeitungsstufe Viertel,test,DSC1650,quarter_suffix_removed,.jpg,1824,1824,3
img_d673b6060c605d09,Zweite Bearbeitungsstufe Viertel/_DSC1650_q3.JPG,Zweite Bearbeitungsstufe Viertel,test,DSC1650,quarter_suffix_removed,.jpg,1824,1824,3
img_f474dcafb5b39523,Zweite Bearbeitungsstufe Viertel/_DSC1650_q4.JPG,Zweite Bearbeitungsstufe Viertel,test,DSC1650,quarter_suffix_removed,.jpg,1824,1824,3
img_8c839791b5ad58f7,Zweite Bearbeitungsstufe Viertel/_DSC1651_q1.JPG,Zweite Bearbeitungsstufe Viertel,train,DSC1651,quarter_suffix_removed,.jpg,1824,1824,3
img_0e88d7f0ec90a6f5,Zweite Bearbeitungsstufe Viertel/_DSC1651_q2.JPG,Zweite Bearbeitungsstufe Viertel,train,DSC1651,quarter_suffix_removed,.jpg,1824,1824,3
img_3f1f7584dab3a3aa,Zweite Bearbeitungsstufe Viertel/_DSC1651_q3.JPG,Zweite Bearbeitungsstufe Viertel,train,DSC1651,quarter_suffix_removed,.jpg,1824,1824,3
img_521aa6853cf330c9,Zweite Bearbeitungsstufe Viertel/_DSC1651_q4.JPG,Zweite Bearbeitungsstufe Viertel,train,DSC1651,quarter_suffix_removed,.jpg,1824,1824,3
img_a5e0f7d73576147a,Zweite Bearbeitungsstufe Viertel/_DSC1652_q1.JPG,Zweite Bearbeitungsstufe Viertel,val,DSC1652,quarter_suffix_removed,.jpg,1824,1824,3
img_8d7f06d2992e9978,Zweite Bearbeitungsstufe Viertel/_DSC1652_q2.JPG,Zweite Bearbeitungsstufe Viertel,val,DSC1652,quarter_suffix_removed,.jpg,1824,1824,3
img_9b7051a49a9dce73,Zweite Bearbeitungsstufe Viertel/_DSC1652_q3.JPG,Zweite Bearbeitungsstufe Viertel,val,DSC1652,quarter_suffix_removed,.jpg,1824,1824,3
img_80339c12f6b0072d,Zweite Bearbeitungsstufe Viertel/_DSC1652_q4.JPG,Zweite Bearbeitungsstufe Viertel,val,DSC1652,quarter_suffix_removed,.jpg,1824,1824,3
img_6316de5ad3087364,Zweite Bearbeitungsstufe Viertel/_DSC1654_q1.JPG,Zweite Bearbeitungsstufe Viertel,train,DSC1654,quarter_suffix_removed,.jpg,1824,1824,3
img_3e53520efc4d7e5f,Zweite Bearbeitungsstufe Viertel/_DSC1654_q2.JPG,Zweite Bearbeitungsstufe Viertel,train,DSC1654,quarter_suffix_removed,.jpg,1824,1824,3
img_d6c0c2120b9e1bd7,Zweite Bearbeitungsstufe Viertel/_DSC1654_q4.JPG,Zweite Bearbeitungsstufe Viertel,train,DSC1654,quarter_suffix_removed,.jpg,1824,1824,3
img_0631280e0f7e12b7,Zweite Bearbeitungsstufe Viertel/_DSC1655_q1.JPG,Zweite Bearbeitungsstufe Viertel,train,DSC1655,quarter_suffix_removed,.jpg,1824,1824,3
img_f4fc69c328c846fd,Zweite Bearbeitungsstufe Viertel/_DSC1655_q2.JPG,Zweite Bearbeitungsstufe Viertel,train,DSC1655,quarter_suffix_removed,.jpg,1824,1824,3
img_573412e94fc9f73c,Zweite Bearbeitungsstufe Viertel/_DSC1655_q3.JPG,Zweite Bearbeitungsstufe Viertel,train,DSC1655,quarter_suffix_removed,.jpg,1824,1824,3
img_f174ca67c395fbe6,Zweite Bearbeitungsstufe Viertel/_DSC1656_q1.JPG,Zweite Bearbeitungsstufe Viertel,train,DSC1656,quarter_suffix_removed,.jpg,1824,1824,3
img_db6e241dc1010048,Zweite Bearbeitungsstufe Viertel/_DSC1656_q2.JPG,Zweite Bearbeitungsstufe Viertel,train,DSC1656,quarter_suffix_removed,.jpg,1824,1824,3
img_86c5e8aa4e0a572c,Zweite Bearbeitungsstufe Viertel/_DSC1656_q3.JPG,Zweite Bearbeitungsstufe Viertel,train,DSC1656,quarter_suffix_removed,.jpg,1824,1824,3
img_d7bc5f987af7b223,Zweite Bearbeitungsstufe Viertel/_DSC1656_q4.JPG,Zweite Bearbeitungsstufe Viertel,train,DSC1656,quarter_suffix_removed,.jpg,1824,1824,3
img_562b6eaf40b2003b,Zweite Bearbeitungsstufe Viertel/_DSC1657_q1.JPG,Zweite Bearbeitungsstufe Viertel,train,DSC1657,quarter_suffix_removed,.jpg,1824,1824,3
img_fab0f309a918c772,Zweite Bearbeitungsstufe Viertel/_DSC1657_q2.JPG,Zweite Bearbeitungsstufe Viertel,train,DSC1657,quarter_suffix_removed,.jpg,1824,1824,3
img_1c24ca5627ae418e,Zweite Bearbeitungsstufe Viertel/_DSC1658_q1.JPG,Zweite Bearbeitungsstufe Viertel,train,DSC1658,quarter_suffix_removed,.jpg,1824,1824,3
img_99697826b46a4d9e,Zweite Bearbeitungsstufe Viertel/_DSC1658_q2.JPG,Zweite Bearbeitungsstufe Viertel,train,DSC1658,quarter_suffix_removed,.jpg,1824,1824,3
img_5fd3d868e80c9516,Zweite Bearbeitungsstufe Viertel/_DSC1658_q3.JPG,Zweite Bearbeitungsstufe Viertel,train,DSC1658,quarter_suffix_removed,.jpg,1824,1824,3
img_ee39af9bdf7aa61a,Zweite Bearbeitungsstufe Viertel/_DSC1658_q4.JPG,Zweite Bearbeitungsstufe Viertel,train,DSC1658,quarter_suffix_removed,.jpg,1824,1824,3
img_dff0dd7d8b4389aa,Zweite Bearbeitungsstufe Viertel/_DSC1660_q3.JPG,Zweite Bearbeitungsstufe Viertel,train,DSC1660,quarter_suffix_removed,.jpg,1824,1824,3
img_6bc0177960164e13,Zweite Bearbeitungsstufe Viertel/_DSC1660_q4.JPG,Zweite Bearbeitungsstufe Viertel,train,DSC1660,quarter_suffix_removed,.jpg,1824,1824,3
img_9b3304de8696e150,Zweite Bearbeitungsstufe Viertel/_DSC1662_q1.JPG,Zweite Bearbeitungsstufe Viertel,val,DSC1662,quarter_suffix_removed,.jpg,1824,1824,3
img_5c56557854e3219b,Zweite Bearbeitungsstufe Viertel/_DSC1662_q3.JPG,Zweite Bearbeitungsstufe Viertel,val,DSC1662,quarter_suffix_removed,.jpg,1824,1824,3
img_c4976e94c0e7350d,Zweite Bearbeitungsstufe Viertel/_DSC1662_q4.JPG,Zweite Bearbeitungsstufe Viertel,val,DSC1662,quarter_suffix_removed,.jpg,1824,1824,3
img_da8e3fabe4a6e94a,Zweite Bearbeitungsstufe Viertel/_DSC1663_q3.JPG,Zweite Bearbeitungsstufe Viertel,val,DSC1663,quarter_suffix_removed,.jpg,1824,1824,3
img_359b6dfab1f85f36,Zweite Bearbeitungsstufe Viertel/_DSC1663_q4.JPG,Zweite Bearbeitungsstufe Viertel,val,DSC1663,quarter_suffix_removed,.jpg,1824,1824,3
img_0eee2bd2d868782e,Zweite Bearbeitungsstufe Viertel/_DSC1664_q3.JPG,Zweite Bearbeitungsstufe Viertel,train,DSC1664,quarter_suffix_removed,.jpg,1824,1824,3
img_f6ce14b6b66769fa,Zweite Bearbeitungsstufe Viertel/_DSC1664_q4.JPG,Zweite Bearbeitungsstufe Viertel,train,DSC1664,quarter_suffix_removed,.jpg,1824,1824,3
img_e3ed81962644f628,Zweite Bearbeitungsstufe Viertel/_DSC1665_q3.JPG,Zweite Bearbeitungsstufe Viertel,train,DSC1665,quarter_suffix_removed,.jpg,1824,1824,3
img_f35efafa0865dee6,Zweite Bearbeitungsstufe Viertel/_DSC1666_q3.JPG,Zweite Bearbeitungsstufe Viertel,train,DSC1666,quarter_suffix_removed,.jpg,1824,1824,3
img_02e990dd5f5bf3d9,Zweite Bearbeitungsstufe Viertel/_DSC1666_q4.JPG,Zweite Bearbeitungsstufe Viertel,train,DSC1666,quarter_suffix_removed,.jpg,1824,1824,3
img_314ae1edb663cbc7,Zweite Bearbeitungsstufe Viertel/_DSC1667_q1.JPG,Zweite Bearbeitungsstufe Viertel,train,DSC1667,quarter_suffix_removed,.jpg,1824,1824,3
img_199a968083e00023,Zweite Bearbeitungsstufe Viertel/_DSC1667_q2.JPG,Zweite Bearbeitungsstufe Viertel,train,DSC1667,quarter_suffix_removed,.jpg,1824,1824,3
img_b60e1c1931f8da61,Zweite Bearbeitungsstufe Viertel/_DSC1667_q3.JPG,Zweite Bearbeitungsstufe Viertel,train,DSC1667,quarter_suffix_removed,.jpg,1824,1824,3
img_28e710ec9690c78b,Zweite Bearbeitungsstufe Viertel/_DSC1667_q4.JPG,Zweite Bearbeitungsstufe Viertel,train,DSC1667,quarter_suffix_removed,.jpg,1824,1824,3
img_3df05c2331fe5b3d,Zweite Bearbeitungsstufe Viertel/_DSC1668_q3.JPG,Zweite Bearbeitungsstufe Viertel,train,DSC1668,quarter_suffix_removed,.jpg,1824,1824,3
img_c82f0dab6adfa041,Zweite Bearbeitungsstufe Viertel/_DSC1668_q4.JPG,Zweite Bearbeitungsstufe Viertel,train,DSC1668,quarter_suffix_removed,.jpg,1824,1824,3
img_df097153f916ae1d,Zweite Bearbeitungsstufe Viertel/_DSC1669_q1.JPG,Zweite Bearbeitungsstufe Viertel,val,DSC1669,quarter_suffix_removed,.jpg,1824,1824,3
img_9243fe508521038e,Zweite Bearbeitungsstufe Viertel/_DSC1669_q3.JPG,Zweite Bearbeitungsstufe Viertel,val,DSC1669,quarter_suffix_removed,.jpg,1824,1824,3
img_d04c91133354b71a,Zweite Bearbeitungsstufe Viertel/_DSC1670_q1.JPG,Zweite Bearbeitungsstufe Viertel,train,DSC1670,quarter_suffix_removed,.jpg,1824,1824,3
img_841fd18aa7af29cb,Zweite Bearbeitungsstufe Viertel/_DSC1670_q2.JPG,Zweite Bearbeitungsstufe Viertel,train,DSC1670,quarter_suffix_removed,.jpg,1824,1824,3
img_a87ea0e68efb5a7c,Zweite Bearbeitungsstufe Viertel/_DSC1670_q3.JPG,Zweite Bearbeitungsstufe Viertel,train,DSC1670,quarter_suffix_removed,.jpg,1824,1824,3
img_228b1febe015889c,Zweite Bearbeitungsstufe Viertel/_DSC1670_q4.JPG,Zweite Bearbeitungsstufe Viertel,train,DSC1670,quarter_suffix_removed,.jpg,1824,1824,3
img_14f5cdf02d62f5ea,Zweite Bearbeitungsstufe Viertel/_DSC1671_q1.JPG,Zweite Bearbeitungsstufe Viertel,test,DSC1671,quarter_suffix_removed,.jpg,1824,1824,3
img_ec0e6fdde548f719,Zweite Bearbeitungsstufe Viertel/_DSC1671_q2.JPG,Zweite Bearbeitungsstufe Viertel,test,DSC1671,quarter_suffix_removed,.jpg,1824,1824,3
img_9187ed061d9ef976,Zweite Bearbeitungsstufe Viertel/_DSC1671_q3.JPG,Zweite Bearbeitungsstufe Viertel,test,DSC1671,quarter_suffix_removed,.jpg,1824,1824,3
img_2f04b0224b39f1c9,Zweite Bearbeitungsstufe Viertel/_DSC1671_q4.JPG,Zweite Bearbeitungsstufe Viertel,test,DSC1671,quarter_suffix_removed,.jpg,1824,1824,3
img_4ebc6d00c6648952,Zweite Bearbeitungsstufe Viertel/_DSC1672_q1.JPG,Zweite Bearbeitungsstufe Viertel,train,DSC1672,quarter_suffix_removed,.jpg,1824,1824,3
img_aa2cf86dadf918d3,Zweite Bearbeitungsstufe Viertel/_DSC1672_q2.JPG,Zweite Bearbeitungsstufe Viertel,train,DSC1672,quarter_suffix_removed,.jpg,1824,1824,3
img_ec07cd1485fd0236,Zweite Bearbeitungsstufe Viertel/_DSC1672_q3.JPG,Zweite Bearbeitungsstufe Viertel,train,DSC1672,quarter_suffix_removed,.jpg,1824,1824,3
img_4ce39da8affb65d3,Zweite Bearbeitungsstufe Viertel/_DSC1672_q4.JPG,Zweite Bearbeitungsstufe Viertel,train,DSC1672,quarter_suffix_removed,.jpg,1824,1824,3
img_8a7c8443ea4e63dd,Zweite Bearbeitungsstufe Viertel/_DSC1675_q1.JPG,Zweite Bearbeitungsstufe Viertel,train,DSC1675,quarter_suffix_removed,.jpg,1824,1824,3
img_689d29c3f5541ac7,Zweite Bearbeitungsstufe Viertel/_DSC1675_q2.JPG,Zweite Bearbeitungsstufe Viertel,train,DSC1675,quarter_suffix_removed,.jpg,1824,1824,3
img_9658230b1af5954f,Zweite Bearbeitungsstufe Viertel/_DSC1675_q3.JPG,Zweite Bearbeitungsstufe Viertel,train,DSC1675,quarter_suffix_removed,.jpg,1824,1824,3
img_9119df6a8f2ce3d2,Zweite Bearbeitungsstufe Viertel/_DSC1676_q1.JPG,Zweite Bearbeitungsstufe Viertel,train,DSC1676,quarter_suffix_removed,.jpg,1824,1824,3
img_eb9b1d594fac85b3,Zweite Bearbeitungsstufe Viertel/_DSC1676_q2.JPG,Zweite Bearbeitungsstufe Viertel,train,DSC1676,quarter_suffix_removed,.jpg,1824,1824,3
img_15527cf257ccd89c,Zweite Bearbeitungsstufe Viertel/_DSC1676_q4.JPG,Zweite Bearbeitungsstufe Viertel,train,DSC1676,quarter_suffix_removed,.jpg,1824,1824,3
img_bc4d8b884253f2e9,Zweite Bearbeitungsstufe Viertel/_DSC1677_q1.JPG,Zweite Bearbeitungsstufe Viertel,val,DSC1677,quarter_suffix_removed,.jpg,1824,1824,3
img_967bcffc17d34b7b,Zweite Bearbeitungsstufe Viertel/_DSC1677_q2.JPG,Zweite Bearbeitungsstufe Viertel,val,DSC1677,quarter_suffix_removed,.jpg,1824,1824,3
img_2211315d0d9fc8ed,Zweite Bearbeitungsstufe Viertel/_DSC1677_q3.JPG,Zweite Bearbeitungsstufe Viertel,val,DSC1677,quarter_suffix_removed,.jpg,1824,1824,3
img_93e890b2dad99fa9,Zweite Bearbeitungsstufe Viertel/_DSC1677_q4.JPG,Zweite Bearbeitungsstufe Viertel,val,DSC1677,quarter_suffix_removed,.jpg,1824,1824,3
img_5b3c245df7a53953,Zweite Bearbeitungsstufe Viertel/_DSC1678_q1.JPG,Zweite Bearbeitungsstufe Viertel,train,DSC1678,quarter_suffix_removed,.jpg,1824,1824,3
img_36ca3a48a516b2a9,Zweite Bearbeitungsstufe Viertel/_DSC1678_q2.JPG,Zweite Bearbeitungsstufe Viertel,train,DSC1678,quarter_suffix_removed,.jpg,1824,1824,3
img_374c8e11cdf2a1dc,Zweite Bearbeitungsstufe Viertel/_DSC1679_q1.JPG,Zweite Bearbeitungsstufe Viertel,train,DSC1679,quarter_suffix_removed,.jpg,1824,1824,3
img_02e9a1ab9a8ed298,Zweite Bearbeitungsstufe Viertel/_DSC1679_q2.JPG,Zweite Bearbeitungsstufe Viertel,train,DSC1679,quarter_suffix_removed,.jpg,1824,1824,3
img_e736afdbfcc25b4b,Zweite Bearbeitungsstufe Viertel/_DSC1679_q3.JPG,Zweite Bearbeitungsstufe Viertel,train,DSC1679,quarter_suffix_removed,.jpg,1824,1824,3
img_aed5b6dbe92c4c89,Zweite Bearbeitungsstufe Viertel/_DSC1679_q4.JPG,Zweite Bearbeitungsstufe Viertel,train,DSC1679,quarter_suffix_removed,.jpg,1824,1824,3
img_b50661cc17aacfa8,Zweite Bearbeitungsstufe Viertel/_DSC1680_q1.JPG,Zweite Bearbeitungsstufe Viertel,test,DSC1680,quarter_suffix_removed,.jpg,1824,1824,3
img_db0c92f4042f78f2,Zweite Bearbeitungsstufe Viertel/_DSC1680_q2.JPG,Zweite Bearbeitungsstufe Viertel,test,DSC1680,quarter_suffix_removed,.jpg,1824,1824,3
img_54f3a2514ff2ab07,Zweite Bearbeitungsstufe Viertel/_DSC1680_q4.JPG,Zweite Bearbeitungsstufe Viertel,test,DSC1680,quarter_suffix_removed,.jpg,1824,1824,3
img_bc0f1a16ca9d31de,Zweite Bearbeitungsstufe Viertel/_DSC1681_q1.JPG,Zweite Bearbeitungsstufe Viertel,train,DSC1681,quarter_suffix_removed,.jpg,1824,1824,3
img_2d97da0183522222,Zweite Bearbeitungsstufe Viertel/_DSC1681_q2.JPG,Zweite Bearbeitungsstufe Viertel,train,DSC1681,quarter_suffix_removed,.jpg,1824,1824,3
img_fd5cd7e8ec544ad1,Zweite Bearbeitungsstufe Viertel/_DSC1681_q3.JPG,Zweite Bearbeitungsstufe Viertel,train,DSC1681,quarter_suffix_removed,.jpg,1824,1824,3
img_339c898f295b4db4,Zweite Bearbeitungsstufe Viertel/_DSC1681_q4.JPG,Zweite Bearbeitungsstufe Viertel,train,DSC1681,quarter_suffix_removed,.jpg,1824,1824,3
img_1f65fe59b7c18529,Zweite Bearbeitungsstufe Viertel/_DSC1683_q1.JPG,Zweite Bearbeitungsstufe Viertel,train,DSC1683,quarter_suffix_removed,.jpg,1824,1824,3
img_241a73f7e33fb4e7,Zweite Bearbeitungsstufe Viertel/_DSC1683_q2.JPG,Zweite Bearbeitungsstufe Viertel,train,DSC1683,quarter_suffix_removed,.jpg,1824,1824,3
img_2276916dba166740,Zweite Bearbeitungsstufe Viertel/_DSC1683_q4.JPG,Zweite Bearbeitungsstufe Viertel,train,DSC1683,quarter_suffix_removed,.jpg,1824,1824,3
img_95f6fa5e14f623f7,Zweite Bearbeitungsstufe Viertel/_DSC1684_q1.JPG,Zweite Bearbeitungsstufe Viertel,test,DSC1684,quarter_suffix_removed,.jpg,1824,1824,3
img_f7221aa807950979,Zweite Bearbeitungsstufe Viertel/_DSC1684_q2.JPG,Zweite Bearbeitungsstufe Viertel,test,DSC1684,quarter_suffix_removed,.jpg,1824,1824,3
img_4b0a6b968d601164,Zweite Bearbeitungsstufe Viertel/_DSC1685_q1.JPG,Zweite Bearbeitungsstufe Viertel,train,DSC1685,quarter_suffix_removed,.jpg,1824,1824,3
img_93bef802692a7896,Zweite Bearbeitungsstufe Viertel/_DSC1685_q2.JPG,Zweite Bearbeitungsstufe Viertel,train,DSC1685,quarter_suffix_removed,.jpg,1824,1824,3
img_4a11a0ad08fc92fc,Zweite Bearbeitungsstufe Viertel/_DSC1687_q1.JPG,Zweite Bearbeitungsstufe Viertel,train,DSC1687,quarter_suffix_removed,.jpg,1824,1824,3
img_905cdb47b81ae662,Zweite Bearbeitungsstufe Viertel/_DSC1687_q2.JPG,Zweite Bearbeitungsstufe Viertel,train,DSC1687,quarter_suffix_removed,.jpg,1824,1824,3
img_2cee6dd09d65b9f9,Zweite Bearbeitungsstufe Viertel/_DSC1687_q4.JPG,Zweite Bearbeitungsstufe Viertel,train,DSC1687,quarter_suffix_removed,.jpg,1824,1824,3
img_bb2df7a8e2b0113b,Zweite Bearbeitungsstufe Viertel/_DSC1906_q1.JPG,Zweite Bearbeitungsstufe Viertel,train,DSC1906,quarter_suffix_removed,.jpg,1824,1824,3
img_635be83e107978c0,Zweite Bearbeitungsstufe Viertel/_DSC1906_q2.JPG,Zweite Bearbeitungsstufe Viertel,train,DSC1906,quarter_suffix_removed,.jpg,1824,1824,3
img_d1401c75ecadb255,Zweite Bearbeitungsstufe Viertel/_DSC1906_q3.JPG,Zweite Bearbeitungsstufe Viertel,train,DSC1906,quarter_suffix_removed,.jpg,1824,1824,3
img_f5a999a96d879eaa,Zweite Bearbeitungsstufe Viertel/_DSC1906_q4.JPG,Zweite Bearbeitungsstufe Viertel,train,DSC1906,quarter_suffix_removed,.jpg,1824,1824,3
img_b21dcd9c640a0dd5,Zweite Bearbeitungsstufe Viertel/_DSC1907_q1.JPG,Zweite Bearbeitungsstufe Viertel,test,DSC1907,quarter_suffix_removed,.jpg,1824,1824,3
img_096eafdbc5351438,Zweite Bearbeitungsstufe Viertel/_DSC1907_q2.JPG,Zweite Bearbeitungsstufe Viertel,test,DSC1907,quarter_suffix_removed,.jpg,1824,1824,3
img_b90f2ef3d40a181f,Zweite Bearbeitungsstufe Viertel/_DSC1907_q3.JPG,Zweite Bearbeitungsstufe Viertel,test,DSC1907,quarter_suffix_removed,.jpg,1824,1824,3
img_b6ad447f33f37acb,Zweite Bearbeitungsstufe Viertel/_DSC1907_q4.JPG,Zweite Bearbeitungsstufe Viertel,test,DSC1907,quarter_suffix_removed,.jpg,1824,1824,3
img_bfbacddcd2ff899f,Zweite Bearbeitungsstufe Viertel/_DSC1908_q1.JPG,Zweite Bearbeitungsstufe Viertel,train,DSC1908,quarter_suffix_removed,.jpg,1824,1824,3
img_20574e86bce713b3,Zweite Bearbeitungsstufe Viertel/_DSC1908_q2.JPG,Zweite Bearbeitungsstufe Viertel,train,DSC1908,quarter_suffix_removed,.jpg,1824,1824,3
img_5be4959603a3126e,Zweite Bearbeitungsstufe Viertel/_DSC1908_q3.JPG,Zweite Bearbeitungsstufe Viertel,train,DSC1908,quarter_suffix_removed,.jpg,1824,1824,3
img_02210ee0845fec41,Zweite Bearbeitungsstufe Viertel/_DSC1908_q4.JPG,Zweite Bearbeitungsstufe Viertel,train,DSC1908,quarter_suffix_removed,.jpg,1824,1824,3
img_dfd034dc7a42e7fe,Zweite Bearbeitungsstufe Viertel/_DSC1909_q1.JPG,Zweite Bearbeitungsstufe Viertel,val,DSC1909,quarter_suffix_removed,.jpg,1824,1824,3
img_c81fee7c63784da9,Zweite Bearbeitungsstufe Viertel/_DSC1909_q2.JPG,Zweite Bearbeitungsstufe Viertel,val,DSC1909,quarter_suffix_removed,.jpg,1824,1824,3
img_e26c394a04ef232d,Zweite Bearbeitungsstufe Viertel/_DSC1909_q3.JPG,Zweite Bearbeitungsstufe Viertel,val,DSC1909,quarter_suffix_removed,.jpg,1824,1824,3
img_7bf3a736f7f2252e,Zweite Bearbeitungsstufe Viertel/_DSC1909_q4.JPG,Zweite Bearbeitungsstufe Viertel,val,DSC1909,quarter_suffix_removed,.jpg,1824,1824,3
img_a6532881804ab48e,Zweite Bearbeitungsstufe Viertel/_DSC1910_q1.JPG,Zweite Bearbeitungsstufe Viertel,train,DSC1910,quarter_suffix_removed,.jpg,1824,1824,3
img_973f6501d1f40664,Zweite Bearbeitungsstufe Viertel/_DSC1910_q2.JPG,Zweite Bearbeitungsstufe Viertel,train,DSC1910,quarter_suffix_removed,.jpg,1824,1824,3
img_34d141e1c9dcacb5,Zweite Bearbeitungsstufe Viertel/_DSC1910_q3.JPG,Zweite Bearbeitungsstufe Viertel,train,DSC1910,quarter_suffix_removed,.jpg,1824,1824,3
img_5c93adba3e37964d,Zweite Bearbeitungsstufe Viertel/_DSC1910_q4.JPG,Zweite Bearbeitungsstufe Viertel,train,DSC1910,quarter_suffix_removed,.jpg,1824,1824,3
img_03b3f8beb283c251,Zweite Bearbeitungsstufe Viertel/_DSC1911_q1.JPG,Zweite Bearbeitungsstufe Viertel,train,DSC1911,quarter_suffix_removed,.jpg,1824,1824,3
img_af4d9869144f2d9d,Zweite Bearbeitungsstufe Viertel/_DSC1911_q2.JPG,Zweite Bearbeitungsstufe Viertel,train,DSC1911,quarter_suffix_removed,.jpg,1824,1824,3
img_8b72888d6b3cdaac,Zweite Bearbeitungsstufe Viertel/_DSC1911_q3.JPG,Zweite Bearbeitungsstufe Viertel,train,DSC1911,quarter_suffix_removed,.jpg,1824,1824,3
img_fcf1780392bd5066,Zweite Bearbeitungsstufe Viertel/_DSC1911_q4.JPG,Zweite Bearbeitungsstufe Viertel,train,DSC1911,quarter_suffix_removed,.jpg,1824,1824,3
img_8772dc77ce6c6907,Zweite Bearbeitungsstufe Viertel/_DSC1913_q1.JPG,Zweite Bearbeitungsstufe Viertel,train,DSC1913,quarter_suffix_removed,.jpg,1824,1824,3
img_b4efc8f01dfd083f,Zweite Bearbeitungsstufe Viertel/_DSC1913_q2.JPG,Zweite Bearbeitungsstufe Viertel,train,DSC1913,quarter_suffix_removed,.jpg,1824,1824,3
img_a4aeaaf07db6b70d,Zweite Bearbeitungsstufe Viertel/_DSC1913_q3.JPG,Zweite Bearbeitungsstufe Viertel,train,DSC1913,quarter_suffix_removed,.jpg,1824,1824,3
img_799ecea4b77ad081,Zweite Bearbeitungsstufe Viertel/_DSC1913_q4.JPG,Zweite Bearbeitungsstufe Viertel,train,DSC1913,quarter_suffix_removed,.jpg,1824,1824,3
img_d6b6b2d316c3fb04,Zweite Bearbeitungsstufe Viertel/_DSC1914_q1.JPG,Zweite Bearbeitungsstufe Viertel,train,DSC1914,quarter_suffix_removed,.jpg,1824,1824,3
img_cb407de2c7dd7110,Zweite Bearbeitungsstufe Viertel/_DSC1914_q2.JPG,Zweite Bearbeitungsstufe Viertel,train,DSC1914,quarter_suffix_removed,.jpg,1824,1824,3
img_980e5f98a81f711b,Zweite Bearbeitungsstufe Viertel/_DSC1914_q3.JPG,Zweite Bearbeitungsstufe Viertel,train,DSC1914,quarter_suffix_removed,.jpg,1824,1824,3
img_001de658973a8dea,Zweite Bearbeitungsstufe Viertel/_DSC1914_q4.JPG,Zweite Bearbeitungsstufe Viertel,train,DSC1914,quarter_suffix_removed,.jpg,1824,1824,3
img_3ae6a09c69d64551,Zweite Bearbeitungsstufe Viertel/_DSC1915_q1.JPG,Zweite Bearbeitungsstufe Viertel,test,DSC1915,quarter_suffix_removed,.jpg,1824,1824,3
img_e8b9db24d7287333,Zweite Bearbeitungsstufe Viertel/_DSC1915_q2.JPG,Zweite Bearbeitungsstufe Viertel,test,DSC1915,quarter_suffix_removed,.jpg,1824,1824,3
img_7db67473977542a1,Zweite Bearbeitungsstufe Viertel/_DSC1915_q3.JPG,Zweite Bearbeitungsstufe Viertel,test,DSC1915,quarter_suffix_removed,.jpg,1824,1824,3
img_100b2178ac6d1a88,Zweite Bearbeitungsstufe Viertel/_DSC1915_q4.JPG,Zweite Bearbeitungsstufe Viertel,test,DSC1915,quarter_suffix_removed,.jpg,1824,1824,3
img_639adc36cec0960e,Zweite Bearbeitungsstufe Viertel/_DSC1916_q1.JPG,Zweite Bearbeitungsstufe Viertel,train,DSC1916,quarter_suffix_removed,.jpg,1824,1824,3
img_409dfbd9971d44e6,Zweite Bearbeitungsstufe Viertel/_DSC1916_q2.JPG,Zweite Bearbeitungsstufe Viertel,train,DSC1916,quarter_suffix_removed,.jpg,1824,1824,3
img_864bac305ec57482,Zweite Bearbeitungsstufe Viertel/_DSC1916_q3.JPG,Zweite Bearbeitungsstufe Viertel,train,DSC1916,quarter_suffix_removed,.jpg,1824,1824,3
img_0584e7865cbf0c2a,Zweite Bearbeitungsstufe Viertel/_DSC1916_q4.JPG,Zweite Bearbeitungsstufe Viertel,train,DSC1916,quarter_suffix_removed,.jpg,1824,1824,3
img_0d37333cfb584892,Zweite Bearbeitungsstufe Viertel/_DSC1917_q1.JPG,Zweite Bearbeitungsstufe Viertel,val,DSC1917,quarter_suffix_removed,.jpg,1824,1824,3
img_20243dd3f517f980,Zweite Bearbeitungsstufe Viertel/_DSC1917_q2.JPG,Zweite Bearbeitungsstufe Viertel,val,DSC1917,quarter_suffix_removed,.jpg,1824,1824,3
img_aeb7890e7347627e,Zweite Bearbeitungsstufe Viertel/_DSC1917_q3.JPG,Zweite Bearbeitungsstufe Viertel,val,DSC1917,quarter_suffix_removed,.jpg,1824,1824,3
img_a741448746b7ae7d,Zweite Bearbeitungsstufe Viertel/_DSC1918_q1.JPG,Zweite Bearbeitungsstufe Viertel,val,DSC1918,quarter_suffix_removed,.jpg,1824,1824,3
img_59017c6cb0440bee,Zweite Bearbeitungsstufe Viertel/_DSC1918_q2.JPG,Zweite Bearbeitungsstufe Viertel,val,DSC1918,quarter_suffix_removed,.jpg,1824,1824,3
img_4fbbb656b640171b,Zweite Bearbeitungsstufe Viertel/_DSC1918_q3.JPG,Zweite Bearbeitungsstufe Viertel,val,DSC1918,quarter_suffix_removed,.jpg,1824,1824,3
img_cca2066d7eeca69f,Zweite Bearbeitungsstufe Viertel/_DSC1918_q4.JPG,Zweite Bearbeitungsstufe Viertel,val,DSC1918,quarter_suffix_removed,.jpg,1824,1824,3
img_14a9019125019158,Zweite Bearbeitungsstufe Viertel/_DSC1919_q1.JPG,Zweite Bearbeitungsstufe Viertel,train,DSC1919,quarter_suffix_removed,.jpg,1824,1824,3
img_e48b232be4f67958,Zweite Bearbeitungsstufe Viertel/_DSC1919_q2.JPG,Zweite Bearbeitungsstufe Viertel,train,DSC1919,quarter_suffix_removed,.jpg,1824,1824,3
img_9ae784305f1fff80,Zweite Bearbeitungsstufe Viertel/_DSC1919_q3.JPG,Zweite Bearbeitungsstufe Viertel,train,DSC1919,quarter_suffix_removed,.jpg,1824,1824,3
img_2acc30e4025568ec,Zweite Bearbeitungsstufe Viertel/_DSC1922_q1.JPG,Zweite Bearbeitungsstufe Viertel,test,DSC1922,quarter_suffix_removed,.jpg,1824,1824,3
img_a6a5fc8386313a08,Zweite Bearbeitungsstufe Viertel/_DSC1922_q3.JPG,Zweite Bearbeitungsstufe Viertel,test,DSC1922,quarter_suffix_removed,.jpg,1824,1824,3
img_ef349a4ebcdc7163,Zweite Bearbeitungsstufe Viertel/_DSC1922_q4.JPG,Zweite Bearbeitungsstufe Viertel,test,DSC1922,quarter_suffix_removed,.jpg,1824,1824,3
img_063ae2af4566f36a,Zweite Bearbeitungsstufe Viertel/_DSC1923_q1.JPG,Zweite Bearbeitungsstufe Viertel,train,DSC1923,quarter_suffix_removed,.jpg,1824,1824,3
img_879afa2f90d9dfaf,Zweite Bearbeitungsstufe Viertel/_DSC1923_q2.JPG,Zweite Bearbeitungsstufe Viertel,train,DSC1923,quarter_suffix_removed,.jpg,1824,1824,3
img_67b84116627959ac,Zweite Bearbeitungsstufe Viertel/_DSC1923_q3.JPG,Zweite Bearbeitungsstufe Viertel,train,DSC1923,quarter_suffix_removed,.jpg,1824,1824,3
img_f0eb0f1f9f0347f4,Zweite Bearbeitungsstufe Viertel/_DSC1923_q4.JPG,Zweite Bearbeitungsstufe Viertel,train,DSC1923,quarter_suffix_removed,.jpg,1824,1824,3
img_a74bab5aa4ae82ec,Zweite Bearbeitungsstufe Viertel/_DSC1925_q1.JPG,Zweite Bearbeitungsstufe Viertel,train,DSC1925,quarter_suffix_removed,.jpg,1824,1824,3
img_30a9758cd5b6dc3c,Zweite Bearbeitungsstufe Viertel/_DSC1925_q2.JPG,Zweite Bearbeitungsstufe Viertel,train,DSC1925,quarter_suffix_removed,.jpg,1824,1824,3
img_c3e9f8616faf31a9,Zweite Bearbeitungsstufe Viertel/_DSC1925_q3.JPG,Zweite Bearbeitungsstufe Viertel,train,DSC1925,quarter_suffix_removed,.jpg,1824,1824,3
img_cfe103d4cc654c8d,Zweite Bearbeitungsstufe Viertel/_DSC1925_q4.JPG,Zweite Bearbeitungsstufe Viertel,train,DSC1925,quarter_suffix_removed,.jpg,1824,1824,3
img_f05cf21b23987cf1,Zweite Bearbeitungsstufe Viertel/_DSC1926_q1.JPG,Zweite Bearbeitungsstufe Viertel,train,DSC1926,quarter_suffix_removed,.jpg,1824,1824,3
img_9f1b30316f2285ce,Zweite Bearbeitungsstufe Viertel/_DSC1926_q2.JPG,Zweite Bearbeitungsstufe Viertel,train,DSC1926,quarter_suffix_removed,.jpg,1824,1824,3
img_23b916319c1b5b85,Zweite Bearbeitungsstufe Viertel/_DSC1926_q3.JPG,Zweite Bearbeitungsstufe Viertel,train,DSC1926,quarter_suffix_removed,.jpg,1824,1824,3
img_fa7dc7556e765343,Zweite Bearbeitungsstufe Viertel/_DSC1926_q4.JPG,Zweite Bearbeitungsstufe Viertel,train,DSC1926,quarter_suffix_removed,.jpg,1824,1824,3
img_b6b774da3aadb32d,Zweite Bearbeitungsstufe Viertel/_DSC1927_q1.JPG,Zweite Bearbeitungsstufe Viertel,train,DSC1927,quarter_suffix_removed,.jpg,1824,1824,3
img_e5721b4950272b56,Zweite Bearbeitungsstufe Viertel/_DSC1927_q2.JPG,Zweite Bearbeitungsstufe Viertel,train,DSC1927,quarter_suffix_removed,.jpg,1824,1824,3
img_90a6d47426c97dd5,Zweite Bearbeitungsstufe Viertel/_DSC1927_q3.JPG,Zweite Bearbeitungsstufe Viertel,train,DSC1927,quarter_suffix_removed,.jpg,1824,1824,3
img_809652ea5a5a6095,Zweite Bearbeitungsstufe Viertel/_DSC1927_q4.JPG,Zweite Bearbeitungsstufe Viertel,train,DSC1927,quarter_suffix_removed,.jpg,1824,1824,3
img_0c678b10d1b6170b,Zweite Bearbeitungsstufe Viertel/_DSC1928_q1.JPG,Zweite Bearbeitungsstufe Viertel,test,DSC1928,quarter_suffix_removed,.jpg,1824,1824,3
img_33c07eec20df7bef,Zweite Bearbeitungsstufe Viertel/_DSC1928_q2.JPG,Zweite Bearbeitungsstufe Viertel,test,DSC1928,quarter_suffix_removed,.jpg,1824,1824,3
img_d192d105fbcbc1b5,Zweite Bearbeitungsstufe Viertel/_DSC1928_q3.JPG,Zweite Bearbeitungsstufe Viertel,test,DSC1928,quarter_suffix_removed,.jpg,1824,1824,3
img_e832db8ca450077d,Zweite Bearbeitungsstufe Viertel/_DSC1928_q4.JPG,Zweite Bearbeitungsstufe Viertel,test,DSC1928,quarter_suffix_removed,.jpg,1824,1824,3
img_11feaee9e1aae465,Zweite Bearbeitungsstufe Viertel/_DSC1929_q1.JPG,Zweite Bearbeitungsstufe Viertel,train,DSC1929,quarter_suffix_removed,.jpg,1824,1824,3
img_9ae67512b094dfc8,Zweite Bearbeitungsstufe Viertel/_DSC1929_q2.JPG,Zweite Bearbeitungsstufe Viertel,train,DSC1929,quarter_suffix_removed,.jpg,1824,1824,3
img_54759ca1df3d55bd,Zweite Bearbeitungsstufe Viertel/_DSC1929_q3.JPG,Zweite Bearbeitungsstufe Viertel,train,DSC1929,quarter_suffix_removed,.jpg,1824,1824,3
img_5d7986555badcdd5,Zweite Bearbeitungsstufe Viertel/_DSC1929_q4.JPG,Zweite Bearbeitungsstufe Viertel,train,DSC1929,quarter_suffix_removed,.jpg,1824,1824,3
img_695d92b8ef4ec2ed,Zweite Bearbeitungsstufe Viertel/_DSC1930_q1.JPG,Zweite Bearbeitungsstufe Viertel,train,DSC1930,quarter_suffix_removed,.jpg,1824,1824,3
img_5db9047a12b70d22,Zweite Bearbeitungsstufe Viertel/_DSC1930_q2.JPG,Zweite Bearbeitungsstufe Viertel,train,DSC1930,quarter_suffix_removed,.jpg,1824,1824,3
img_7eb510e6b874d482,Zweite Bearbeitungsstufe Viertel/_DSC1930_q4.JPG,Zweite Bearbeitungsstufe Viertel,train,DSC1930,quarter_suffix_removed,.jpg,1824,1824,3
img_7f664c1e65932713,Zweite Bearbeitungsstufe Viertel/_DSC1931_q1.JPG,Zweite Bearbeitungsstufe Viertel,train,DSC1931,quarter_suffix_removed,.jpg,1824,1824,3
img_c1ce677624b39882,Zweite Bearbeitungsstufe Viertel/_DSC1931_q3.JPG,Zweite Bearbeitungsstufe Viertel,train,DSC1931,quarter_suffix_removed,.jpg,1824,1824,3
img_cc9fea826ec3cb66,Zweite Bearbeitungsstufe Viertel/_DSC1931_q4.JPG,Zweite Bearbeitungsstufe Viertel,train,DSC1931,quarter_suffix_removed,.jpg,1824,1824,3
img_30402cdfaf351e84,Zweite Bearbeitungsstufe Viertel/_DSC1932_q1.JPG,Zweite Bearbeitungsstufe Viertel,val,DSC1932,quarter_suffix_removed,.jpg,1824,1824,3
img_52d1fe25274d0cd8,Zweite Bearbeitungsstufe Viertel/_DSC1932_q2.JPG,Zweite Bearbeitungsstufe Viertel,val,DSC1932,quarter_suffix_removed,.jpg,1824,1824,3
img_d8c995d6bb6e309d,Zweite Bearbeitungsstufe Viertel/_DSC1932_q3.JPG,Zweite Bearbeitungsstufe Viertel,val,DSC1932,quarter_suffix_removed,.jpg,1824,1824,3
img_6cdbcd6e77781ffa,Zweite Bearbeitungsstufe Viertel/_DSC1932_q4.JPG,Zweite Bearbeitungsstufe Viertel,val,DSC1932,quarter_suffix_removed,.jpg,1824,1824,3
img_65ec2dbf60071c2c,Zweite Bearbeitungsstufe Viertel/_DSC1933_q1.JPG,Zweite Bearbeitungsstufe Viertel,train,DSC1933,quarter_suffix_removed,.jpg,1824,1824,3
img_51fcabf835d1bca3,Zweite Bearbeitungsstufe Viertel/_DSC1933_q2.JPG,Zweite Bearbeitungsstufe Viertel,train,DSC1933,quarter_suffix_removed,.jpg,1824,1824,3
img_0a1a165f309cbe07,Zweite Bearbeitungsstufe Viertel/_DSC1933_q3.JPG,Zweite Bearbeitungsstufe Viertel,train,DSC1933,quarter_suffix_removed,.jpg,1824,1824,3
img_d87d4b5a862925de,Zweite Bearbeitungsstufe Viertel/_DSC1933_q4.JPG,Zweite Bearbeitungsstufe Viertel,train,DSC1933,quarter_suffix_removed,.jpg,1824,1824,3
img_05fa788cf9331b2e,Zweite Bearbeitungsstufe Viertel/_DSC1934_q1.JPG,Zweite Bearbeitungsstufe Viertel,train,DSC1934,quarter_suffix_removed,.jpg,1824,1824,3
img_779384ed30e61281,Zweite Bearbeitungsstufe Viertel/_DSC1934_q2.JPG,Zweite Bearbeitungsstufe Viertel,train,DSC1934,quarter_suffix_removed,.jpg,1824,1824,3
img_a1371e82ab54a396,Zweite Bearbeitungsstufe Viertel/_DSC1934_q3.JPG,Zweite Bearbeitungsstufe Viertel,train,DSC1934,quarter_suffix_removed,.jpg,1824,1824,3
img_3f26fe6e970b7928,Zweite Bearbeitungsstufe Viertel/_DSC1934_q4.JPG,Zweite Bearbeitungsstufe Viertel,train,DSC1934,quarter_suffix_removed,.jpg,1824,1824,3
img_e9ef37bd9e52d930,Zweite Bearbeitungsstufe Viertel/_DSC1936_q1.JPG,Zweite Bearbeitungsstufe Viertel,train,DSC1936,quarter_suffix_removed,.jpg,1824,1824,3
img_9ad87bb10d1b8cd0,Zweite Bearbeitungsstufe Viertel/_DSC1936_q2.JPG,Zweite Bearbeitungsstufe Viertel,train,DSC1936,quarter_suffix_removed,.jpg,1824,1824,3
img_d3c796678bbb02f3,Zweite Bearbeitungsstufe Viertel/_DSC1936_q3.JPG,Zweite Bearbeitungsstufe Viertel,train,DSC1936,quarter_suffix_removed,.jpg,1824,1824,3
img_71ea4baf62589950,Zweite Bearbeitungsstufe Viertel/_DSC1936_q4.JPG,Zweite Bearbeitungsstufe Viertel,train,DSC1936,quarter_suffix_removed,.jpg,1824,1824,3
img_eb755b563e63fb96,Zweite Bearbeitungsstufe Viertel/_DSC1937_q1.JPG,Zweite Bearbeitungsstufe Viertel,train,DSC1937,quarter_suffix_removed,.jpg,1824,1824,3
img_ad4b1ba6fe04fd11,Zweite Bearbeitungsstufe Viertel/_DSC1937_q2.JPG,Zweite Bearbeitungsstufe Viertel,train,DSC1937,quarter_suffix_removed,.jpg,1824,1824,3
img_25e92ba915cc01fa,Zweite Bearbeitungsstufe Viertel/_DSC1938_q2.JPG,Zweite Bearbeitungsstufe Viertel,train,DSC1938,quarter_suffix_removed,.jpg,1824,1824,3
img_643b786e8cf66596,Zweite Bearbeitungsstufe Viertel/_DSC1938_q3.JPG,Zweite Bearbeitungsstufe Viertel,train,DSC1938,quarter_suffix_removed,.jpg,1824,1824,3
img_7644827e4c3f1aa2,Zweite Bearbeitungsstufe Viertel/_DSC1938_q4.JPG,Zweite Bearbeitungsstufe Viertel,train,DSC1938,quarter_suffix_removed,.jpg,1824,1824,3
img_b276b53586115e4d,Zweite Bearbeitungsstufe Viertel/_DSC1939_q1.JPG,Zweite Bearbeitungsstufe Viertel,train,DSC1939,quarter_suffix_removed,.jpg,1824,1824,3
img_18c8aeaaec27b36e,Zweite Bearbeitungsstufe Viertel/_DSC1939_q3.JPG,Zweite Bearbeitungsstufe Viertel,train,DSC1939,quarter_suffix_removed,.jpg,1824,1824,3
img_7354d3d292c3b99a,Zweite Bearbeitungsstufe Viertel/_DSC1939_q4.JPG,Zweite Bearbeitungsstufe Viertel,train,DSC1939,quarter_suffix_removed,.jpg,1824,1824,3
img_2a27e1a525299897,Zweite Bearbeitungsstufe Viertel/_DSC1940_q3.JPG,Zweite Bearbeitungsstufe Viertel,train,DSC1940,quarter_suffix_removed,.jpg,1824,1824,3
img_4717d3500ab9b579,Zweite Bearbeitungsstufe Viertel/_DSC1940_q4.JPG,Zweite Bearbeitungsstufe Viertel,train,DSC1940,quarter_suffix_removed,.jpg,1824,1824,3
img_5cd647a204e8a46a,Zweite Bearbeitungsstufe Viertel/_DSC1941_q1.JPG,Zweite Bearbeitungsstufe Viertel,train,DSC1941,quarter_suffix_removed,.jpg,1824,1824,3
img_6d698abf6f1277fd,Zweite Bearbeitungsstufe Viertel/_DSC1941_q2.JPG,Zweite Bearbeitungsstufe Viertel,train,DSC1941,quarter_suffix_removed,.jpg,1824,1824,3
img_02fa13cc07381ab6,Zweite Bearbeitungsstufe Viertel/_DSC1942_q1.JPG,Zweite Bearbeitungsstufe Viertel,test,DSC1942,quarter_suffix_removed,.jpg,1824,1824,3
img_ae094679e45596f4,Zweite Bearbeitungsstufe Viertel/_DSC1942_q2.JPG,Zweite Bearbeitungsstufe Viertel,test,DSC1942,quarter_suffix_removed,.jpg,1824,1824,3
img_2426725742f39ddb,Zweite Bearbeitungsstufe Viertel/_DSC1942_q3.JPG,Zweite Bearbeitungsstufe Viertel,test,DSC1942,quarter_suffix_removed,.jpg,1824,1824,3
img_45111445cd26c64c,Zweite Bearbeitungsstufe Viertel/_DSC1942_q4.JPG,Zweite Bearbeitungsstufe Viertel,test,DSC1942,quarter_suffix_removed,.jpg,1824,1824,3
img_bf5f738e899ae525,Zweite Bearbeitungsstufe Viertel/_DSC1943_q1.JPG,Zweite Bearbeitungsstufe Viertel,val,DSC1943,quarter_suffix_removed,.jpg,1824,1824,3
img_fc86330177fb2df3,Zweite Bearbeitungsstufe Viertel/_DSC1943_q3.JPG,Zweite Bearbeitungsstufe Viertel,val,DSC1943,quarter_suffix_removed,.jpg,1824,1824,3
img_1be0beeda08405ff,Zweite Bearbeitungsstufe Viertel/_DSC1943_q4.JPG,Zweite Bearbeitungsstufe Viertel,val,DSC1943,quarter_suffix_removed,.jpg,1824,1824,3
img_792e228e074fa203,Zweite Bearbeitungsstufe Viertel/_DSC1944_q1.JPG,Zweite Bearbeitungsstufe Viertel,train,DSC1944,quarter_suffix_removed,.jpg,1824,1824,3
img_ecbd94750f9bd9b2,Zweite Bearbeitungsstufe Viertel/_DSC1944_q3.JPG,Zweite Bearbeitungsstufe Viertel,train,DSC1944,quarter_suffix_removed,.jpg,1824,1824,3
img_e72dda7b3137f785,Zweite Bearbeitungsstufe Viertel/_DSC1944_q4.JPG,Zweite Bearbeitungsstufe Viertel,train,DSC1944,quarter_suffix_removed,.jpg,1824,1824,3
img_5b50b2f008a9dddd,Zweite Bearbeitungsstufe Viertel/_DSC1945_q1.JPG,Zweite Bearbeitungsstufe Viertel,train,DSC1945,quarter_suffix_removed,.jpg,1824,1824,3
img_9883003423b9f439,Zweite Bearbeitungsstufe Viertel/_DSC1945_q2.JPG,Zweite Bearbeitungsstufe Viertel,train,DSC1945,quarter_suffix_removed,.jpg,1824,1824,3
img_74a758ba56b7d18b,Zweite Bearbeitungsstufe Viertel/_DSC1945_q3.JPG,Zweite Bearbeitungsstufe Viertel,train,DSC1945,quarter_suffix_removed,.jpg,1824,1824,3
img_f1420b1fce0132b5,Zweite Bearbeitungsstufe Viertel/_DSC1945_q4.JPG,Zweite Bearbeitungsstufe Viertel,train,DSC1945,quarter_suffix_removed,.jpg,1824,1824,3
img_c65527c7c3137079,Zweite Bearbeitungsstufe Viertel/_DSC1946_q1.JPG,Zweite Bearbeitungsstufe Viertel,train,DSC1946,quarter_suffix_removed,.jpg,1824,1824,3
img_c8e39bec03976667,Zweite Bearbeitungsstufe Viertel/_DSC1946_q3.JPG,Zweite Bearbeitungsstufe Viertel,train,DSC1946,quarter_suffix_removed,.jpg,1824,1824,3
img_934a6d7bd40f8be1,Zweite Bearbeitungsstufe Viertel/_DSC1947_q1.JPG,Zweite Bearbeitungsstufe Viertel,val,DSC1947,quarter_suffix_removed,.jpg,1824,1824,3
img_850c80118de90fa4,Zweite Bearbeitungsstufe Viertel/_DSC1947_q2.JPG,Zweite Bearbeitungsstufe Viertel,val,DSC1947,quarter_suffix_removed,.jpg,1824,1824,3
img_46afcd722462ecdb,Zweite Bearbeitungsstufe Viertel/_DSC1947_q3.JPG,Zweite Bearbeitungsstufe Viertel,val,DSC1947,quarter_suffix_removed,.jpg,1824,1824,3
img_76981e59297433fa,Zweite Bearbeitungsstufe Viertel/_DSC1947_q4.JPG,Zweite Bearbeitungsstufe Viertel,val,DSC1947,quarter_suffix_removed,.jpg,1824,1824,3
img_cd71ab3f62462ae2,Zweite Bearbeitungsstufe Viertel/_DSC1948_q1.JPG,Zweite Bearbeitungsstufe Viertel,train,DSC1948,quarter_suffix_removed,.jpg,1824,1824,3
img_081b8fd5ad00bbb6,Zweite Bearbeitungsstufe Viertel/_DSC1948_q2.JPG,Zweite Bearbeitungsstufe Viertel,train,DSC1948,quarter_suffix_removed,.jpg,1824,1824,3
img_33797c24f7d732a4,Zweite Bearbeitungsstufe Viertel/_DSC1948_q3.JPG,Zweite Bearbeitungsstufe Viertel,train,DSC1948,quarter_suffix_removed,.jpg,1824,1824,3
img_184451e76ab93509,Zweite Bearbeitungsstufe Viertel/_DSC1949_q2.JPG,Zweite Bearbeitungsstufe Viertel,train,DSC1949,quarter_suffix_removed,.jpg,1824,1824,3
img_6b9e993f0b8488e4,Zweite Bearbeitungsstufe Viertel/_DSC1950_q1.JPG,Zweite Bearbeitungsstufe Viertel,test,DSC1950,quarter_suffix_removed,.jpg,1824,1824,3
img_152692e3e7a16f66,Zweite Bearbeitungsstufe Viertel/_DSC1950_q2.JPG,Zweite Bearbeitungsstufe Viertel,test,DSC1950,quarter_suffix_removed,.jpg,1824,1824,3
img_a2cb497e8e3805ce,Zweite Bearbeitungsstufe Viertel/_DSC1950_q3.JPG,Zweite Bearbeitungsstufe Viertel,test,DSC1950,quarter_suffix_removed,.jpg,1824,1824,3
img_bf6b2f1205124b7b,Zweite Bearbeitungsstufe Viertel/_DSC1951_q2.JPG,Zweite Bearbeitungsstufe Viertel,train,DSC1951,quarter_suffix_removed,.jpg,1824,1824,3
img_a7693a14a7811b86,Zweite Bearbeitungsstufe Viertel/_DSC1951_q3.JPG,Zweite Bearbeitungsstufe Viertel,train,DSC1951,quarter_suffix_removed,.jpg,1824,1824,3
img_f5ed6989d0b11652,Zweite Bearbeitungsstufe Viertel/_DSC1951_q4.JPG,Zweite Bearbeitungsstufe Viertel,train,DSC1951,quarter_suffix_removed,.jpg,1824,1824,3
img_02e1acad9970d5c2,Zweite Bearbeitungsstufe Viertel/_DSC1952_q2.JPG,Zweite Bearbeitungsstufe Viertel,train,DSC1952,quarter_suffix_removed,.jpg,1824,1824,3
img_1e01dfdf429b9fd9,Zweite Bearbeitungsstufe Viertel/_DSC1952_q3.JPG,Zweite Bearbeitungsstufe Viertel,train,DSC1952,quarter_suffix_removed,.jpg,1824,1824,3
img_9e4b6cfbbc646bad,Zweite Bearbeitungsstufe Viertel/_DSC1952_q4.JPG,Zweite Bearbeitungsstufe Viertel,train,DSC1952,quarter_suffix_removed,.jpg,1824,1824,3
img_2942e1aa6edaab83,Zweite Bearbeitungsstufe Viertel/_DSC1953_q2.JPG,Zweite Bearbeitungsstufe Viertel,train,DSC1953,quarter_suffix_removed,.jpg,1824,1824,3
img_3bfc397432bb9982,Zweite Bearbeitungsstufe Viertel/_DSC1953_q3.JPG,Zweite Bearbeitungsstufe Viertel,train,DSC1953,quarter_suffix_removed,.jpg,1824,1824,3
img_ba0ad59b3992e817,Zweite Bearbeitungsstufe Viertel/_DSC1953_q4.JPG,Zweite Bearbeitungsstufe Viertel,train,DSC1953,quarter_suffix_removed,.jpg,1824,1824,3
img_0828b363355d7309,Zweite Bearbeitungsstufe Viertel/_DSC2058_q1.JPG,Zweite Bearbeitungsstufe Viertel,train,DSC2058,quarter_suffix_removed,.jpg,1824,1824,3
img_08e1f2807703e501,Zweite Bearbeitungsstufe Viertel/_DSC2058_q2.JPG,Zweite Bearbeitungsstufe Viertel,train,DSC2058,quarter_suffix_removed,.jpg,1824,1824,3
img_d938e22771797462,Zweite Bearbeitungsstufe Viertel/_DSC2058_q3.JPG,Zweite Bearbeitungsstufe Viertel,train,DSC2058,quarter_suffix_removed,.jpg,1824,1824,3
img_45b43e28dd0be466,Zweite Bearbeitungsstufe Viertel/_DSC2058_q4.JPG,Zweite Bearbeitungsstufe Viertel,train,DSC2058,quarter_suffix_removed,.jpg,1824,1824,3
img_4c3b922c316581b9,Zweite Bearbeitungsstufe Viertel/_DSC2059_q1.JPG,Zweite Bearbeitungsstufe Viertel,train,DSC2059,quarter_suffix_removed,.jpg,1824,1824,3
img_eee44f23ea9c17f9,Zweite Bearbeitungsstufe Viertel/_DSC2059_q2.JPG,Zweite Bearbeitungsstufe Viertel,train,DSC2059,quarter_suffix_removed,.jpg,1824,1824,3
img_69a9ac673dd9b941,Zweite Bearbeitungsstufe Viertel/_DSC2059_q3.JPG,Zweite Bearbeitungsstufe Viertel,train,DSC2059,quarter_suffix_removed,.jpg,1824,1824,3
img_c1b10923e8a3816f,Zweite Bearbeitungsstufe Viertel/_DSC2059_q4.JPG,Zweite Bearbeitungsstufe Viertel,train,DSC2059,quarter_suffix_removed,.jpg,1824,1824,3
img_041d1d1967fc698c,Zweite Bearbeitungsstufe Viertel/_DSC2061_q1.JPG,Zweite Bearbeitungsstufe Viertel,train,DSC2061,quarter_suffix_removed,.jpg,1824,1824,3
img_f1e128ffdf7e9ae9,Zweite Bearbeitungsstufe Viertel/_DSC2061_q2.JPG,Zweite Bearbeitungsstufe Viertel,train,DSC2061,quarter_suffix_removed,.jpg,1824,1824,3
img_2b274cdcc92a47a9,Zweite Bearbeitungsstufe Viertel/_DSC2063_q1.JPG,Zweite Bearbeitungsstufe Viertel,train,DSC2063,quarter_suffix_removed,.jpg,1824,1824,3
img_fa464465fce0f48c,Zweite Bearbeitungsstufe Viertel/_DSC2063_q2.JPG,Zweite Bearbeitungsstufe Viertel,train,DSC2063,quarter_suffix_removed,.jpg,1824,1824,3
img_5af46a5dada90e67,Zweite Bearbeitungsstufe Viertel/_DSC2063_q3.JPG,Zweite Bearbeitungsstufe Viertel,train,DSC2063,quarter_suffix_removed,.jpg,1824,1824,3
img_69e1a06a4e0c1ab1,Zweite Bearbeitungsstufe Viertel/_DSC2063_q4.JPG,Zweite Bearbeitungsstufe Viertel,train,DSC2063,quarter_suffix_removed,.jpg,1824,1824,3
img_a25deddce2761079,Zweite Bearbeitungsstufe Viertel/_DSC2064_q1.JPG,Zweite Bearbeitungsstufe Viertel,train,DSC2064,quarter_suffix_removed,.jpg,1824,1824,3
img_400e3fd0b89767ad,Zweite Bearbeitungsstufe Viertel/_DSC2064_q2.JPG,Zweite Bearbeitungsstufe Viertel,train,DSC2064,quarter_suffix_removed,.jpg,1824,1824,3
img_3d6312a8360f696d,Zweite Bearbeitungsstufe Viertel/_DSC2064_q3.JPG,Zweite Bearbeitungsstufe Viertel,train,DSC2064,quarter_suffix_removed,.jpg,1824,1824,3
img_cf5ec18c6df1b940,Zweite Bearbeitungsstufe Viertel/_DSC2064_q4.JPG,Zweite Bearbeitungsstufe Viertel,train,DSC2064,quarter_suffix_removed,.jpg,1824,1824,3
img_1afbca7a5baaa2d7,Zweite Bearbeitungsstufe Viertel/_DSC2065_q2.JPG,Zweite Bearbeitungsstufe Viertel,val,DSC2065,quarter_suffix_removed,.jpg,1824,1824,3
img_004cf6d44e4c42ba,Zweite Bearbeitungsstufe Viertel/_DSC2065_q3.JPG,Zweite Bearbeitungsstufe Viertel,val,DSC2065,quarter_suffix_removed,.jpg,1824,1824,3
img_13150492bccdb189,Zweite Bearbeitungsstufe Viertel/_DSC2065_q4.JPG,Zweite Bearbeitungsstufe Viertel,val,DSC2065,quarter_suffix_removed,.jpg,1824,1824,3
img_d96ab28180c5593a,Zweite Bearbeitungsstufe Viertel/_DSC2066_q1.JPG,Zweite Bearbeitungsstufe Viertel,train,DSC2066,quarter_suffix_removed,.jpg,1824,1824,3
img_91343d258be47792,Zweite Bearbeitungsstufe Viertel/_DSC2066_q2.JPG,Zweite Bearbeitungsstufe Viertel,train,DSC2066,quarter_suffix_removed,.jpg,1824,1824,3
img_9bd7041ab075ca68,Zweite Bearbeitungsstufe Viertel/_DSC2066_q3.JPG,Zweite Bearbeitungsstufe Viertel,train,DSC2066,quarter_suffix_removed,.jpg,1824,1824,3
img_a1d689a6fbd4463e,Zweite Bearbeitungsstufe Viertel/_DSC2066_q4.JPG,Zweite Bearbeitungsstufe Viertel,train,DSC2066,quarter_suffix_removed,.jpg,1824,1824,3
img_1765363df25932b8,Zweite Bearbeitungsstufe Viertel/_DSC2069_q1.JPG,Zweite Bearbeitungsstufe Viertel,val,DSC2069,quarter_suffix_removed,.jpg,1824,1824,3
img_82d79ed20eb6ac5b,Zweite Bearbeitungsstufe Viertel/_DSC2069_q2.JPG,Zweite Bearbeitungsstufe Viertel,val,DSC2069,quarter_suffix_removed,.jpg,1824,1824,3
img_b9fd7ffd53cea97e,Zweite Bearbeitungsstufe Viertel/_DSC2069_q3.JPG,Zweite Bearbeitungsstufe Viertel,val,DSC2069,quarter_suffix_removed,.jpg,1824,1824,3
img_fb486efccac40223,Zweite Bearbeitungsstufe Viertel/_DSC2069_q4.JPG,Zweite Bearbeitungsstufe Viertel,val,DSC2069,quarter_suffix_removed,.jpg,1824,1824,3
img_9b54114131ddd565,Zweite Bearbeitungsstufe Viertel/_DSC2071_q2.JPG,Zweite Bearbeitungsstufe Viertel,train,DSC2071,quarter_suffix_removed,.jpg,1824,1824,3
img_9626e4598f8617a1,Zweite Bearbeitungsstufe Viertel/_DSC2071_q3.JPG,Zweite Bearbeitungsstufe Viertel,train,DSC2071,quarter_suffix_removed,.jpg,1824,1824,3
img_5d5b3feb79c12313,Zweite Bearbeitungsstufe Viertel/_DSC2071_q4.JPG,Zweite Bearbeitungsstufe Viertel,train,DSC2071,quarter_suffix_removed,.jpg,1824,1824,3
img_d9d739351c761103,Zweite Bearbeitungsstufe Viertel/_DSC2073_q1.JPG,Zweite Bearbeitungsstufe Viertel,test,DSC2073,quarter_suffix_removed,.jpg,1824,1824,3
img_578821721c60d979,Zweite Bearbeitungsstufe Viertel/_DSC2073_q2.JPG,Zweite Bearbeitungsstufe Viertel,test,DSC2073,quarter_suffix_removed,.jpg,1824,1824,3
img_3f8f3e712fb5fd44,Zweite Bearbeitungsstufe Viertel/_DSC2073_q3.JPG,Zweite Bearbeitungsstufe Viertel,test,DSC2073,quarter_suffix_removed,.jpg,1824,1824,3
img_2e2567116958383f,Zweite Bearbeitungsstufe Viertel/_DSC2075_q1.JPG,Zweite Bearbeitungsstufe Viertel,test,DSC2075,quarter_suffix_removed,.jpg,1824,1824,3
img_19a0d9838458daad,Zweite Bearbeitungsstufe Viertel/_DSC2075_q2.JPG,Zweite Bearbeitungsstufe Viertel,test,DSC2075,quarter_suffix_removed,.jpg,1824,1824,3
img_e2dda3bbb58cbc74,Zweite Bearbeitungsstufe Viertel/_DSC2075_q3.JPG,Zweite Bearbeitungsstufe Viertel,test,DSC2075,quarter_suffix_removed,.jpg,1824,1824,3
img_65eda7020357f2e0,Zweite Bearbeitungsstufe Viertel/_DSC2075_q4.JPG,Zweite Bearbeitungsstufe Viertel,test,DSC2075,quarter_suffix_removed,.jpg,1824,1824,3
img_c7606bdd9bda9e81,Zweite Bearbeitungsstufe Viertel/_DSC2076_q1.JPG,Zweite Bearbeitungsstufe Viertel,train,DSC2076,quarter_suffix_removed,.jpg,1824,1824,3
img_d3d54cff4033f50a,Zweite Bearbeitungsstufe Viertel/_DSC2076_q2.JPG,Zweite Bearbeitungsstufe Viertel,train,DSC2076,quarter_suffix_removed,.jpg,1824,1824,3
img_5ff0980b4869d854,Zweite Bearbeitungsstufe Viertel/_DSC2076_q3.JPG,Zweite Bearbeitungsstufe Viertel,train,DSC2076,quarter_suffix_removed,.jpg,1824,1824,3
img_83593467f4c514cd,Zweite Bearbeitungsstufe Viertel/_DSC2077_q1.JPG,Zweite Bearbeitungsstufe Viertel,train,DSC2077,quarter_suffix_removed,.jpg,1824,1824,3
img_5e2d73adbc347f6a,Zweite Bearbeitungsstufe Viertel/_DSC2077_q3.JPG,Zweite Bearbeitungsstufe Viertel,train,DSC2077,quarter_suffix_removed,.jpg,1824,1824,3
img_795ab9947583215a,Zweite Bearbeitungsstufe Viertel/_DSC2077_q4.JPG,Zweite Bearbeitungsstufe Viertel,train,DSC2077,quarter_suffix_removed,.jpg,1824,1824,3
img_9ee7ffb3b17900a0,Zweite Bearbeitungsstufe Viertel/_DSC2097_q1.JPG,Zweite Bearbeitungsstufe Viertel,train,DSC2097,quarter_suffix_removed,.jpg,1824,1824,3
img_342f9903a929e5e4,Zweite Bearbeitungsstufe Viertel/_DSC2097_q2.JPG,Zweite Bearbeitungsstufe Viertel,train,DSC2097,quarter_suffix_removed,.jpg,1824,1824,3
img_53151f392bc55e67,Zweite Bearbeitungsstufe Viertel/_DSC2097_q4.JPG,Zweite Bearbeitungsstufe Viertel,train,DSC2097,quarter_suffix_removed,.jpg,1824,1824,3
img_b1937ef9611c62cc,Zweite Bearbeitungsstufe Viertel/_DSC2098_q1.JPG,Zweite Bearbeitungsstufe Viertel,val,DSC2098,quarter_suffix_removed,.jpg,1824,1824,3
img_4250cf4ef38905dd,Zweite Bearbeitungsstufe Viertel/_DSC2098_q2.JPG,Zweite Bearbeitungsstufe Viertel,val,DSC2098,quarter_suffix_removed,.jpg,1824,1824,3
img_63f88c030f03f2fd,Zweite Bearbeitungsstufe Viertel/_DSC2098_q4.JPG,Zweite Bearbeitungsstufe Viertel,val,DSC2098,quarter_suffix_removed,.jpg,1824,1824,3
img_782128ff4586d735,Zweite Bearbeitungsstufe Viertel/_DSC2099_q2.JPG,Zweite Bearbeitungsstufe Viertel,train,DSC2099,quarter_suffix_removed,.jpg,1824,1824,3
img_0139599f79a4d14b,Zweite Bearbeitungsstufe Viertel/_DSC2099_q3.JPG,Zweite Bearbeitungsstufe Viertel,train,DSC2099,quarter_suffix_removed,.jpg,1824,1824,3
img_ec86d4bc6bd4802e,Zweite Bearbeitungsstufe Viertel/_DSC2099_q4.JPG,Zweite Bearbeitungsstufe Viertel,train,DSC2099,quarter_suffix_removed,.jpg,1824,1824,3
img_0f79b95ff441d5f8,Zweite Bearbeitungsstufe Viertel/_DSC2100_q1.JPG,Zweite Bearbeitungsstufe Viertel,train,DSC2100,quarter_suffix_removed,.jpg,1824,1824,3
img_eb1c80e800f2d190,Zweite Bearbeitungsstufe Viertel/_DSC2100_q2.JPG,Zweite Bearbeitungsstufe Viertel,train,DSC2100,quarter_suffix_removed,.jpg,1824,1824,3
img_49cc38e068f83d3c,Zweite Bearbeitungsstufe Viertel/_DSC2100_q3.JPG,Zweite Bearbeitungsstufe Viertel,train,DSC2100,quarter_suffix_removed,.jpg,1824,1824,3
img_91c8f64d9b3ac5ed,Zweite Bearbeitungsstufe Viertel/_DSC2100_q4.JPG,Zweite Bearbeitungsstufe Viertel,train,DSC2100,quarter_suffix_removed,.jpg,1824,1824,3
img_f981f80a50fd9a45,Zweite Bearbeitungsstufe Viertel/_DSC2101_q1.JPG,Zweite Bearbeitungsstufe Viertel,train,DSC2101,quarter_suffix_removed,.jpg,1824,1824,3
img_358de94514f1b700,Zweite Bearbeitungsstufe Viertel/_DSC2101_q2.JPG,Zweite Bearbeitungsstufe Viertel,train,DSC2101,quarter_suffix_removed,.jpg,1824,1824,3
img_7143c81105588bcf,Zweite Bearbeitungsstufe Viertel/_DSC2101_q3.JPG,Zweite Bearbeitungsstufe Viertel,train,DSC2101,quarter_suffix_removed,.jpg,1824,1824,3
img_b7398190018eda5e,Zweite Bearbeitungsstufe Viertel/_DSC2101_q4.JPG,Zweite Bearbeitungsstufe Viertel,train,DSC2101,quarter_suffix_removed,.jpg,1824,1824,3
img_909c8380e0cccd2c,Zweite Bearbeitungsstufe Viertel/_DSC2102_q1.JPG,Zweite Bearbeitungsstufe Viertel,train,DSC2102,quarter_suffix_removed,.jpg,1824,1824,3
img_5ff9e7e42531a7d4,Zweite Bearbeitungsstufe Viertel/_DSC2102_q2.JPG,Zweite Bearbeitungsstufe Viertel,train,DSC2102,quarter_suffix_removed,.jpg,1824,1824,3
img_9c3c2eee456fe7c2,Zweite Bearbeitungsstufe Viertel/_DSC2102_q3.JPG,Zweite Bearbeitungsstufe Viertel,train,DSC2102,quarter_suffix_removed,.jpg,1824,1824,3
img_fe46d2ddf9ef0509,Zweite Bearbeitungsstufe Viertel/_DSC2102_q4.JPG,Zweite Bearbeitungsstufe Viertel,train,DSC2102,quarter_suffix_removed,.jpg,1824,1824,3
img_c816aa29ef774ab7,Zweite Bearbeitungsstufe Viertel/_DSC2103_q1.JPG,Zweite Bearbeitungsstufe Viertel,train,DSC2103,quarter_suffix_removed,.jpg,1824,1824,3
img_368842ff6e46c3d7,Zweite Bearbeitungsstufe Viertel/_DSC2103_q2.JPG,Zweite Bearbeitungsstufe Viertel,train,DSC2103,quarter_suffix_removed,.jpg,1824,1824,3
img_072993ad01be3872,Zweite Bearbeitungsstufe Viertel/_DSC2103_q3.JPG,Zweite Bearbeitungsstufe Viertel,train,DSC2103,quarter_suffix_removed,.jpg,1824,1824,3
img_4ee0d8bf2c3107f7,Zweite Bearbeitungsstufe Viertel/_DSC2103_q4.JPG,Zweite Bearbeitungsstufe Viertel,train,DSC2103,quarter_suffix_removed,.jpg,1824,1824,3
img_e1cac2a09b9a38f9,Zweite Bearbeitungsstufe Viertel/_DSC2104_q1.JPG,Zweite Bearbeitungsstufe Viertel,test,DSC2104,quarter_suffix_removed,.jpg,1824,1824,3
img_b7e6976cc81ef9c1,Zweite Bearbeitungsstufe Viertel/_DSC2104_q2.JPG,Zweite Bearbeitungsstufe Viertel,test,DSC2104,quarter_suffix_removed,.jpg,1824,1824,3
img_464d8666b09e8437,Zweite Bearbeitungsstufe Viertel/_DSC2104_q3.JPG,Zweite Bearbeitungsstufe Viertel,test,DSC2104,quarter_suffix_removed,.jpg,1824,1824,3
img_00f40836cee78c3b,Zweite Bearbeitungsstufe Viertel/_DSC2104_q4.JPG,Zweite Bearbeitungsstufe Viertel,test,DSC2104,quarter_suffix_removed,.jpg,1824,1824,3
img_94d882c995217e9c,Zweite Bearbeitungsstufe Viertel/_DSC2105_q1.JPG,Zweite Bearbeitungsstufe Viertel,val,DSC2105,quarter_suffix_removed,.jpg,1824,1824,3
img_26d2a9e01b47ae9f,Zweite Bearbeitungsstufe Viertel/_DSC2105_q3.JPG,Zweite Bearbeitungsstufe Viertel,val,DSC2105,quarter_suffix_removed,.jpg,1824,1824,3
img_dfedcd1203da3daa,Zweite Bearbeitungsstufe Viertel/_DSC2106_q1.JPG,Zweite Bearbeitungsstufe Viertel,train,DSC2106,quarter_suffix_removed,.jpg,1824,1824,3
img_ac7596b20a1e411a,Zweite Bearbeitungsstufe Viertel/_DSC2106_q3.JPG,Zweite Bearbeitungsstufe Viertel,train,DSC2106,quarter_suffix_removed,.jpg,1824,1824,3
img_562dbcea76532a32,Zweite Bearbeitungsstufe Viertel/_DSC2107_q1.JPG,Zweite Bearbeitungsstufe Viertel,train,DSC2107,quarter_suffix_removed,.jpg,1824,1824,3
img_33536461aa67eb01,Zweite Bearbeitungsstufe Viertel/_DSC2107_q2.JPG,Zweite Bearbeitungsstufe Viertel,train,DSC2107,quarter_suffix_removed,.jpg,1824,1824,3
img_2fd4a7836f17b376,Zweite Bearbeitungsstufe Viertel/_DSC2107_q3.JPG,Zweite Bearbeitungsstufe Viertel,train,DSC2107,quarter_suffix_removed,.jpg,1824,1824,3
img_ec45096facf6b842,Zweite Bearbeitungsstufe Viertel/_DSC2109_q2.JPG,Zweite Bearbeitungsstufe Viertel,train,DSC2109,quarter_suffix_removed,.jpg,1824,1824,3
img_cc5d9710daf9eab8,Zweite Bearbeitungsstufe Viertel/_DSC2109_q3.JPG,Zweite Bearbeitungsstufe Viertel,train,DSC2109,quarter_suffix_removed,.jpg,1824,1824,3
img_e721b52f9aa23a20,Zweite Bearbeitungsstufe Viertel/_DSC2112_q2.JPG,Zweite Bearbeitungsstufe Viertel,test,DSC2112,quarter_suffix_removed,.jpg,1824,1824,3
img_073af83ab93c0f26,Zweite Bearbeitungsstufe Viertel/_DSC2112_q3.JPG,Zweite Bearbeitungsstufe Viertel,test,DSC2112,quarter_suffix_removed,.jpg,1824,1824,3
img_c09849f33baee622,Zweite Bearbeitungsstufe Viertel/_DSC2112_q4.JPG,Zweite Bearbeitungsstufe Viertel,test,DSC2112,quarter_suffix_removed,.jpg,1824,1824,3
img_1693451472323372,Zweite Bearbeitungsstufe Viertel/_DSC2113_q1.JPG,Zweite Bearbeitungsstufe Viertel,train,DSC2113,quarter_suffix_removed,.jpg,1824,1824,3
img_54af0a254d8f8170,Zweite Bearbeitungsstufe Viertel/_DSC2113_q2.JPG,Zweite Bearbeitungsstufe Viertel,train,DSC2113,quarter_suffix_removed,.jpg,1824,1824,3
img_252767eb624c94e6,Zweite Bearbeitungsstufe Viertel/_DSC2113_q3.JPG,Zweite Bearbeitungsstufe Viertel,train,DSC2113,quarter_suffix_removed,.jpg,1824,1824,3
img_2ac045e30bb003a9,Zweite Bearbeitungsstufe Viertel/_DSC2113_q4.JPG,Zweite Bearbeitungsstufe Viertel,train,DSC2113,quarter_suffix_removed,.jpg,1824,1824,3
img_e34bb4535f9d624d,Zweite Bearbeitungsstufe Viertel/_DSC2114_q1.JPG,Zweite Bearbeitungsstufe Viertel,val,DSC2114,quarter_suffix_removed,.jpg,1824,1824,3
img_d288760eacd9882f,Zweite Bearbeitungsstufe Viertel/_DSC2114_q2.JPG,Zweite Bearbeitungsstufe Viertel,val,DSC2114,quarter_suffix_removed,.jpg,1824,1824,3
img_dbf5321e8666f43c,Zweite Bearbeitungsstufe Viertel/_DSC2114_q3.JPG,Zweite Bearbeitungsstufe Viertel,val,DSC2114,quarter_suffix_removed,.jpg,1824,1824,3
img_b78669e56ac87e42,Zweite Bearbeitungsstufe Viertel/_DSC2114_q4.JPG,Zweite Bearbeitungsstufe Viertel,val,DSC2114,quarter_suffix_removed,.jpg,1824,1824,3
img_ae97c1a48b957de2,Zweite Bearbeitungsstufe Viertel/_DSC2117_q1.JPG,Zweite Bearbeitungsstufe Viertel,train,DSC2117,quarter_suffix_removed,.jpg,1824,1824,3
img_33dc0f590cc0af88,Zweite Bearbeitungsstufe Viertel/_DSC2117_q2.JPG,Zweite Bearbeitungsstufe Viertel,train,DSC2117,quarter_suffix_removed,.jpg,1824,1824,3
img_5310a4630fc0dca6,Zweite Bearbeitungsstufe Viertel/_DSC2117_q3.JPG,Zweite Bearbeitungsstufe Viertel,train,DSC2117,quarter_suffix_removed,.jpg,1824,1824,3
img_e3d3be28a11e48c7,Zweite Bearbeitungsstufe Viertel/_DSC2117_q4.JPG,Zweite Bearbeitungsstufe Viertel,train,DSC2117,quarter_suffix_removed,.jpg,1824,1824,3
img_62df4ecfac59b3e6,Zweite Bearbeitungsstufe Viertel/_DSC2118_q1.JPG,Zweite Bearbeitungsstufe Viertel,train,DSC2118,quarter_suffix_removed,.jpg,1824,1824,3
img_4f89533fdac766fe,Zweite Bearbeitungsstufe Viertel/_DSC2118_q2.JPG,Zweite Bearbeitungsstufe Viertel,train,DSC2118,quarter_suffix_removed,.jpg,1824,1824,3
img_47fa899a3fd2528d,Zweite Bearbeitungsstufe Viertel/_DSC2118_q3.JPG,Zweite Bearbeitungsstufe Viertel,train,DSC2118,quarter_suffix_removed,.jpg,1824,1824,3
img_9ec64acbaf103a6b,Zweite Bearbeitungsstufe Viertel/_DSC2118_q4.JPG,Zweite Bearbeitungsstufe Viertel,train,DSC2118,quarter_suffix_removed,.jpg,1824,1824,3
img_4546ef0eb7704bcb,Zweite Bearbeitungsstufe Viertel/_DSC2119_q1.JPG,Zweite Bearbeitungsstufe Viertel,train,DSC2119,quarter_suffix_removed,.jpg,1824,1824,3
img_1307002d3a1ab0e0,Zweite Bearbeitungsstufe Viertel/_DSC2119_q2.JPG,Zweite Bearbeitungsstufe Viertel,train,DSC2119,quarter_suffix_removed,.jpg,1824,1824,3
img_d7a34e930f4ab0dd,Zweite Bearbeitungsstufe Viertel/_DSC2119_q3.JPG,Zweite Bearbeitungsstufe Viertel,train,DSC2119,quarter_suffix_removed,.jpg,1824,1824,3
img_b9486444efac7672,Zweite Bearbeitungsstufe Viertel/_DSC2119_q4.JPG,Zweite Bearbeitungsstufe Viertel,train,DSC2119,quarter_suffix_removed,.jpg,1824,1824,3
img_9d57c0d59648527b,Zweite Bearbeitungsstufe Viertel/_DSC2120_q1.JPG,Zweite Bearbeitungsstufe Viertel,train,DSC2120,quarter_suffix_removed,.jpg,1824,1824,3
img_7c66634716b7d379,Zweite Bearbeitungsstufe Viertel/_DSC2120_q2.JPG,Zweite Bearbeitungsstufe Viertel,train,DSC2120,quarter_suffix_removed,.jpg,1824,1824,3
img_655f51c88189bdc2,Zweite Bearbeitungsstufe Viertel/_DSC2120_q3.JPG,Zweite Bearbeitungsstufe Viertel,train,DSC2120,quarter_suffix_removed,.jpg,1824,1824,3
img_2addd59fd685f90a,Zweite Bearbeitungsstufe Viertel/_DSC2120_q4.JPG,Zweite Bearbeitungsstufe Viertel,train,DSC2120,quarter_suffix_removed,.jpg,1824,1824,3
img_0c393c185c015ae6,Zweite Bearbeitungsstufe Viertel/_DSC2121_q1.JPG,Zweite Bearbeitungsstufe Viertel,test,DSC2121,quarter_suffix_removed,.jpg,1824,1824,3
img_79bf5e333c5cc301,Zweite Bearbeitungsstufe Viertel/_DSC2121_q2.JPG,Zweite Bearbeitungsstufe Viertel,test,DSC2121,quarter_suffix_removed,.jpg,1824,1824,3
img_4819ab9bb99dcfd2,Zweite Bearbeitungsstufe Viertel/_DSC2121_q3.JPG,Zweite Bearbeitungsstufe Viertel,test,DSC2121,quarter_suffix_removed,.jpg,1824,1824,3
img_ea607c4bd95480f6,Zweite Bearbeitungsstufe Viertel/_DSC2121_q4.JPG,Zweite Bearbeitungsstufe Viertel,test,DSC2121,quarter_suffix_removed,.jpg,1824,1824,3
img_6ba563b435bd9337,Zweite Bearbeitungsstufe Viertel/_DSC2122_q1.JPG,Zweite Bearbeitungsstufe Viertel,train,DSC2122,quarter_suffix_removed,.jpg,1824,1824,3
img_1404edf1eda8cdfc,Zweite Bearbeitungsstufe Viertel/_DSC2122_q2.JPG,Zweite Bearbeitungsstufe Viertel,train,DSC2122,quarter_suffix_removed,.jpg,1824,1824,3
img_9b485f5e30c6a181,Zweite Bearbeitungsstufe Viertel/_DSC2122_q3.JPG,Zweite Bearbeitungsstufe Viertel,train,DSC2122,quarter_suffix_removed,.jpg,1824,1824,3
img_cfbfddb1780b1c3d,Zweite Bearbeitungsstufe Viertel/_DSC2123_q1.JPG,Zweite Bearbeitungsstufe Viertel,train,DSC2123,quarter_suffix_removed,.jpg,1824,1824,3
img_e3832244f56da9e3,Zweite Bearbeitungsstufe Viertel/_DSC2123_q2.JPG,Zweite Bearbeitungsstufe Viertel,train,DSC2123,quarter_suffix_removed,.jpg,1824,1824,3
img_947fece84c03631c,Zweite Bearbeitungsstufe Viertel/_DSC2123_q3.JPG,Zweite Bearbeitungsstufe Viertel,train,DSC2123,quarter_suffix_removed,.jpg,1824,1824,3
img_e16a7ba8a4bfaf45,Zweite Bearbeitungsstufe Viertel/_DSC2124_q1.JPG,Zweite Bearbeitungsstufe Viertel,train,DSC2124,quarter_suffix_removed,.jpg,1824,1824,3
img_7ba95dd6be245c12,Zweite Bearbeitungsstufe Viertel/_DSC2124_q2.JPG,Zweite Bearbeitungsstufe Viertel,train,DSC2124,quarter_suffix_removed,.jpg,1824,1824,3
img_454a099fadf5a410,Zweite Bearbeitungsstufe Viertel/_DSC2124_q3.JPG,Zweite Bearbeitungsstufe Viertel,train,DSC2124,quarter_suffix_removed,.jpg,1824,1824,3
img_3d2ec20fa28fd701,Zweite Bearbeitungsstufe Viertel/_DSC2124_q4.JPG,Zweite Bearbeitungsstufe Viertel,train,DSC2124,quarter_suffix_removed,.jpg,1824,1824,3
img_97dae6d99a8aa52a,Zweite Bearbeitungsstufe Viertel/_DSC2125_q3.JPG,Zweite Bearbeitungsstufe Viertel,test,DSC2125,quarter_suffix_removed,.jpg,1824,1824,3
img_231d7b180996efd8,Zweite Bearbeitungsstufe Viertel/_DSC2125_q4.JPG,Zweite Bearbeitungsstufe Viertel,test,DSC2125,quarter_suffix_removed,.jpg,1824,1824,3
img_bc7ca450d3943833,Zweite Bearbeitungsstufe Viertel/_DSC2126_q1.JPG,Zweite Bearbeitungsstufe Viertel,train,DSC2126,quarter_suffix_removed,.jpg,1824,1824,3
img_a7a54f9b4c1b2330,Zweite Bearbeitungsstufe Viertel/_DSC2126_q2.JPG,Zweite Bearbeitungsstufe Viertel,train,DSC2126,quarter_suffix_removed,.jpg,1824,1824,3
img_33e39bbda8661723,Zweite Bearbeitungsstufe Viertel/_DSC2126_q3.JPG,Zweite Bearbeitungsstufe Viertel,train,DSC2126,quarter_suffix_removed,.jpg,1824,1824,3
img_2815a612cfbbc00c,Zweite Bearbeitungsstufe Viertel/_DSC2127_q1.JPG,Zweite Bearbeitungsstufe Viertel,val,DSC2127,quarter_suffix_removed,.jpg,1824,1824,3
img_e9b3a87843c226b1,Zweite Bearbeitungsstufe Viertel/_DSC2127_q3.JPG,Zweite Bearbeitungsstufe Viertel,val,DSC2127,quarter_suffix_removed,.jpg,1824,1824,3
img_20ff988290c3ad13,Zweite Bearbeitungsstufe Viertel/_DSC2127_q4.JPG,Zweite Bearbeitungsstufe Viertel,val,DSC2127,quarter_suffix_removed,.jpg,1824,1824,3
img_5a97a7b8bc737eda,Zweite Bearbeitungsstufe Viertel/_DSC2128_q1.JPG,Zweite Bearbeitungsstufe Viertel,val,DSC2128,quarter_suffix_removed,.jpg,1824,1824,3
img_18f97fccce46cf8f,Zweite Bearbeitungsstufe Viertel/_DSC2128_q2.JPG,Zweite Bearbeitungsstufe Viertel,val,DSC2128,quarter_suffix_removed,.jpg,1824,1824,3
img_f7f82cca95e472b0,Zweite Bearbeitungsstufe Viertel/_DSC2128_q3.JPG,Zweite Bearbeitungsstufe Viertel,val,DSC2128,quarter_suffix_removed,.jpg,1824,1824,3
img_85f6beea77c3515b,Zweite Bearbeitungsstufe Viertel/_DSC2128_q4.JPG,Zweite Bearbeitungsstufe Viertel,val,DSC2128,quarter_suffix_removed,.jpg,1824,1824,3
img_78a3197790318fd4,Zweite Bearbeitungsstufe Viertel/_DSC2129_q3.JPG,Zweite Bearbeitungsstufe Viertel,train,DSC2129,quarter_suffix_removed,.jpg,1824,1824,3
img_b57c50807c3034bd,Zweite Bearbeitungsstufe Viertel/_DSC2130_q1.JPG,Zweite Bearbeitungsstufe Viertel,train,DSC2130,quarter_suffix_removed,.jpg,1824,1824,3
img_702b46906b582961,Zweite Bearbeitungsstufe Viertel/_DSC2130_q2.JPG,Zweite Bearbeitungsstufe Viertel,train,DSC2130,quarter_suffix_removed,.jpg,1824,1824,3
img_69679fcb8fa5da8c,Zweite Bearbeitungsstufe Viertel/_DSC2130_q3.JPG,Zweite Bearbeitungsstufe Viertel,train,DSC2130,quarter_suffix_removed,.jpg,1824,1824,3
img_96b94627fb06d2b6,Zweite Bearbeitungsstufe Viertel/_DSC2131_q1.JPG,Zweite Bearbeitungsstufe Viertel,train,DSC2131,quarter_suffix_removed,.jpg,1824,1824,3
img_c980a1b51edacf5b,Zweite Bearbeitungsstufe Viertel/_DSC2131_q2.JPG,Zweite Bearbeitungsstufe Viertel,train,DSC2131,quarter_suffix_removed,.jpg,1824,1824,3
img_3c779ddaf4556530,Zweite Bearbeitungsstufe Viertel/_DSC2132_q1.JPG,Zweite Bearbeitungsstufe Viertel,train,DSC2132,quarter_suffix_removed,.jpg,1824,1824,3
img_25aa165447206a14,Zweite Bearbeitungsstufe Viertel/_DSC2132_q2.JPG,Zweite Bearbeitungsstufe Viertel,train,DSC2132,quarter_suffix_removed,.jpg,1824,1824,3
img_38b16de38c118389,Zweite Bearbeitungsstufe Viertel/_DSC2132_q3.JPG,Zweite Bearbeitungsstufe Viertel,train,DSC2132,quarter_suffix_removed,.jpg,1824,1824,3
img_34c9e38a9c7c25a2,Zweite Bearbeitungsstufe Viertel/_DSC2132_q4.JPG,Zweite Bearbeitungsstufe Viertel,train,DSC2132,quarter_suffix_removed,.jpg,1824,1824,3
img_90b9a9c6eab265e7,Zweite Bearbeitungsstufe Viertel/_DSC2133_q1.JPG,Zweite Bearbeitungsstufe Viertel,train,DSC2133,quarter_suffix_removed,.jpg,1824,1824,3
img_548ab8b7e7d4e19a,Zweite Bearbeitungsstufe Viertel/_DSC2133_q2.JPG,Zweite Bearbeitungsstufe Viertel,train,DSC2133,quarter_suffix_removed,.jpg,1824,1824,3
img_0d298ce2db7bc7d7,Zweite Bearbeitungsstufe Viertel/_DSC2133_q3.JPG,Zweite Bearbeitungsstufe Viertel,train,DSC2133,quarter_suffix_removed,.jpg,1824,1824,3
img_89721b8d0218293a,Zweite Bearbeitungsstufe Viertel/_DSC2134_q2.JPG,Zweite Bearbeitungsstufe Viertel,test,DSC2134,quarter_suffix_removed,.jpg,1824,1824,3
img_97d82b4276ca3f9e,Zweite Bearbeitungsstufe Viertel/_DSC2134_q3.JPG,Zweite Bearbeitungsstufe Viertel,test,DSC2134,quarter_suffix_removed,.jpg,1824,1824,3
img_89dec8adf064ce45,Zweite Bearbeitungsstufe Viertel/_DSC2134_q4.JPG,Zweite Bearbeitungsstufe Viertel,test,DSC2134,quarter_suffix_removed,.jpg,1824,1824,3
img_f1d10caa3c7ba896,Zweite Bearbeitungsstufe Viertel/_DSC2135_q2.JPG,Zweite Bearbeitungsstufe Viertel,train,DSC2135,quarter_suffix_removed,.jpg,1824,1824,3
img_659a97dd2f213faa,Zweite Bearbeitungsstufe Viertel/_DSC2135_q3.JPG,Zweite Bearbeitungsstufe Viertel,train,DSC2135,quarter_suffix_removed,.jpg,1824,1824,3
img_3de1cfde9e978489,Zweite Bearbeitungsstufe Viertel/_DSC2135_q4.JPG,Zweite Bearbeitungsstufe Viertel,train,DSC2135,quarter_suffix_removed,.jpg,1824,1824,3
img_a13701cec3690c3f,Zweite Bearbeitungsstufe Viertel/_DSC2136_q1.JPG,Zweite Bearbeitungsstufe Viertel,train,DSC2136,quarter_suffix_removed,.jpg,1824,1824,3
img_4e787cba8b184666,Zweite Bearbeitungsstufe Viertel/_DSC2136_q2.JPG,Zweite Bearbeitungsstufe Viertel,train,DSC2136,quarter_suffix_removed,.jpg,1824,1824,3
img_88d81e4e431c2800,Zweite Bearbeitungsstufe Viertel/_DSC2136_q3.JPG,Zweite Bearbeitungsstufe Viertel,train,DSC2136,quarter_suffix_removed,.jpg,1824,1824,3
img_0b01b839240aa97f,Zweite Bearbeitungsstufe Viertel/_DSC2136_q4.JPG,Zweite Bearbeitungsstufe Viertel,train,DSC2136,quarter_suffix_removed,.jpg,1824,1824,3
img_e3557b10ae16a336,Zweite Bearbeitungsstufe Viertel/_DSC2137_q1.JPG,Zweite Bearbeitungsstufe Viertel,train,DSC2137,quarter_suffix_removed,.jpg,1824,1824,3
img_d69eef900520a0e9,Zweite Bearbeitungsstufe Viertel/_DSC2137_q3.JPG,Zweite Bearbeitungsstufe Viertel,train,DSC2137,quarter_suffix_removed,.jpg,1824,1824,3
img_d4d1035720605cd1,Zweite Bearbeitungsstufe Viertel/_DSC2137_q4.JPG,Zweite Bearbeitungsstufe Viertel,train,DSC2137,quarter_suffix_removed,.jpg,1824,1824,3
img_69f13d86ce8791c3,Zweite Bearbeitungsstufe Viertel/_DSC2138_q2.JPG,Zweite Bearbeitungsstufe Viertel,train,DSC2138,quarter_suffix_removed,.jpg,1824,1824,3
img_8427a5f4e06d9375,Zweite Bearbeitungsstufe Viertel/_DSC2138_q3.JPG,Zweite Bearbeitungsstufe Viertel,train,DSC2138,quarter_suffix_removed,.jpg,1824,1824,3
img_84125721c4bb078d,Zweite Bearbeitungsstufe Viertel/_DSC2138_q4.JPG,Zweite Bearbeitungsstufe Viertel,train,DSC2138,quarter_suffix_removed,.jpg,1824,1824,3
img_aaaac870bc7cda7c,Zweite Bearbeitungsstufe Viertel/_DSC2181_q1.JPG,Zweite Bearbeitungsstufe Viertel,train,DSC2181,quarter_suffix_removed,.jpg,1824,1824,3
img_36f3ba70663877ff,Zweite Bearbeitungsstufe Viertel/_DSC2181_q2.JPG,Zweite Bearbeitungsstufe Viertel,train,DSC2181,quarter_suffix_removed,.jpg,1824,1824,3
img_fbe708fd27e48b94,Zweite Bearbeitungsstufe Viertel/_DSC2181_q3.JPG,Zweite Bearbeitungsstufe Viertel,train,DSC2181,quarter_suffix_removed,.jpg,1824,1824,3
img_ba72bc5257d54dca,Zweite Bearbeitungsstufe Viertel/_DSC2181_q4.JPG,Zweite Bearbeitungsstufe Viertel,train,DSC2181,quarter_suffix_removed,.jpg,1824,1824,3
img_eab2a18e239459c5,Zweite Bearbeitungsstufe Viertel/_DSC2293_q4.JPG,Zweite Bearbeitungsstufe Viertel,train,DSC2293,quarter_suffix_removed,.jpg,1824,1824,3
img_28096049916e092b,Zweite Bearbeitungsstufe Viertel/_DSC2294_q1.JPG,Zweite Bearbeitungsstufe Viertel,train,DSC2294,quarter_suffix_removed,.jpg,1824,1824,3
img_988d6ac3f77f4b58,Zweite Bearbeitungsstufe Viertel/_DSC2294_q2.JPG,Zweite Bearbeitungsstufe Viertel,train,DSC2294,quarter_suffix_removed,.jpg,1824,1824,3
img_ede750369db51ae5,Zweite Bearbeitungsstufe Viertel/_DSC2294_q3.JPG,Zweite Bearbeitungsstufe Viertel,train,DSC2294,quarter_suffix_removed,.jpg,1824,1824,3
img_95302b464874b0f7,Zweite Bearbeitungsstufe Viertel/_DSC2294_q4.JPG,Zweite Bearbeitungsstufe Viertel,train,DSC2294,quarter_suffix_removed,.jpg,1824,1824,3
img_61a43a8ec5783870,Zweite Bearbeitungsstufe Viertel/_DSC2295_q1.JPG,Zweite Bearbeitungsstufe Viertel,train,DSC2295,quarter_suffix_removed,.jpg,1824,1824,3
img_cd43cac4405871d4,Zweite Bearbeitungsstufe Viertel/_DSC2295_q2.JPG,Zweite Bearbeitungsstufe Viertel,train,DSC2295,quarter_suffix_removed,.jpg,1824,1824,3
img_b3a416257091ebbe,Zweite Bearbeitungsstufe Viertel/_DSC2295_q3.JPG,Zweite Bearbeitungsstufe Viertel,train,DSC2295,quarter_suffix_removed,.jpg,1824,1824,3
img_ceceecbdabc051b5,Zweite Bearbeitungsstufe Viertel/_DSC2295_q4.JPG,Zweite Bearbeitungsstufe Viertel,train,DSC2295,quarter_suffix_removed,.jpg,1824,1824,3
img_0b1a678f96312052,Zweite Bearbeitungsstufe Viertel/_DSC2296_q1.JPG,Zweite Bearbeitungsstufe Viertel,val,DSC2296,quarter_suffix_removed,.jpg,1824,1824,3
img_16d948c4c7d63a70,Zweite Bearbeitungsstufe Viertel/_DSC2296_q2.JPG,Zweite Bearbeitungsstufe Viertel,val,DSC2296,quarter_suffix_removed,.jpg,1824,1824,3
img_1b661557dfa20cb1,Zweite Bearbeitungsstufe Viertel/_DSC2296_q4.JPG,Zweite Bearbeitungsstufe Viertel,val,DSC2296,quarter_suffix_removed,.jpg,1824,1824,3
img_7cb074753348f00c,Zweite Bearbeitungsstufe Viertel/_DSC2297_q1.JPG,Zweite Bearbeitungsstufe Viertel,train,DSC2297,quarter_suffix_removed,.jpg,1824,1824,3
img_3128892a9819d926,Zweite Bearbeitungsstufe Viertel/_DSC2297_q3.JPG,Zweite Bearbeitungsstufe Viertel,train,DSC2297,quarter_suffix_removed,.jpg,1824,1824,3
img_bbeb9aad18c8823e,Zweite Bearbeitungsstufe Viertel/_DSC2297_q4.JPG,Zweite Bearbeitungsstufe Viertel,train,DSC2297,quarter_suffix_removed,.jpg,1824,1824,3
img_b2d7d2d64fad023f,Zweite Bearbeitungsstufe Viertel/_DSC2298_q2.JPG,Zweite Bearbeitungsstufe Viertel,val,DSC2298,quarter_suffix_removed,.jpg,1824,1824,3
img_5a5d1e3106cdc554,Zweite Bearbeitungsstufe Viertel/_DSC2298_q4.JPG,Zweite Bearbeitungsstufe Viertel,val,DSC2298,quarter_suffix_removed,.jpg,1824,1824,3
img_6cf50aaf3ee04a07,Zweite Bearbeitungsstufe Viertel/_DSC2299_q1.JPG,Zweite Bearbeitungsstufe Viertel,train,DSC2299,quarter_suffix_removed,.jpg,1824,1824,3
img_6e537e430761d495,Zweite Bearbeitungsstufe Viertel/_DSC2299_q2.JPG,Zweite Bearbeitungsstufe Viertel,train,DSC2299,quarter_suffix_removed,.jpg,1824,1824,3
img_91ea4363dcdbce48,Zweite Bearbeitungsstufe Viertel/_DSC2300_q1.JPG,Zweite Bearbeitungsstufe Viertel,val,DSC2300,quarter_suffix_removed,.jpg,1824,1824,3
img_80d0e3c7b6fb887f,Zweite Bearbeitungsstufe Viertel/_DSC2300_q2.JPG,Zweite Bearbeitungsstufe Viertel,val,DSC2300,quarter_suffix_removed,.jpg,1824,1824,3
img_b483e43b6facdcc1,Zweite Bearbeitungsstufe Viertel/_DSC2300_q3.JPG,Zweite Bearbeitungsstufe Viertel,val,DSC2300,quarter_suffix_removed,.jpg,1824,1824,3
img_931270d78f9a4a99,Zweite Bearbeitungsstufe Viertel/_DSC2301_q2.JPG,Zweite Bearbeitungsstufe Viertel,train,DSC2301,quarter_suffix_removed,.jpg,1824,1824,3
img_fc88c120aa9df3a7,Zweite Bearbeitungsstufe Viertel/_DSC2301_q3.JPG,Zweite Bearbeitungsstufe Viertel,train,DSC2301,quarter_suffix_removed,.jpg,1824,1824,3
img_4173724bce46fc5b,Zweite Bearbeitungsstufe Viertel/_DSC2303_q2.JPG,Zweite Bearbeitungsstufe Viertel,train,DSC2303,quarter_suffix_removed,.jpg,1824,1824,3
img_8b58e09810c56054,Zweite Bearbeitungsstufe Viertel/_DSC2303_q3.JPG,Zweite Bearbeitungsstufe Viertel,train,DSC2303,quarter_suffix_removed,.jpg,1824,1824,3
img_0e88e4696f0eec95,Zweite Bearbeitungsstufe Viertel/_DSC2303_q4.JPG,Zweite Bearbeitungsstufe Viertel,train,DSC2303,quarter_suffix_removed,.jpg,1824,1824,3
img_276732da8391540d,Zweite Bearbeitungsstufe Viertel/_DSC2304_q2.JPG,Zweite Bearbeitungsstufe Viertel,test,DSC2304,quarter_suffix_removed,.jpg,1824,1824,3
img_71fbcb275c0627bd,Zweite Bearbeitungsstufe Viertel/_DSC2304_q3.JPG,Zweite Bearbeitungsstufe Viertel,test,DSC2304,quarter_suffix_removed,.jpg,1824,1824,3
img_72e2848f1700e3fa,Zweite Bearbeitungsstufe Viertel/_DSC2305_q1.JPG,Zweite Bearbeitungsstufe Viertel,val,DSC2305,quarter_suffix_removed,.jpg,1824,1824,3
img_a0e668504cca94e0,Zweite Bearbeitungsstufe Viertel/_DSC2305_q2.JPG,Zweite Bearbeitungsstufe Viertel,val,DSC2305,quarter_suffix_removed,.jpg,1824,1824,3
img_673b907633bca05a,Zweite Bearbeitungsstufe Viertel/_DSC2305_q3.JPG,Zweite Bearbeitungsstufe Viertel,val,DSC2305,quarter_suffix_removed,.jpg,1824,1824,3
img_1a20cbe98bca7be6,Zweite Bearbeitungsstufe Viertel/_DSC2305_q4.JPG,Zweite Bearbeitungsstufe Viertel,val,DSC2305,quarter_suffix_removed,.jpg,1824,1824,3
img_be6d9bc926819a0f,Zweite Bearbeitungsstufe Viertel/_DSC2306_q2.JPG,Zweite Bearbeitungsstufe Viertel,train,DSC2306,quarter_suffix_removed,.jpg,1824,1824,3
img_78f9832660a55047,Zweite Bearbeitungsstufe Viertel/_DSC2306_q3.JPG,Zweite Bearbeitungsstufe Viertel,train,DSC2306,quarter_suffix_removed,.jpg,1824,1824,3
img_6c8b4a1651ca6486,Zweite Bearbeitungsstufe Viertel/_DSC2306_q4.JPG,Zweite Bearbeitungsstufe Viertel,train,DSC2306,quarter_suffix_removed,.jpg,1824,1824,3
img_2b6352be73ab9b80,Zweite Bearbeitungsstufe Viertel/_DSC2307_q2.JPG,Zweite Bearbeitungsstufe Viertel,train,DSC2307,quarter_suffix_removed,.jpg,1824,1824,3
img_7b84253d927e2587,Zweite Bearbeitungsstufe Viertel/_DSC2307_q4.JPG,Zweite Bearbeitungsstufe Viertel,train,DSC2307,quarter_suffix_removed,.jpg,1824,1824,3
img_d474ba7a5a89ac55,Zweite Bearbeitungsstufe Viertel/_DSC2308_q2.JPG,Zweite Bearbeitungsstufe Viertel,test,DSC2308,quarter_suffix_removed,.jpg,1824,1824,3
img_81a0be8be0a034f8,Zweite Bearbeitungsstufe Viertel/_DSC2308_q3.JPG,Zweite Bearbeitungsstufe Viertel,test,DSC2308,quarter_suffix_removed,.jpg,1824,1824,3
img_acaf18eb08c95ef0,Zweite Bearbeitungsstufe Viertel/_DSC2308_q4.JPG,Zweite Bearbeitungsstufe Viertel,test,DSC2308,quarter_suffix_removed,.jpg,1824,1824,3
img_fe863209ae16d365,Zweite Bearbeitungsstufe Viertel/_DSC2309_q1.JPG,Zweite Bearbeitungsstufe Viertel,train,DSC2309,quarter_suffix_removed,.jpg,1824,1824,3
img_648ed5704c20f139,Zweite Bearbeitungsstufe Viertel/_DSC2309_q2.JPG,Zweite Bearbeitungsstufe Viertel,train,DSC2309,quarter_suffix_removed,.jpg,1824,1824,3
img_30b50131247e4e01,Zweite Bearbeitungsstufe Viertel/_DSC2309_q3.JPG,Zweite Bearbeitungsstufe Viertel,train,DSC2309,quarter_suffix_removed,.jpg,1824,1824,3
img_5477412e28cfa639,Zweite Bearbeitungsstufe Viertel/_DSC2309_q4.JPG,Zweite Bearbeitungsstufe Viertel,train,DSC2309,quarter_suffix_removed,.jpg,1824,1824,3
img_1280660b89ad30ec,Zweite Bearbeitungsstufe Viertel/_DSC2310_q1.JPG,Zweite Bearbeitungsstufe Viertel,test,DSC2310,quarter_suffix_removed,.jpg,1824,1824,3
img_63a49147964ad755,Zweite Bearbeitungsstufe Viertel/_DSC2310_q2.JPG,Zweite Bearbeitungsstufe Viertel,test,DSC2310,quarter_suffix_removed,.jpg,1824,1824,3
img_eaeefdd9a8eff9ed,Zweite Bearbeitungsstufe Viertel/_DSC2310_q3.JPG,Zweite Bearbeitungsstufe Viertel,test,DSC2310,quarter_suffix_removed,.jpg,1824,1824,3
img_397af1bcf0b362da,Zweite Bearbeitungsstufe Viertel/_DSC2310_q4.JPG,Zweite Bearbeitungsstufe Viertel,test,DSC2310,quarter_suffix_removed,.jpg,1824,1824,3
img_96f7baa506bcf8e6,Zweite Bearbeitungsstufe Viertel/_DSC2311_q1.JPG,Zweite Bearbeitungsstufe Viertel,train,DSC2311,quarter_suffix_removed,.jpg,1824,1824,3
img_d11aadbea494bc07,Zweite Bearbeitungsstufe Viertel/_DSC2311_q2.JPG,Zweite Bearbeitungsstufe Viertel,train,DSC2311,quarter_suffix_removed,.jpg,1824,1824,3
img_bbcdba2cd9dc4084,Zweite Bearbeitungsstufe Viertel/_DSC2311_q3.JPG,Zweite Bearbeitungsstufe Viertel,train,DSC2311,quarter_suffix_removed,.jpg,1824,1824,3
img_74ae6a0be431366b,Zweite Bearbeitungsstufe Viertel/_DSC2311_q4.JPG,Zweite Bearbeitungsstufe Viertel,train,DSC2311,quarter_suffix_removed,.jpg,1824,1824,3
img_eb5056ee5b0f2263,Zweite Bearbeitungsstufe Viertel/_DSC2312_q1.JPG,Zweite Bearbeitungsstufe Viertel,train,DSC2312,quarter_suffix_removed,.jpg,1824,1824,3
img_11cda808281fd031,Zweite Bearbeitungsstufe Viertel/_DSC2312_q4.JPG,Zweite Bearbeitungsstufe Viertel,train,DSC2312,quarter_suffix_removed,.jpg,1824,1824,3
img_92512ba9c334b5c2,Zweite Bearbeitungsstufe Viertel/_DSC2313_q2.JPG,Zweite Bearbeitungsstufe Viertel,train,DSC2313,quarter_suffix_removed,.jpg,1824,1824,3
img_a20a613c8ae920b0,Zweite Bearbeitungsstufe Viertel/_DSC2313_q3.JPG,Zweite Bearbeitungsstufe Viertel,train,DSC2313,quarter_suffix_removed,.jpg,1824,1824,3
img_d485f4f20ae47f91,Zweite Bearbeitungsstufe Viertel/_DSC2314_q1.JPG,Zweite Bearbeitungsstufe Viertel,val,DSC2314,quarter_suffix_removed,.jpg,1824,1824,3
img_dabbc04c2659b31d,Zweite Bearbeitungsstufe Viertel/_DSC2314_q2.JPG,Zweite Bearbeitungsstufe Viertel,val,DSC2314,quarter_suffix_removed,.jpg,1824,1824,3
img_11a86ed573a40a31,Zweite Bearbeitungsstufe Viertel/_DSC2315_q1.JPG,Zweite Bearbeitungsstufe Viertel,train,DSC2315,quarter_suffix_removed,.jpg,1824,1824,3
img_872aedd12a7efa31,Zweite Bearbeitungsstufe Viertel/_DSC2315_q2.JPG,Zweite Bearbeitungsstufe Viertel,train,DSC2315,quarter_suffix_removed,.jpg,1824,1824,3
img_583a91588e51856f,Zweite Bearbeitungsstufe Viertel/_DSC2315_q3.JPG,Zweite Bearbeitungsstufe Viertel,train,DSC2315,quarter_suffix_removed,.jpg,1824,1824,3
img_5156b36caa16f5e6,Zweite Bearbeitungsstufe Viertel/_DSC2316_q1.JPG,Zweite Bearbeitungsstufe Viertel,train,DSC2316,quarter_suffix_removed,.jpg,1824,1824,3
img_4a029bcc1d5f73cb,Zweite Bearbeitungsstufe Viertel/_DSC2316_q2.JPG,Zweite Bearbeitungsstufe Viertel,train,DSC2316,quarter_suffix_removed,.jpg,1824,1824,3
img_080c1656cdf5578c,Zweite Bearbeitungsstufe Viertel/_DSC2316_q3.JPG,Zweite Bearbeitungsstufe Viertel,train,DSC2316,quarter_suffix_removed,.jpg,1824,1824,3
img_4e529338c9ac05db,Zweite Bearbeitungsstufe Viertel/_DSC2317_q1.JPG,Zweite Bearbeitungsstufe Viertel,train,DSC2317,quarter_suffix_removed,.jpg,1824,1824,3
img_151b9318e61340f5,Zweite Bearbeitungsstufe Viertel/_DSC2317_q2.JPG,Zweite Bearbeitungsstufe Viertel,train,DSC2317,quarter_suffix_removed,.jpg,1824,1824,3
img_acc019a8adff7b24,Zweite Bearbeitungsstufe Viertel/_DSC2318_q1.JPG,Zweite Bearbeitungsstufe Viertel,train,DSC2318,quarter_suffix_removed,.jpg,1824,1824,3
img_c1207f066e50ef47,Zweite Bearbeitungsstufe Viertel/_DSC2318_q2.JPG,Zweite Bearbeitungsstufe Viertel,train,DSC2318,quarter_suffix_removed,.jpg,1824,1824,3
img_6915569045527357,Zweite Bearbeitungsstufe Viertel/_DSC2318_q4.JPG,Zweite Bearbeitungsstufe Viertel,train,DSC2318,quarter_suffix_removed,.jpg,1824,1824,3
img_44d72d6517dc5119,Zweite Bearbeitungsstufe Viertel/_DSC2319_q1.JPG,Zweite Bearbeitungsstufe Viertel,train,DSC2319,quarter_suffix_removed,.jpg,1824,1824,3
img_5994d73b0a9116ad,Zweite Bearbeitungsstufe Viertel/_DSC2319_q2.JPG,Zweite Bearbeitungsstufe Viertel,train,DSC2319,quarter_suffix_removed,.jpg,1824,1824,3
img_295767c8f7bbb3d2,Zweite Bearbeitungsstufe Viertel/_DSC2319_q3.JPG,Zweite Bearbeitungsstufe Viertel,train,DSC2319,quarter_suffix_removed,.jpg,1824,1824,3
img_f56116776d1b9517,Zweite Bearbeitungsstufe Viertel/_DSC2319_q4.JPG,Zweite Bearbeitungsstufe Viertel,train,DSC2319,quarter_suffix_removed,.jpg,1824,1824,3
img_ddaaf7de82241fbc,Zweite Bearbeitungsstufe Viertel/_DSC2320_q2.JPG,Zweite Bearbeitungsstufe Viertel,val,DSC2320,quarter_suffix_removed,.jpg,1824,1824,3
img_ab5c0c90facad768,Zweite Bearbeitungsstufe Viertel/_DSC2320_q3.JPG,Zweite Bearbeitungsstufe Viertel,val,DSC2320,quarter_suffix_removed,.jpg,1824,1824,3
img_252edf6b3f1edce8,Zweite Bearbeitungsstufe Viertel/_DSC2320_q4.JPG,Zweite Bearbeitungsstufe Viertel,val,DSC2320,quarter_suffix_removed,.jpg,1824,1824,3
img_18419f3b4852e1c9,Zweite Bearbeitungsstufe Viertel/_DSC2326_q1.JPG,Zweite Bearbeitungsstufe Viertel,train,DSC2326,quarter_suffix_removed,.jpg,1824,1824,3
img_cda1ac9082982d49,Zweite Bearbeitungsstufe Viertel/_DSC2326_q2.JPG,Zweite Bearbeitungsstufe Viertel,train,DSC2326,quarter_suffix_removed,.jpg,1824,1824,3
img_fbb9e3fc7abc1023,Zweite Bearbeitungsstufe Viertel/_DSC2326_q3.JPG,Zweite Bearbeitungsstufe Viertel,train,DSC2326,quarter_suffix_removed,.jpg,1824,1824,3
img_a15084e64d34f007,Zweite Bearbeitungsstufe Viertel/_DSC2326_q4.JPG,Zweite Bearbeitungsstufe Viertel,train,DSC2326,quarter_suffix_removed,.jpg,1824,1824,3
img_9ceb4621a3ac365d,Zweite Bearbeitungsstufe Viertel/_DSC2327_q1.JPG,Zweite Bearbeitungsstufe Viertel,train,DSC2327,quarter_suffix_removed,.jpg,1824,1824,3
img_7e01ef2cc58418c4,Zweite Bearbeitungsstufe Viertel/_DSC2327_q2.JPG,Zweite Bearbeitungsstufe Viertel,train,DSC2327,quarter_suffix_removed,.jpg,1824,1824,3
img_4a2c9cd975191803,Zweite Bearbeitungsstufe Viertel/_DSC2327_q3.JPG,Zweite Bearbeitungsstufe Viertel,train,DSC2327,quarter_suffix_removed,.jpg,1824,1824,3
img_c2ba55b19040da7c,Zweite Bearbeitungsstufe Viertel/_DSC2327_q4.JPG,Zweite Bearbeitungsstufe Viertel,train,DSC2327,quarter_suffix_removed,.jpg,1824,1824,3
img_ad8b51d86119885f,Zweite Bearbeitungsstufe Viertel/_DSC2348_q1.JPG,Zweite Bearbeitungsstufe Viertel,test,DSC2348,quarter_suffix_removed,.jpg,1824,1824,3
img_397a87f1590e7e0e,Zweite Bearbeitungsstufe Viertel/_DSC2348_q2.JPG,Zweite Bearbeitungsstufe Viertel,test,DSC2348,quarter_suffix_removed,.jpg,1824,1824,3
img_bb416b707b8bea70,Zweite Bearbeitungsstufe Viertel/_DSC2348_q3.JPG,Zweite Bearbeitungsstufe Viertel,test,DSC2348,quarter_suffix_removed,.jpg,1824,1824,3
img_d42b2d6e2626cbde,Zweite Bearbeitungsstufe Viertel/_DSC2348_q4.JPG,Zweite Bearbeitungsstufe Viertel,test,DSC2348,quarter_suffix_removed,.jpg,1824,1824,3
img_f347abbcbc8bb445,Zweite Bearbeitungsstufe Viertel/_DSC2349_q1.JPG,Zweite Bearbeitungsstufe Viertel,train,DSC2349,quarter_suffix_removed,.jpg,1824,1824,3
img_d4420b5214129384,Zweite Bearbeitungsstufe Viertel/_DSC2349_q2.JPG,Zweite Bearbeitungsstufe Viertel,train,DSC2349,quarter_suffix_removed,.jpg,1824,1824,3
img_4f195c7ff9dbd68c,Zweite Bearbeitungsstufe Viertel/_DSC2349_q3.JPG,Zweite Bearbeitungsstufe Viertel,train,DSC2349,quarter_suffix_removed,.jpg,1824,1824,3
img_bfed4e704f5d6c86,Zweite Bearbeitungsstufe Viertel/_DSC2349_q4.JPG,Zweite Bearbeitungsstufe Viertel,train,DSC2349,quarter_suffix_removed,.jpg,1824,1824,3
img_53a10567124adab9,Zweite Bearbeitungsstufe Viertel/_DSC2351_q1.JPG,Zweite Bearbeitungsstufe Viertel,val,DSC2351,quarter_suffix_removed,.jpg,1824,1824,3
img_48113a7b5a60b658,Zweite Bearbeitungsstufe Viertel/_DSC2351_q2.JPG,Zweite Bearbeitungsstufe Viertel,val,DSC2351,quarter_suffix_removed,.jpg,1824,1824,3
img_247af5e3d14e1b86,Zweite Bearbeitungsstufe Viertel/_DSC2351_q3.JPG,Zweite Bearbeitungsstufe Viertel,val,DSC2351,quarter_suffix_removed,.jpg,1824,1824,3
img_3402dee291cfca95,Zweite Bearbeitungsstufe Viertel/_DSC2351_q4.JPG,Zweite Bearbeitungsstufe Viertel,val,DSC2351,quarter_suffix_removed,.jpg,1824,1824,3
img_e1c0e87c675a15a7,Zweite Bearbeitungsstufe Viertel/_DSC2354_q1.JPG,Zweite Bearbeitungsstufe Viertel,train,DSC2354,quarter_suffix_removed,.jpg,1824,1824,3
img_872dac450009100b,Zweite Bearbeitungsstufe Viertel/_DSC2354_q2.JPG,Zweite Bearbeitungsstufe Viertel,train,DSC2354,quarter_suffix_removed,.jpg,1824,1824,3
img_0ed58061476b4cfb,Zweite Bearbeitungsstufe Viertel/_DSC2354_q3.JPG,Zweite Bearbeitungsstufe Viertel,train,DSC2354,quarter_suffix_removed,.jpg,1824,1824,3
img_6037ffaa5b4db7da,Zweite Bearbeitungsstufe Viertel/_DSC2355_q1.JPG,Zweite Bearbeitungsstufe Viertel,train,DSC2355,quarter_suffix_removed,.jpg,1824,1824,3
img_4cf649fa28c2a72e,Zweite Bearbeitungsstufe Viertel/_DSC2355_q2.JPG,Zweite Bearbeitungsstufe Viertel,train,DSC2355,quarter_suffix_removed,.jpg,1824,1824,3
img_30e6e009db5d7449,Zweite Bearbeitungsstufe Viertel/_DSC2355_q3.JPG,Zweite Bearbeitungsstufe Viertel,train,DSC2355,quarter_suffix_removed,.jpg,1824,1824,3
img_7001995c1a959b48,Zweite Bearbeitungsstufe Viertel/_DSC2355_q4.JPG,Zweite Bearbeitungsstufe Viertel,train,DSC2355,quarter_suffix_removed,.jpg,1824,1824,3
img_dea45020c01f9b73,Zweite Bearbeitungsstufe Viertel/_DSC2356_q1.JPG,Zweite Bearbeitungsstufe Viertel,train,DSC2356,quarter_suffix_removed,.jpg,1824,1824,3
img_4dd166381cc56a83,Zweite Bearbeitungsstufe Viertel/_DSC2356_q2.JPG,Zweite Bearbeitungsstufe Viertel,train,DSC2356,quarter_suffix_removed,.jpg,1824,1824,3
img_0cbfd56d9aede530,Zweite Bearbeitungsstufe Viertel/_DSC2356_q3.JPG,Zweite Bearbeitungsstufe Viertel,train,DSC2356,quarter_suffix_removed,.jpg,1824,1824,3
img_fa46c47fe97de22e,Zweite Bearbeitungsstufe Viertel/_DSC2356_q4.JPG,Zweite Bearbeitungsstufe Viertel,train,DSC2356,quarter_suffix_removed,.jpg,1824,1824,3
img_14a1cbaf491c9f03,Zweite Bearbeitungsstufe Viertel/_DSC2357_q1.JPG,Zweite Bearbeitungsstufe Viertel,train,DSC2357,quarter_suffix_removed,.jpg,1824,1824,3
img_8934ac0f4f558aaa,Zweite Bearbeitungsstufe Viertel/_DSC2357_q2.JPG,Zweite Bearbeitungsstufe Viertel,train,DSC2357,quarter_suffix_removed,.jpg,1824,1824,3
img_ec0c6e30c3228f7f,Zweite Bearbeitungsstufe Viertel/_DSC2357_q3.JPG,Zweite Bearbeitungsstufe Viertel,train,DSC2357,quarter_suffix_removed,.jpg,1824,1824,3
img_cd7eaaa70da5c194,Zweite Bearbeitungsstufe Viertel/_DSC2357_q4.JPG,Zweite Bearbeitungsstufe Viertel,train,DSC2357,quarter_suffix_removed,.jpg,1824,1824,3
img_2739203619250c34,Zweite Bearbeitungsstufe Viertel/_DSC2358_q1.JPG,Zweite Bearbeitungsstufe Viertel,train,DSC2358,quarter_suffix_removed,.jpg,1824,1824,3
img_b58d7a95736f03ef,Zweite Bearbeitungsstufe Viertel/_DSC2358_q4.JPG,Zweite Bearbeitungsstufe Viertel,train,DSC2358,quarter_suffix_removed,.jpg,1824,1824,3
img_5c9af422ca2e0bf4,Zweite Bearbeitungsstufe Viertel/_DSC2359_q1.JPG,Zweite Bearbeitungsstufe Viertel,train,DSC2359,quarter_suffix_removed,.jpg,1824,1824,3
img_2035b6b613a6c99e,Zweite Bearbeitungsstufe Viertel/_DSC2359_q2.JPG,Zweite Bearbeitungsstufe Viertel,train,DSC2359,quarter_suffix_removed,.jpg,1824,1824,3
img_27d03c271c5ad6fb,Zweite Bearbeitungsstufe Viertel/_DSC2359_q3.JPG,Zweite Bearbeitungsstufe Viertel,train,DSC2359,quarter_suffix_removed,.jpg,1824,1824,3
img_7f4aeee471680bed,Zweite Bearbeitungsstufe Viertel/_DSC2359_q4.JPG,Zweite Bearbeitungsstufe Viertel,train,DSC2359,quarter_suffix_removed,.jpg,1824,1824,3
img_7aca6fa4e68a29d0,Zweite Bearbeitungsstufe Viertel/_DSC2360_q1.JPG,Zweite Bearbeitungsstufe Viertel,test,DSC2360,quarter_suffix_removed,.jpg,1824,1824,3
img_82bc4809a642fd15,Zweite Bearbeitungsstufe Viertel/_DSC2360_q2.JPG,Zweite Bearbeitungsstufe Viertel,test,DSC2360,quarter_suffix_removed,.jpg,1824,1824,3
img_592437a3c97c9b37,Zweite Bearbeitungsstufe Viertel/_DSC2360_q3.JPG,Zweite Bearbeitungsstufe Viertel,test,DSC2360,quarter_suffix_removed,.jpg,1824,1824,3
img_10fb01ddfbcff0d9,Zweite Bearbeitungsstufe Viertel/_DSC2360_q4.JPG,Zweite Bearbeitungsstufe Viertel,test,DSC2360,quarter_suffix_removed,.jpg,1824,1824,3
img_b80902abba1c21a4,Zweite Bearbeitungsstufe Viertel/_DSC2361_q1.JPG,Zweite Bearbeitungsstufe Viertel,train,DSC2361,quarter_suffix_removed,.jpg,1824,1824,3
img_603ffffce66e722d,Zweite Bearbeitungsstufe Viertel/_DSC2361_q2.JPG,Zweite Bearbeitungsstufe Viertel,train,DSC2361,quarter_suffix_removed,.jpg,1824,1824,3
img_d5d1758781e149b0,Zweite Bearbeitungsstufe Viertel/_DSC2361_q3.JPG,Zweite Bearbeitungsstufe Viertel,train,DSC2361,quarter_suffix_removed,.jpg,1824,1824,3
img_8d1d3952cc6ebf77,Zweite Bearbeitungsstufe Viertel/_DSC2361_q4.JPG,Zweite Bearbeitungsstufe Viertel,train,DSC2361,quarter_suffix_removed,.jpg,1824,1824,3
img_83d53640bc07dc5e,Zweite Bearbeitungsstufe Viertel/_DSC2362_q1.JPG,Zweite Bearbeitungsstufe Viertel,val,DSC2362,quarter_suffix_removed,.jpg,1824,1824,3
img_04e17a7d8ec9d148,Zweite Bearbeitungsstufe Viertel/_DSC2362_q2.JPG,Zweite Bearbeitungsstufe Viertel,val,DSC2362,quarter_suffix_removed,.jpg,1824,1824,3
img_aa1011c418c12946,Zweite Bearbeitungsstufe Viertel/_DSC2362_q3.JPG,Zweite Bearbeitungsstufe Viertel,val,DSC2362,quarter_suffix_removed,.jpg,1824,1824,3
img_978a14d2e3b1a4e5,Zweite Bearbeitungsstufe Viertel/_DSC2362_q4.JPG,Zweite Bearbeitungsstufe Viertel,val,DSC2362,quarter_suffix_removed,.jpg,1824,1824,3
img_1b3c7c15a2a5b78a,Zweite Bearbeitungsstufe Viertel/_DSC2363_q1.JPG,Zweite Bearbeitungsstufe Viertel,train,DSC2363,quarter_suffix_removed,.jpg,1824,1824,3
img_cd2c84495964271f,Zweite Bearbeitungsstufe Viertel/_DSC2363_q2.JPG,Zweite Bearbeitungsstufe Viertel,train,DSC2363,quarter_suffix_removed,.jpg,1824,1824,3
img_b742f2c0f5037854,Zweite Bearbeitungsstufe Viertel/_DSC2363_q3.JPG,Zweite Bearbeitungsstufe Viertel,train,DSC2363,quarter_suffix_removed,.jpg,1824,1824,3
img_5bec2604580171cf,Zweite Bearbeitungsstufe Viertel/_DSC2364_q1.JPG,Zweite Bearbeitungsstufe Viertel,train,DSC2364,quarter_suffix_removed,.jpg,1824,1824,3
img_2562a7e8da8e8dd6,Zweite Bearbeitungsstufe Viertel/_DSC2364_q2.JPG,Zweite Bearbeitungsstufe Viertel,train,DSC2364,quarter_suffix_removed,.jpg,1824,1824,3
img_0323fe07da60d2f5,Zweite Bearbeitungsstufe Viertel/_DSC2364_q3.JPG,Zweite Bearbeitungsstufe Viertel,train,DSC2364,quarter_suffix_removed,.jpg,1824,1824,3
img_396b389c8fd3ea08,Zweite Bearbeitungsstufe Viertel/_DSC2364_q4.JPG,Zweite Bearbeitungsstufe Viertel,train,DSC2364,quarter_suffix_removed,.jpg,1824,1824,3
img_b339e25347e10681,Zweite Bearbeitungsstufe Viertel/_DSC2365_q2.JPG,Zweite Bearbeitungsstufe Viertel,test,DSC2365,quarter_suffix_removed,.jpg,1824,1824,3
img_8c576fffd7a5677a,Zweite Bearbeitungsstufe Viertel/_DSC2365_q3.JPG,Zweite Bearbeitungsstufe Viertel,test,DSC2365,quarter_suffix_removed,.jpg,1824,1824,3
img_9cd3421a89fa6ae6,Zweite Bearbeitungsstufe Viertel/_DSC2365_q4.JPG,Zweite Bearbeitungsstufe Viertel,test,DSC2365,quarter_suffix_removed,.jpg,1824,1824,3
img_d59cce07bff909f0,Zweite Bearbeitungsstufe Viertel/_DSC2366_q2.JPG,Zweite Bearbeitungsstufe Viertel,train,DSC2366,quarter_suffix_removed,.jpg,1824,1824,3
img_80e57f7ec70e978d,Zweite Bearbeitungsstufe Viertel/_DSC2366_q3.JPG,Zweite Bearbeitungsstufe Viertel,train,DSC2366,quarter_suffix_removed,.jpg,1824,1824,3
img_3f2437b7c0a539cb,Zweite Bearbeitungsstufe Viertel/_DSC2366_q4.JPG,Zweite Bearbeitungsstufe Viertel,train,DSC2366,quarter_suffix_removed,.jpg,1824,1824,3
img_e282a41d90077123,Zweite Bearbeitungsstufe Viertel/_DSC2367_q1.JPG,Zweite Bearbeitungsstufe Viertel,val,DSC2367,quarter_suffix_removed,.jpg,1824,1824,3
img_44937b4f1b43350f,Zweite Bearbeitungsstufe Viertel/_DSC2367_q2.JPG,Zweite Bearbeitungsstufe Viertel,val,DSC2367,quarter_suffix_removed,.jpg,1824,1824,3
img_1a711c13de48b056,Zweite Bearbeitungsstufe Viertel/_DSC2367_q3.JPG,Zweite Bearbeitungsstufe Viertel,val,DSC2367,quarter_suffix_removed,.jpg,1824,1824,3
img_4f7704133e687141,Zweite Bearbeitungsstufe Viertel/_DSC2368_q1.JPG,Zweite Bearbeitungsstufe Viertel,train,DSC2368,quarter_suffix_removed,.jpg,1824,1824,3
img_596f028e789324a6,Zweite Bearbeitungsstufe Viertel/_DSC2368_q2.JPG,Zweite Bearbeitungsstufe Viertel,train,DSC2368,quarter_suffix_removed,.jpg,1824,1824,3
img_988ec1e5fa802a84,Zweite Bearbeitungsstufe Viertel/_DSC2368_q3.JPG,Zweite Bearbeitungsstufe Viertel,train,DSC2368,quarter_suffix_removed,.jpg,1824,1824,3
img_029a09fc0c1fad90,Zweite Bearbeitungsstufe Viertel/_DSC2369_q1.JPG,Zweite Bearbeitungsstufe Viertel,train,DSC2369,quarter_suffix_removed,.jpg,1824,1824,3
img_c3d00df013298f85,Zweite Bearbeitungsstufe Viertel/_DSC2369_q2.JPG,Zweite Bearbeitungsstufe Viertel,train,DSC2369,quarter_suffix_removed,.jpg,1824,1824,3
img_a8878fdba544c120,Zweite Bearbeitungsstufe Viertel/_DSC2369_q3.JPG,Zweite Bearbeitungsstufe Viertel,train,DSC2369,quarter_suffix_removed,.jpg,1824,1824,3
img_14b90310ef1b83a9,Zweite Bearbeitungsstufe Viertel/_DSC2369_q4.JPG,Zweite Bearbeitungsstufe Viertel,train,DSC2369,quarter_suffix_removed,.jpg,1824,1824,3
img_a57db7d19b60794d,Zweite Bearbeitungsstufe Viertel/_DSC2370_q2.JPG,Zweite Bearbeitungsstufe Viertel,test,DSC2370,quarter_suffix_removed,.jpg,1824,1824,3
img_c7bf20dc16890dd4,Zweite Bearbeitungsstufe Viertel/_DSC2370_q3.JPG,Zweite Bearbeitungsstufe Viertel,test,DSC2370,quarter_suffix_removed,.jpg,1824,1824,3
img_03873b43f0c41b7d,Zweite Bearbeitungsstufe Viertel/_DSC2371_q2.JPG,Zweite Bearbeitungsstufe Viertel,train,DSC2371,quarter_suffix_removed,.jpg,1824,1824,3
img_fd942f36211205a3,Zweite Bearbeitungsstufe Viertel/_DSC2371_q4.JPG,Zweite Bearbeitungsstufe Viertel,train,DSC2371,quarter_suffix_removed,.jpg,1824,1824,3
img_a12820ca4c396a5e,Zweite Bearbeitungsstufe Viertel/_DSC2372_q1.JPG,Zweite Bearbeitungsstufe Viertel,train,DSC2372,quarter_suffix_removed,.jpg,1824,1824,3
img_6e4cd57473de287d,Zweite Bearbeitungsstufe Viertel/_DSC2372_q2.JPG,Zweite Bearbeitungsstufe Viertel,train,DSC2372,quarter_suffix_removed,.jpg,1824,1824,3
img_250bbf7977e3291a,Zweite Bearbeitungsstufe Viertel/_DSC2372_q3.JPG,Zweite Bearbeitungsstufe Viertel,train,DSC2372,quarter_suffix_removed,.jpg,1824,1824,3
img_b14dab7592330c87,Zweite Bearbeitungsstufe Viertel/_DSC2372_q4.JPG,Zweite Bearbeitungsstufe Viertel,train,DSC2372,quarter_suffix_removed,.jpg,1824,1824,3
